ply
format ascii 1.0
element vertex 1961
property float x
property float y
property float z
element face 3792
property list uchar int vertex_indices
end_header
-0.08012065085248754 -1.380736428599018 0.4311249553897154
-0.097739841506222683 -1.3155018675452004 0.39858454481360828
-0.096006267755600366 -1.316421712896763 0.39596639982127158
-0.093926262498156457 -1.3172881862148922 0.39359387324947415
-0.091535375483487377 -1.3180864303910651 0.39150759667972795
-0.08887452163790098 -1.3188027761263199 0.38974328542838954
-0.085989249768545467 -1.3194249661994444 0.38833113168320754
-0.08292895033330118 -1.3199423611769645 0.38729529118600342
-0.079746003715692168 -1.320346118401897 0.38665347408432688
-0.076494881216117527 -1.3206293407994691 0.38641664615284388
-0.073231212892712533 -1.3207871929562467 0.38658884478773281
-0.070010837237465762 -1.3208169825028142 0.38716711251742408
-0.066888848156000186 -1.3207182054037634 0.38814154900225006
-0.063918654905527991 -1.3204925543428654 0.38949548066245732
-0.061151070566759759 -1.3201438899831961 0.39120574521800866
-0.05863344429722249 -1.3196781754806404 0.39324308656900875
-0.05640885203515459 -1.3191033752348307 0.39557265361241362
-0.05451535948769045 -1.3184293194681904 0.39815459480817639
-0.052985370138920976 -1.3176675368217341 0.40094473861337787
-0.051845069655171432 -1.3168310577322746 0.40389534834015484
-0.051113976461957894 -1.3159341918936109 0.40695593860902751
-0.050804606446865852 -1.3149922835887158 0.41007413940680115
-0.050922257744565318 -1.314021449096046 0.41319659285463567
-0.051464919432409738 -1.3130383007086921 0.41626986717382125
-0.052423305759892881 -1.3120596621517084 0.41924137201936035
-0.053781015306006527 -1.3111022803355941 0.4220602593379813
-0.055514812255725 -1.3101825384412293 0.4246782941905502
-0.057595024855497723 -1.3093161752953546 0.4270506805434463
-0.059986054084895712 -1.3085180158704894 0.4291368278594011
-0.062646983700644712 -1.3078017175338559 0.43090104538128016
-0.065532281094605849 -1.3071795363834635 0.43231315227919065
-0.068592576882011591 -1.3066621176521924 0.43334899329792298
-0.071775509820380015 -1.3062583137392165 0.43399085117424241
-0.075026622571886969 -1.3059750329495146 0.43422774886789173
-0.078290292981119433 -1.3058171214938408 0.4340556365387645
-0.081510684962184818 -1.3057872807320869 0.43347746017585259
-0.084632702787116973 -1.3058860210420815 0.43250311080589543
-0.087602932548223295 -1.3061116530746362 0.43114925524319914
-0.090370554830468533 -1.3064603165261734 0.42943905134742993
-0.092888213168048531 -1.306926045934895 0.42740175269270808
-0.095112823657544282 -1.3075008723978929 0.42507220938339718
-0.097006312139007775 -1.3081749595273058 0.4224902734456879
-0.098536266609625764 -1.3089367714256328 0.41970011874667246
-0.099676493965275142 -1.3097732699743656 0.41674948671441642
-0.10040747173326789 -1.3106701383053125 0.41368887023569872
-0.10071668716628325 -1.311612026979063 0.41057064898932383
-0.1005988578384498 -1.312582819142516 0.4074481900778828
-0.10005602846213134 -1.3135659104014139 0.40437492822600724
-0.099097535751695803 -1.3145444969629017 0.40140344180234233
-0.097739844075445698 -1.3155018672083714 0.39858454318465869
-0.1153906083470754 -1.2502518608635429 0.36609724676325128
-0.11193056346124124 -1.2520926851124159 0.36085623997608351
-0.10777697255816586 -1.2538270819231263 0.35610563437344978
-0.10300081528792537 -1.2554253037952083 0.35192679269944654
-0.097683818482072859 -1.2568599728546317 0.34839126116684832
-0.09191699741427295 -1.258106531864557 0.34555955115841697
-0.085799072084539033 -1.2591436567196694 0.34348010927790273
-0.079434764017427731 -1.2599536154933135 0.34218849585378391
-0.07293299805790833 -1.2605225671803435 0.34170678420447315
-0.066405037350772897 -1.2608407949769536 0.34204318957698243
-0.059962581474918925 -1.2609028700643228 0.34319193340412296
-0.053715858762150584 -1.2607077430338229 0.34513334495078196
-0.047771744255259471 -1.2602587612881588 0.34783419869862181
-0.042231934624568875 -1.2595636119584908 0.35124828205308151
-0.037191210704561564 -1.2586341910976311 0.35531718419188524
-0.032735817135641068 -1.2574864011403959 0.35997129315786597
-0.028941986881733897 -1.2561398798584584 0.36513098468761379
-0.02587463613788835 -1.2546176652492531 0.37070798285166112
-0.023586252351865053 -1.2529458019618962 0.37660686945182931
-0.022115994801815166 -1.2511528959410052 0.38272671637760941
-0.02148902346920924 -1.2492696249279014 0.38896281285307649
-0.021716067909888063 -1.2473282132716712 0.39520845777538421
-0.022793243565569703 -1.2453618801458282 0.4013567861997544
-0.024702118582174977 -1.2434042707274884 0.40730259847896966
-0.02741002981518913 -1.2414888801701103 0.41294416060881728
-0.030870642398752018 -1.2396484802901533 0.41818494493574582
-0.035024743109845005 -1.2379145588008917 0.4229352815074921
-0.039801253827202183 -1.2363167806745363 0.42711389194755184
-0.045118447712261547 -1.2348824808081222 0.43064927976585765
-0.05088534735833769 -1.2336361966208726 0.43348095344623433
-0.057003281098806514 -1.2325992485295454 0.43556046144513133
-0.063367570970385187 -1.2317893754416125 0.43685222137209517
-0.069869323538628028 -1.2312204314813799 0.43733412907514252
-0.076397292963180083 -1.2309021491295082 0.43699793708215018
-0.08283978436302844 -1.2308399728259229 0.43584939581428234
-0.089086564792816375 -1.231034965875726 0.43390815510688996
-0.095030748997091408 -1.2314837922321249 0.43120742777219351
-0.10057062758990878 -1.2321787734368765 0.42779342110877405
-0.1056114064039637 -1.2331080197088544 0.4237245463033491
-0.11006682743112042 -1.2342556329164658 0.41907041947829315
-0.1138606439821184 -1.2356019779806076 0.41391067163116479
-0.1169279253636881 -1.2371240181606373 0.40833358781800494
-0.11921616942300801 -1.238795708702872 0.40243459858221214
-0.12068620459461241 -1.2405884424913571 0.39631464876108752
-0.12131286642029618 -1.2424715406197633 0.39007847042724869
-0.12108543738183958 -1.2444127803382936 0.38383278799326626
-0.12000784581636827 -1.2463789536380436 0.37768448373611924
-0.11809862520060783 -1.2483364516256659 0.37173874855507544
-0.11539060930171602 -1.2502518602672668 0.36609724596366611
-0.13302933350334209 -1.1850070797389269 0.33359370135137673
-0.12784104535012702 -1.1877688220527725 0.32573113718338426
-0.12161229617859215 -1.1903710264943783 0.31860395772495415
-0.11444946354579352 -1.1927690156577073 0.31233427292127558
-0.10647511928990189 -1.1949216996404957 0.30702943987736836
-0.097825776448827895 -1.1967922201134642 0.30278026524799856
-0.08864951263280979 -1.1983485681042518 0.29965946086740985
-0.079103416748006194 -1.1995641244517192 0.29772040840684344
-0.069350891403536508 -1.2004181096057414 0.29699625526838458
-0.059558853689131094 -1.2008959348634491 0.29749935559194141
-0.049894879763067383 -1.2009894488844 0.29922106515942004
-0.040524340298961521 -1.2006970751261623 0.30213189346215436
-0.031607574456841286 -1.2000238377094294 0.30618201043252852
-0.023297149767413004 -1.1989812750798181 0.31130209955947408
-0.015735254240113274 -1.1975872426932392 0.3174045433711144
-0.0090512651342438376 -1.1958656078262 0.32438492162359128
-0.0033595361414281329 -1.1938458414863806 0.33212379707721218
0.0012425587940019882 -1.1915625142334501 0.34048875860512329
0.004676291112387823 -1.1890547044647184 0.34933668671849205
0.0068829238755789678 -1.1863653293215284 0.358516202553953
0.0078247153945568398 -1.1835404097806763 0.36787025807992302
0.007485563138828053 -1.1806282826693562 0.37723882282888083
0.005871277201185258 -1.1776787732554488 0.38646162089982533
0.0030094790852702299 -1.1747423427019215 0.39538087130275318
-0.0010508719616929183 -1.1718692250358897 0.40384398490075607
-0.0062403165633596273 -1.1691085683782054 0.41170617218260236
-0.01247008224386229 -1.1665075950273045 0.41883291779316889
-0.01963359963991038 -1.1641107946115492 0.4251022800845296
-0.027608322321746721 -1.1619591639370033 0.43040697686376356
-0.03625781969216979 -1.1600895063770158 0.43465622196007697
-0.045434107882353414 -1.1585338026855261 0.4377772811932138
-0.05498017946060911 -1.1573186639705535 0.43971672078875956
-0.06473268917799789 -1.156464876239266 0.44044132625354554
-0.074524749985984087 -1.1559870444232003 0.43993867517954932
-0.084188791289745199 -1.1558933421205058 0.43821735334733281
-0.093559429970359917 -1.1561853714706589 0.43530680976509251
-0.10247630423169288 -1.156858135638783 0.4312568527771386
-0.11078682088239092 -1.1579001243778178 0.42613679593309139
-0.11834876827532495 -1.1592935111140934 0.42003426872239419
-0.1250327497582947 -1.1610144580275505 0.41305371334089241
-0.13072439604751571 -1.1630335237333274 0.40531459418169674
-0.13532631930190286 -1.1653161664763438 0.39694935158873124
-0.1387597767342687 -1.1678233342869275 0.38810113545724712
-0.14096601712550427 -1.1705121323649055 0.37892135734773613
-0.14190728899040048 -1.1733365570097654 0.36956710176052676
-0.14156749387508699 -1.1762482845330704 0.36019843848078936
-0.13995247774370936 -1.1791975043446266 0.35097567874708702
-0.13708998746955842 -1.182133797372358 0.34205660904649554
-0.13302933384321916 -1.1850070796302925 0.33359370106416097
-0.15066473953104703 -1.1197630574735438 0.30108712230638363
-0.14374817744396315 -1.1234458902181215 0.29060309126176703
-0.13544428285941565 -1.1269161021008394 0.28109941050624299
-0.12589473866482279 -1.1301140229254645 0.27273899915781363
-0.1152629689522205 -1.1329848355287169 0.26566504261414592
-0.10373100616204188 -1.1354793757817578 0.25999864707164211
-0.091496305920300974 -1.137554945772304 0.25583679222101302
-0.078768344897382658 -1.1391760366158019 0.2532506810504187
-0.06576502392671478 -1.1403149304322377 0.25228453083908314
-0.052708933450177582 -1.1409521702641336 0.25295482524335888
-0.03982354274735414 -1.1410768895805126 0.25525003968561533
-0.027329376573656684 -1.1406869954421708 0.25913084464788155
-0.015440243599267069 -1.1397892020749198 0.26453078337646846
-0.0043595804562285064 -1.1383989141918636 0.27135741253084256
0.0057230264970300725 -1.1365399619319545 0.27949388654914004
0.01463508232670061 -1.1342441917938162 0.28880095895539631
0.022224132034267822 -1.131550920437016 0.29911936659569383
0.028360365756061101 -1.1285062606446037 0.31027255603754983
0.032938835883393934 -1.1251623310219816 0.32206970529516488
0.035881248133510048 -1.1215763630787734 0.33430898883284987
0.037137296132995781 -1.1178097211473812 0.34678102958983853
0.036685517139679207 -1.1139268520882832 0.35927247865789713
0.034533654922973583 -1.109994182892414 0.37156966127141766
0.030718524342900445 -1.1060789851017914 0.38346222693645415
0.025305380628077145 -1.102248225430924 0.39474674178573893
0.018386804605894046 -1.098567422098681 0.40523016252940069
0.010081123056347627 -1.0950995261894869 0.41473313358364883
0.00053039086566279735 -1.0919038468791726 0.42309305200685948
-0.010102031301541385 -1.0890350386077734 0.43016684867363669
-0.021634263547627319 -1.0865421672757909 0.43583343860655621
-0.033869011213079669 -1.0844678712948184 0.43999579853059095
-0.04659693550945368 -1.0828476318416882 0.44258263550850119
-0.059600233700979333 -1.0817091649456934 0.44354961696140616
-0.072656368100347327 -1.0810719460793725 0.44288013948543486
-0.085541879900907405 -1.0809468757273477 0.4405856216188358
-0.098036221681189487 -1.0813360919909856 0.43670531402431922
-0.10992554147528966 -1.0822329336837317 0.43130562928745353
-0.12100635176421766 -1.0836220546396844 0.42447900247821779
-0.13108901870454845 -1.085479687173964 0.41634230249621951
-0.1400010103749447 -1.0877740498900723 0.40703482270327196
-0.14758984768942635 -1.0904658924241379 0.39671588712565431
-0.15372570773973274 -1.0935091673466775 0.38556211532798568
-0.15830363656433227 -1.0968518174219579 0.37376439472883666
-0.16124533660675061 -1.1004366649062021 0.36152461338513231
-0.16250050277667094 -1.1042023886441823 0.34905220861792829
-0.16204768778616252 -1.1080845739829357 0.33656058714021014
-0.15989468329627024 -1.1120168198721745 0.32426347238825348
-0.15607844507026486 -1.115931900601322 0.31237122769686204
-0.15066473969321892 -1.1197630574547288 0.30108712214948646
-0.16829840850800665 -1.0545190627485437 0.2685796673447049
-0.15965374798719087 -1.0591231352440496 0.25547411037275269
-0.14927490977205385 -1.0634615399218001 0.24359382434009125
-0.1373388198827018 -1.0674595778833349 0.23314257319721216
-0.12404972135700655 -1.071048668500985 0.22429941479281662
-0.10963517728176783 -1.0741673298219707 0.21721577213397533
-0.094342041604308341 -1.0767621709842834 0.21201289923902264
-0.078432199769743097 -1.0787887927046547 0.20877982161999553
-0.062178070775076519 -1.0802125407677057 0.20757182324588311
-0.045857936168856632 -1.0810090947402009 0.2084095096590016
-0.029751172556281191 -1.0811648806084888 0.21127846392788066
-0.014133467939857125 -1.0806772993897402 0.21612950202846212
0.00072789646935417771 -1.0795547676133321 0.22287952321394372
0.014578618319237461 -1.0778165691390753 0.23141294036483154
0.027181721992676048 -1.0754925210500923 0.24158366540040449
0.038321608094115153 -1.0726224595060538 0.2532176154187224
0.04780773547861062 -1.0692555545147504 0.26611569633954901
0.0554778731226995 -1.0654494655263891 0.28005721262924893
0.061200866641967958 -1.0612693524942196 0.29480364439917373
0.064878872740465957 -1.0567867595068947 0.31010272696094782
0.066449024137701221 -1.0520783902322617 0.32569276291180099
0.065884497360022304 -1.0472247961876109 0.34130709308257789
0.06319496600280676 -1.0423090002455762 0.35667865024689666
0.058426432482791307 -1.037415078789701 0.37154451836963054
0.051660441716243059 -1.0326267265410618 0.38565042035010816
0.043012690405289725 -1.0280258282897463 0.39875505864594396
0.032631055538366815 -1.0236910615917756 0.41063423578409652
0.020693075163138362 -1.0196965539435878 0.42108468548338923
0.007402923380464394 -1.0161106170464989 0.4299275498378014
-0.0070120702523890207 -1.0129945795395781 0.43701144364120353
-0.022305299175866811 -1.0104017380325863 0.44221505339930145
-0.038215091600989633 -1.0083764444237864 0.44544922582320978
-0.054469185052883715 -1.006953345347694 0.44665850861377798
-0.070789388016830615 -1.0061567871668053 0.44582211512081177
-0.086896348930035297 -1.0060003972018916 0.44295429399241804
-0.10251434990298951 -1.0064868488993239 0.43810409516564852
-0.11737604115640919 -1.0076078153920542 0.43135453437410748
-0.1312270324561533 -1.0093441124812328 0.42282116954214261
-0.14383025999727478 -1.0116660285357568 0.41265011367510129
-0.15497005130491409 -1.0145338352913895 0.40101551974419308
-0.16445581671577023 -1.0178984701573304 0.38811658316586306
-0.1721253036972982 -1.0217023775379988 0.37417411640905368
-0.17784735949431477 -1.0258804940015724 0.35942675774864413
-0.18152415848159706 -1.0303613601259796 0.34412688194484209
-0.1830928632508127 -1.0350683409508663 0.32853628391247502
-0.18252670047560063 -1.039920937189353 0.3129217058424501
-0.17983543790416026 -1.0448361690844532 0.29755027468148332
-0.17506527493204146 -1.0497300225081141 0.28268491090297204
-0.16829840859635467 -1.054519062755189 0.26857966723798471
-0.18593095758295208 -0.98927492875618228 0.23607191849288711
-0.175558348906874 -0.99480033702191417 0.22034477254875592
-0.163104752939011 -1.0000070689210949 0.20608777044684926
-0.14878230726878452 -1.0048053866568345 0.1935455275986333
-0.13283601810057513 -1.0091129044298901 0.18293302343298781
-0.11553896435664725 -1.012855792289546 0.1744320383286532
-0.097187416652415454 -1.0159699598425689 0.16818811154892682
-0.078095691963447553 -1.0184021187941683 0.16430809032566818
-0.058590747726358208 -1.0201106828865245 0.16285831956532856
-0.039006573145651091 -1.0210664743704325 0.16386351772332916
-0.019678464369205968 -1.0212532198818691 0.16730636354182291
-0.00093727965274610463 -1.0206678244265965 0.17312780409299075
0.016896226147873387 -1.0193204181094837 0.18122807928226803
0.033516889694398734 -1.0172341753373468 0.19146844393581472
0.048640355642016062 -1.0144449104116726 0.20367355626771691
0.062007932583322205 -1.0110004571972984 0.21763449030470802
0.073391006259349675 -1.0069598441215504 0.23311231950019462
0.082594935787436249 -1.0023922791263991 0.24984220937402229
0.08946236773901374 -0.99737596229165848 0.26753794873821257
0.093875912936729228 -0.99199674661307857 0.28589684203498084
0.095760141641622998 -0.98634666982112673 0.30460487959117682
0.09508286421434034 -0.98052238215416909 0.32334209821948212
0.091855676206287346 -0.97462349663632886 0.34178804161141774
0.086133759030401685 -0.96875088964401757 0.35962722841347283
0.078014939699970184 -0.96300498034977777 0.37655453579981374
0.0676380254220664 -0.95748401798968241 0.39228040777887374
0.055180440867398248 -0.95228240579241696 0.4065358003837854
0.040855207501939106 -0.94748908983344626 0.41907678024275419
0.024907315255117413 -0.94318604004447071 0.42968869869857157
0.0076095468643111288 -0.93944684914137333 0.43818987051480535
-0.010742175632504243 -0.93633547336260181 0.44443469412843273
-0.029833844648088068 -0.93390513666515662 0.44831615926607354
-0.049338736340281047 -0.9321974174310711 0.4497676974518573
-0.068923004758756456 -0.9312415338087684 0.44876434145917443
-0.088251405374944525 -0.93105384055978035 0.44532317107977332
-0.10699304913416449 -0.93163754671303378 0.4395030346782724
-0.12482708640689189 -0.93298265947102621 0.43140354877835263
-0.14144822036439622 -0.93506615571769269 0.42116339121005791
-0.15657195161982382 -0.93785237823537615 0.40895791680396187
-0.16993946062031653 -0.94129364947443306 0.39499613780557208
-0.18132204124277146 -0.94533109158572382 0.37951712356860523
-0.19052500814206555 -0.94989563758295648 0.36278588515019738
-0.1973910113826513 -0.95490921511769811 0.34508881978894812
-0.20180270487181234 -0.96028608170261975 0.32672879763095736
-0.20368473112806279 -0.96593428899820688 0.30801997782205348
-0.20300500395719609 -0.97175725506004207 0.28928244080861371
-0.19977528378845366 -0.97765542621463075 0.27083671572302342
-0.19405105122213673 -0.98352801538711587 0.25299826957780441
-0.18593095763389594 -0.98927492877162737 0.23607191841020833
-0.20356274213136702 -0.92403062476247411 0.20356407603493107
-0.1914622790131443 -0.93047742025126001 0.18521529894461189
-0.17693406383807322 -0.93655256789837316 0.16858149369867181
-0.16022542189914515 -0.94215128808752469 0.15394812562296686
-0.14162207761557943 -0.94717736308774891 0.14156612670908539
-0.12144259614549854 -0.95154458068640269 0.13164768007344416
-0.10003266895720088 -0.9551781331402649 0.12436263589817027
-0.077759065005852446 -0.95801584177956056 0.11983566600610246
-0.055003300489488004 -0.96000919306493393 0.11814416969269201
-0.032155088363507348 -0.96112415915237059 0.11931696778229017
-0.0096056553248516207 -0.96134177616099126 0.12333382175976335
0.012258964676092764 -0.96065846317396197 0.13012579542010239
0.033064543451607406 -0.95908607448324412 0.13957645499333776
0.052455062202531634 -0.95665168509812981 0.15152388485057133
0.070098795195217889 -0.95339711494006962 0.16576348070237515
0.085693970152174281 -0.94937820149591412 0.18205146929338378
0.098973910452472239 -0.94466383463400738 0.20010909207094688
0.10971157378283827 -0.93933477094968332 0.21962737997004822
0.11772341243946242 -0.93348224836597937 0.2402724373753424
0.12287249191364952 -0.92720642472981341 0.26169114555705231
0.12507081657740046 -0.92061466679783532 0.28351718945530952
0.12428082412580614 -0.9138197182924549 0.30537730663362567
0.12051602386031876 -0.90693777761531791 0.32689765359544309
0.11384076781720179 -0.90008651730293665 0.34771018256065794
0.10436915800114768 -0.89338307834950803 0.36745892135228986
0.092263107367868302 -0.88694207305966477 0.38580605035601012
0.077729586423579772 -0.88087363008209518 0.4024376736415714
0.061017101074281412 -0.87528151469223436 0.41706918625623463
0.04241146036870648 -0.8702613562388839 0.42945014632046236
0.022230904775250412 -0.86589901296690941 0.4393685687012715
0.00082067644042589487 -0.86226910221994424 0.44665456650821478
-0.021452877616558588 -0.85943372136125051 0.45118327724437723
-0.044208570260430305 -0.85744138167421946 0.45287702198589763
-0.067056901058142798 -0.85632617405122324 0.45170665834759333
-0.089606733930209986 -0.85610718147341958 0.4476921011695964
-0.11147201063306064 -0.85678814913995405 0.44090199880550518
-0.13227838307838349 -0.85835741864427229 0.43145256754854361
-0.15166964757777185 -0.86078812786312642 0.41950560196457859
-0.16931386657061159 -0.86403867330362749 0.40526569441115179
-0.18490906849779309 -0.86805342667554442 0.3889767123615247
-0.1981884242976937 -0.87276369258787523 0.37091759672081348
-0.20892480936337304 -0.87808888969517707 0.35139755748607249
-0.21693467237243461 -0.88393793352210559 0.33075075433383577
-0.22208114712204072 -0.89021079582991725 0.30933055872177556
-0.22427636172558107 -0.89680021349940409 0.28750350043485134
-0.22348292448241819 -0.90359352155091888 0.26564300270977476
-0.21971459332722443 -0.91047459200240888 0.24412299939707327
-0.21303614886645547 -0.91732587041247582 0.22331150283314805
-0.20356274216084749 -0.92403062478112996 0.20356407596536347
-0.2211940156618882 -0.85878616658929385 0.17105620641650049
-0.20736574323398177 -0.86615437006541995 0.15008577688537839
-0.19076299756700799 -0.87309798410249573 0.13107511074269992
-0.17166827367315599 -0.87949718751565775 0.11435051905973467
-0.15040798579713716 -0.88524191918127026 0.1001988994606593
-0.12734615639868463 -0.89023355950112137 0.08886287125559203
-0.10287788783965186 -0.89438655857176563 0.080536630177822366
-0.077422412619536737 -0.897629836962473 0.075362687554266006
-0.05141582452510024 -0.89990795580175853 0.073429494133889772
-0.02530357643927731 -0.90118204480969066 0.07476996167990807
0.00046716393686114865 -0.90143045955722201 0.079360919726105733
0.025455182718429718 -0.90064914384468886 0.087123533574009052
0.04923277984815002 -0.89885168631732704 0.097924682009384117
0.071393086994341576 -0.89606907128274371 0.11157926824463439
0.091557016653217499 -0.89234913075755362 0.12785341890106458
0.10937972501182001 -0.88775570973080431 0.1464685112584013
0.12455648133977913 -0.88236756081821799 0.16710595651210439
0.13682784772383602 -0.87627698834396961 0.18941265567616436
0.14598408484879433 -0.86958826546355028 0.21300703495799342
0.15186871222973933 -0.86241585120392772 0.23748555892887918
0.15438116477101865 -0.85488243722421697 0.26242961264029702
0.15347850175120673 -0.84711685667890047 0.2874126380355857
0.1491761392996962 -0.83925188977244003 0.31200740567970087
0.1415475930778404 -0.8314220023780069 0.33579330014271747
0.13072323405645139 -0.8237610553838689 0.35836349651976712
0.11688807675074707 -0.81640002315541671 0.37933190673098371
0.10027863569865669 -0.80946475959246744 0.3983397775377282
0.081178901963352007 -0.80307384967833639 0.41506182765579996
0.059915506625969756 -0.7973365831513628 0.42921181886601828
0.036852152246076228 -0.79235108499869555 0.44054746542445478
0.012383405847646687 -0.78820263492856668 0.44887459711824024
-0.0130720420509146 -0.78496220488205948 0.45405050370471628
-0.039078538577128313 -0.78268524006884843 0.45598640196378265
-0.065190928486677985 -0.78141070501035992 0.45464898096939854
-0.090962185847306337 -0.78116041169275052 0.45006099633612195
-0.11595108626876037 -0.78193864219790699 0.44230090004626699
-0.13972978645739675 -0.78373207311845172 0.43150150898259465
-0.16189117802202133 -0.78651000371077562 0.41784773237282713
-0.18205588515279367 -0.79022488417398962 0.40157339576778611
-0.19987878135263926 -0.79481313478837001 0.38295721649638392
-0.2150549089843547 -0.80019624108085119 0.3623180021472801
-0.22732469689760845 -0.80628210490955399 0.34000915879162646
-0.23647838543382352 -0.81296662656939023 0.31641260873181759
-0.24235958436469554 -0.82013548893423316 0.29193222815361447
-0.24486790893292812 -0.82766611190472628 0.26698692294099557
-0.24396066747967685 -0.83542974653223212 0.24200346413611548
-0.23965361664837873 -0.84329368872870569 0.21740919386696239
-0.23202083745924848 -0.85112361450823171 0.19362467360296884
-0.22119401567794655 -0.85878616660898621 0.17105620635471813
-0.23882496793495545 -0.79354158340643566 0.13854832126575056
-0.22326890612562034 -0.80183120132815378 0.11495622927788653
-0.20459167537626763 -0.809643303304597 0.093568671449707153
-0.18311093705996626 -0.81684303230853905 0.074752796339233041
-0.15919378538490389 -0.82330648638291537 0.058831463945163885
-0.13324967690530393 -0.82892262483128776 0.046077748374579994
-0.1057231065302567 -0.83359513085620918 0.036710225365832322
-0.07708577160357287 -0.83724400600505366 0.030889271506957552
-0.047828358336191007 -0.83980688225024214 0.028714393970048439
-0.018452075350168427 -0.84124005339055108 0.030222585323027403
0.010539958473963442 -0.84151920515775402 0.035387727093870197
0.038651345949327162 -0.84063981721694814 0.044121069925280108
0.065400917408906328 -0.83861722225359936 0.056272791855761478
0.090330960920086245 -0.83548632120550159 0.071634605827271047
0.11301503475489909 -0.83130096286542277 0.089943364737500003
0.13306523093993322 -0.82613300188291439 0.1108855957870797
0.15013877054417052 -0.82007105367042676 0.13410288239179188
0.16394382375993904 -0.81321896877830846 0.15919800006196205
0.17424446092926704 -0.80569405311459763 0.18574170206478097
0.18086465456415288 -0.79762506393278487 0.21328004136341638
0.18369126715845485 -0.78915001475802338 0.24134210731810829
0.18267597522645679 -0.78041382533239489 0.26944804903006053
0.17783609655648824 -0.7715658551910447 0.29711725216214196
0.1692543050795442 -0.76275736155860052 0.32387653280623135
0.15707723585797082 -0.75413892378812108 0.34926821073289555
0.14151300123065594 -0.74585787746338694 0.37285792538311385
0.12282765772933489 -0.73805580146767413 0.39424206140230217
0.10134068157363772 -0.73086610073683778 0.41305465643237277
0.077419527908376071 -0.72441172604293691 0.4289736722156629
0.051473365028054899 -0.71880307001119637 0.44172652065075446
0.02394608928370737 -0.71413607570793125 0.45109474902000707
-0.0046912610980681026 -0.710490590618859 0.45691780283616512
-0.033948564581800837 -0.70792899475289939 0.45909580029320174
-0.063325010225735709 -0.70649512703769834 0.45759126882696699
-0.092317683633459602 -0.70621352919044578 0.4524298115604492
-0.12043019753231532 -0.70708902090146331 0.44369968927839359
-0.14718121758409539 -0.70910661449478651 0.43155032198349347
-0.17211273440671696 -0.71223177126686599 0.41618973295360945
-0.19479793581719526 -0.71641099551774357 0.39788097740796136
-0.21484853935044032 -0.72157275599443294 0.37693761702243944
-0.23192145443558393 -0.72762871824341957 0.35371832003137504
-0.24572465618097428 -0.73447526543424069 0.32862068369308173
-0.25602216813148815 -0.74199527977810975 0.30207439071415548
-0.26263806904950615 -0.75006015190292075 0.27453382331802467
-0.26545945935841614 -0.75853198191679927 0.24647026792360544
-0.26443835226668927 -0.76726593580520819 0.21836384867662076
-0.25959250758312008 -0.77611273269526071 0.1906953196822147
-0.25100530098723933 -0.78492127490532959 0.16393779598636021
-0.23882496794207833 -0.79354158342626446 0.13854832120891061
-0.25645573057273313 -0.72829689969233247 0.10604041417715235
-0.2391718957475748 -0.73750793689415206 0.079826651220783459
-0.21842019998256565 -0.74618853264608609 0.056062187061961734
-0.19455347764277975 -0.75418880114573583 0.035155000040577998
-0.1679795092982872 -0.76137101143514263 0.017463898771741378
-0.13915317276423197 -0.76761169967823129 0.0032924157821548543
-0.10856833608948753 -0.7728037638435864 -0.0071164670701154616
-0.076749154836906072 -0.77685826572557293 -0.013584478336034224
-0.044240916490230778 -0.77970589842867266 -0.016001041032731231
-0.011600599263869495 -0.78129812274099908 -0.014325087075784806
0.020612717030733928 -0.78160796425675627 -0.0085856980142409618
0.051847448920476394 -0.78063044939024495 0.0011184459121531933
0.081568959630955548 -0.77838266393514666 0.014620809188553801
0.10926869918736379 -0.77490343165769116 0.031689906561618596
0.13447287801838465 -0.77025262145977791 0.052033313921786464
0.15675052961643887 -0.76451009862698627 0.075302708723996581
0.17572083086983614 -0.75777434067983473 0.10109984929355058
0.19105956223707665 -0.75016074272101085 0.12898338951506558
0.20250460415280247 -0.74179964129991005 0.15847641387590009
0.20986038114447675 -0.73283408971865882 0.18907456756038191
0.21300118121812237 -0.72341742132501752 0.22025464735598874
0.21187329521758672 -0.71371064061984568 0.25148351168411598
0.20649593908179958 -0.70387968487282715 0.28222716231894396
0.19696094115548202 -0.69409260130461603 0.3119598465709354
0.18343119674572481 -0.68451668664623821 0.34017302716550102
0.16613791266048289 -0.67531563693031083 0.36638406798422291
0.1453766851204015 -0.66664675562034814 0.39014448743115515
0.12150247474655443 -0.65865826758751389 0.41104763752323198
0.094923561811720347 -0.65148678497410017 0.42873567586468025
0.066094583118654515 -0.64525496864730969 0.4429057093305005
0.035508768270477289 -0.6400694257816617 0.45331500230694294
0.0036895073492995314 -0.63601888018514074 0.45978515838796646
-0.028818606167224443 -0.63317264739286649 0.46220520207458071
-0.061459104178379013 -0.63157944139976774 0.46053350583750308
-0.093673184688503677 -0.63126653429148993 0.45479852747429833
-0.12490930060492902 -0.63223928404613838 0.44509834274443694
-0.15463263101635474 -0.63448103947762902 0.43159897863374902
-0.18233427015055251 -0.63795342471946337 0.41453157322298323
-0.2075399727135131 -0.64259699886068156 0.39418840895443136
-0.22981830089216412 -0.64833227944330096 0.37091788685914123
-0.24878802833690991 -0.65506111168536818 0.34511852952828986
-0.26412467004078732 -0.66266835873933916 0.31723211944308261
-0.27556602381346129 -0.67102388226403997 0.28773609576827691
-0.28291662820628172 -0.67998477723686035 0.25713534619670025
-0.28605106321370621 -0.68939782052106735 0.22595354087103955
-0.28491604913874358 -0.69910209119466526 0.19472416241942134
-0.2795313567225024 -0.70893173182997082 0.16398138114292832
-0.26998965466886726 -0.71871886868968315 0.1342508691834004
-0.25645573057361803 -0.7282968997119319 0.10604041412363356
-0.27408638941435748 -0.66305213104831251 0.073532475952241577
-0.25507480167212809 -0.67318459468120762 0.044697031702591677
-0.23224865172972411 -0.68273368494094078 0.018555652560980136
-0.2059959550779189 -0.69153449189971561 -0.0044428571600130763
-0.17676519128250759 -0.69943546817819369 -0.023903754374596697
-0.14505665705868734 -0.70630073239403646 -0.039493054112203732
-0.11141358027881496 -0.71201238921815713 -0.05094335568205597
-0.076412565225693271 -0.71647254436488184 -0.058058468602941254
-0.040653503241395647 -0.71960493953525062 -0.060716728220538564
-0.0047491521119240989 -0.72135620043264703 -0.058872989153373773
0.030685438745348407 -0.72169669877455422 -0.052559306631482769
0.065043496506480725 -0.72062101688685665 -0.041884306129346967
0.09773691936908957 -0.71814800175578231 -0.027031248675116897
0.12820632414558472 -0.71432040534448271 -0.008254824968328885
0.15593057869876753 -0.70920411922843785 0.014123261171401778
0.18043566225680904 -0.70288701972704071 0.039719838056962067
0.20130271022294158 -0.69547744553212976 0.068096841403106262
0.21817511450721308 -0.68710233476115334 0.098768806665446601
0.23076456567579279 -0.67790505297200054 0.13121115272931172
0.23885593954686352 -0.66804294804493136 0.16486911980250138
0.24231094839414921 -0.65768467190537994 0.1991672143998123
0.24107049569491176 -0.64700731274283496 0.23351900599887532
0.23515569335962067 -0.63619338458725916 0.267337113540558
0.22466752148015662 -0.62542772373085675 0.30004321572363357
0.20978513259500572 -0.61489434342153193 0.33107791727416008
0.19076282497109695 -0.60477329941076996 0.35991030428584048
0.16792573204173633 -0.59523761923417273 0.38604702549618691
0.14166429747442635 -0.58645034748453251 0.40904074308143407
0.11242762689299035 -0.57856175777618668 0.42849780624645295
0.080715827540352489 -0.57170677959137972 0.44408501350693291
0.047071465590935932 -0.56600268476141424 0.45553534491873382
0.012070286914565978 -0.56154707402825577 0.46265256331744364
-0.023688639590419131 -0.55841619904278295 0.465314603419339
-0.059593186708262517 -0.55666364940888857 0.46347568886092655
-0.09502866514096725 -0.55631942811380053 0.45716713932047826
-0.12938837064468159 -0.55738943202447011 0.4464968523009637
-0.16208400018159089 -0.55985534717510632 0.43164746661961478
-0.19255575662621324 -0.56367496138619888 0.41287323704151113
-0.22028196572025716 -0.56878288938727917 0.39049567181371753
-0.24478803615672506 -0.57509169813859173 0.36489800705192199
-0.26565460436106986 -0.58249341261150334 0.33651861367134295
-0.28252472006322499 -0.59086137513810344 0.30584345306687455
-0.29510994690220915 -0.60005242485412291 0.27339771591999518
-0.30319527308980732 -0.60990935791042467 0.23973679335833037
-0.30664274971821071 -0.62026362410774716 0.20543674106015103
-0.30539380253705239 -0.63093821277199558 0.17108440511000392
-0.29947022074694329 -0.64175068983309513 0.13726737689776597
-0.2889739702642401 -0.65251640512544384 0.10456388872355192
-0.27408638941071861 -0.6630521310675489 0.073532475901054856
-0.29171700216845364 -0.59780728735381861 0.041024497878315649
-0.27097768333361244 -0.60886118573569792 0.0095673611966843684
-0.24607708731855377 -0.61927877010265542 -0.018950939721390028
-0.21743841774610279 -0.62888010901241631 -0.044040775681097905
-0.1855508638138518 -0.63749984699514639 -0.065271477910100364
-0.15096014441053046 -0.64498969232856762 -0.082278616831619064
-0.11425884211201148 -0.65122095701020499 -0.094770371617913851
-0.07607600240749407 -0.65608678271941889 -0.10253261963964488
-0.037066118805475987 -0.65950394903633802 -0.10543259261768938
0.002102266131069193 -0.66141424080471367 -0.10342106049198625
0.040758126727093148 -0.66178537734147236 -0.096533056139224749
0.078239497572596781 -0.66061150272178149 -0.084887160435274583
0.11390481292735145 -0.65791323146187597 -0.068683370054598791
0.14714386009747879 -0.65373724827749358 -0.048199587841511807
0.17738816856990436 -0.64815546963958515 -0.023786800046807565
0.20412066658792163 -0.64126378324345901 0.0041369727659876128
0.22688444998075838 -0.63318038819980482 0.035093845586673333
0.24529052284956818 -0.62404376449881505 0.068554237851480043
0.25902438590552218 -0.6140103056205849 0.10394590516319482
0.26785136592217856 -0.60325165316617035 0.14066368477681185
0.27162059890660795 -0.5919517769853182 0.17807979467022586
0.27026760016590012 -0.5803038483913544 0.21555451684633245
0.26381537632822627 -0.56850695758420877 0.25244708852288006
0.25237405738715535 -0.55676272925701165 0.28812662030481223
0.23613905070668151 -0.54527189244715535 0.32198285853455372
0.2153877433145226 -0.5342308619263586 0.35343660997103854
0.19047480335084724 -0.52382838874352877 0.38194965090786742
0.16182615581138474 -0.51424233688873189 0.40703394991179109
0.12993173127850896 -0.50563664140314546 0.42826004362020981
0.095337108651679825 -0.49815850059642086 0.44526441850110143
0.058634193376496203 -0.4919358513486608 0.45775576806541995
0.020451090701869564 -0.48707517180414633 0.4655200144959295
-0.018558651539161981 -0.4836596501883953 0.46842400556416158
-0.057727244682943206 -0.48174775213280219 0.46641782141251248
-0.096384111873205808 -0.48137221194272034 0.45953565051622219
-0.13386739389137606 -0.48253946587526447 0.44789521916986036
-0.16953530980363066 -0.48522953785484618 0.43169578361232253
-0.20277717634412792 -0.48939638024519549 0.41121471814511107
-0.23302389500258883 -0.49496866436446368 0.38680275634679945
-0.25975772371090794 -0.50185100741630462 0.35887796587958048
-0.28252116131833177 -0.50992561452262675 0.32791856036591377
-0.30092478832466696 -0.51905430681882014 0.29445467383449991
-0.31465392673265502 -0.52908089944042636 0.25905924309442291
-0.32347400444087582 -0.53983388694258805 0.22233815971547902
-0.32723453368275091 -0.55112938825198543 0.18491986550118808
-0.32587164060548485 -0.56277429936734591 0.14744457419458576
-0.31940913777918756 -0.57456960855022143 0.11055330352119001
-0.30795829581005707 -0.58631388973867804 0.074876849130382978
-0.29171700216143015 -0.59780728737265831 0.041024497828821789
-0.30934761035467079 -0.53256237562969566 0.0085164718223087899
-0.28688058126583094 -0.54453771679893892 -0.025562367940024887
-0.25990554543756611 -0.55582379416344352 -0.056457596143470817
-0.22888090107573658 -0.56622565670774161 -0.083638758941880192
-0.19433655361048138 -0.57556414482811402 -0.10663926525432234
-0.15686364895532573 -0.58367856217099101 -0.12506424663587737
-0.11710412529098836 -0.59042943326463349 -0.13859746693651939
-0.075739465587113808 -0.59570093541667823 -0.14700686864200968
-0.033478762149459738 -0.59940288004825859 -0.15014856999839304
0.0089536566556769493 -0.60147220454763461 -0.14796924718145471
0.050830784917305714 -0.60187397322130887 -0.14050690868779139
0.091435461569863999 -0.60060189363126648 -0.12789009544134464
0.1300726567837609 -0.59767835154687832 -0.11033554679975151
0.16608133057166952 -0.59315396782198249 -0.088144383453892444
0.19884567703214501 -0.58710668580883263 -0.061696877013722187
0.22780557592717238 -0.57964040519216486 -0.031445897398011687
0.25246608506518614 -0.5708831852699976 0.0020908506261740453
0.27240582148744036 -0.56098504737931509 0.038339671988323804
0.28728409636747781 -0.55011541244613249 0.076680660563887476
0.29684668759610761 -0.53846021546637834 0.11645825211361663
0.30093015496433889 -0.52621874397422486 0.15699237747101638
0.2994646253904093 -0.51360025213011407 0.19759003250067053
0.29247499950001904 -0.50082040589547594 0.23755707385818373
0.28008055580703051 -0.48809761780142474 0.27621004478359656
0.26249295447631343 -0.47564933200894971 0.31288783320821545
0.24001266886638112 -0.46368832164209556 0.34696296549054456
0.21302389942063676 -0.45241906070670102 0.37785234325398603
0.18198805062605383 -0.44203423223587285 0.40502723820098918
0.14743587727166829 -0.43271143258768269 0.42802237055490278
0.10995843058755535 -0.42461012901712686 0.44644391102020747
0.070196957406897284 -0.41786892373210105 0.45997626388212753
0.028831925512700887 -0.41260317262692514 0.46838750990835037
-0.013428634940538179 -0.40890300083805431 0.4715334116830322
-0.055861271270171972 -0.40683175031855889 0.46935991019595069
-0.097739518295925198 -0.40642488698260365 0.46190406902169495
-0.1383463634379484 -0.40768938686097811 0.44929345025517575
-0.17698655173250807 -0.41060361235096138 0.4317439336719055
-0.21299851899312669 -0.41511768118925463 0.409556016849906
-0.24576574757302913 -0.42115432228976907 0.38310965918199374
-0.27472734807387011 -0.42861020407839662 0.35285775710753065
-0.29938768228624851 -0.43735771247018268 0.31931836180302087
-0.3193248584818929 -0.44724714736248578 0.28306577379959913
-0.33419795054198381 -0.45810929883227353 0.24472067046367632
-0.34375281673804386 -0.46975835750750028 0.20493944023530272
-0.34782642008418119 -0.48199510786594613 0.16440291068706084
-0.34634957979910858 -0.49461034865234171 0.12380466654690629
-0.33934813360335175 -0.50738848849433527 0.083839157096947822
-0.32694266516842874 -0.52011132607286037 0.045189744826433426
-0.30934761034504921 -0.53256237564814846 0.0085164717740792741
-0.32697824486181093 -0.46731740106148756 -0.023991609590728012
-0.30278352445762047 -0.48021419229400492 -0.06069216215209592
-0.27373405320152416 -0.49236876075066299 -0.093964321858491642
-0.24032342998754849 -0.50357113748380744 -0.12323681008397158
-0.20312228022190951 -0.51362835991831357 -0.14800711328930541
-0.16276718201187124 -0.52236733121545509 -0.16784992771625992
-0.11994943335622382 -0.52963779533226707 -0.18242460907414557
-0.075402954121836355 -0.53531496965229353 -0.19148116899366757
-0.029891431934156602 -0.53930169610526069 -0.19486460886085316
0.015805020888982023 -0.5415300593687975 -0.19251750344042573
0.060903416908394792 -0.54196246386688884 -0.18448083120880096
0.10463139695676252 -0.54059217870744802 -0.17089309256676999
0.14624046583698383 -0.53744336160830397 -0.15198777272783909
0.18501875679141272 -0.53257057132714758 -0.12808921426157796
0.22030313014745137 -0.52605777969167955 -0.099606977075173075
0.25149041897177105 -0.51801689935927653 -0.067028781796610384
0.27804764451113767 -0.5085858502954036 -0.030912153092210813
0.29952103784072653 -0.49792619542505057 0.0081250999900739675
0.31554372147521703 -0.48622038329851253 0.04941541045202609
0.32584192516853433 -0.47366864244780765 0.092252813614289511
0.33023963302630704 -0.46048557812586915 0.13590495438693947
0.32866158368991794 -0.44689652718460648 0.17962554380389611
0.32113457127532086 -0.43313373096901758 0.22266705916295393
0.30778702160106947 -0.41943238928503129 0.26429347716103485
0.28884684579130854 -0.40602666076054389 0.30379282745945146
0.26463760132076769 -0.39314567623542296 0.34048935524175539
0.23557301872905501 -0.38100963215868888 0.37375508566846116
0.20214998023965405 -0.36982603028386674 0.40302059085040204
0.16494006397209601 -0.35978612817624284 0.42778477123675268
0.12457979380590631 -0.35106166211513251 0.44762347831072558
0.081759759568183682 -0.34380189984146581 0.4621968243035191
0.037212794238823003 -0.3381310752506741 0.47125504717984767
-0.0082985865902451446 -0.33414625061687675 0.47464282508378941
-0.053995263557265798 -0.33191564438980731 0.47230196305880434
-0.099094881952718566 -0.33147745425459857 0.4642724051720144
-0.14282527683655036 -0.3328391962678996 0.45069155594555244
-0.18443772257459481 -0.33597757176989096 0.43179192507379671
-0.22321977912792265 -0.34083886464072521 0.40789713794745391
-0.25850751512578379 -0.34733986242472292 0.3794163812707933
-0.28969689792056363 -0.35536928587693367 0.3468373783816262
-0.31625415357092218 -0.36478970256499554 0.31071801341010818
-0.33772491595329485 -0.37543989139198036 0.27167674744800124
-0.35374200517083559 -0.38713761666393798 0.23038199274286436
-0.36403170128129897 -0.39968276314028056 0.18754063063829535
-0.36841840785398622 -0.41286077758560713 0.14388587340378947
-0.36682762851191614 -0.42644635746701531 0.10016467925852839
-0.35928722510954875 -0.44020732906584098 0.057124934006267197
-0.3459271022985041 -0.4539087161672184 0.01550257074499161
-0.3269782448501522 -0.46731740107958197 -0.023991609637988031
-0.34460892868352516 -0.40207236729731644 -0.056499752694629791
-0.31868653412256531 -0.41589061513928377 -0.095822026900005311
-0.28756263024589834 -0.42891367212031423 -0.13147112123945953
-0.25176602192966946 -0.44091655240676303 -0.16283493149179257
-0.21190805697995155 -0.4516924901715782 -0.18937501956131012
-0.1686707513574332 -0.46105599159822863 -0.21063564894151135
-0.12279476876373134 -0.46884602753767457 -0.22625177527116058
-0.075066467257541791 -0.47492886229832898 -0.23595548696831956
-0.026304126647022256 -0.47920037031323814 -0.23958066996533717
0.022656360382502173 -0.48158778027102583 -0.23706579252583246
0.070976025801755133 -0.48205083115245839 -0.22845479607696517
0.11782731079338771 -0.48058234907680397 -0.2138961360348719
0.1624082527149108 -0.47720826160510021 -0.19364004286122155
0.20395615692904059 -0.47198706533513074 -0.16803408293077354
0.24176055015621734 -0.46500876155848797 -0.13751710705323042
0.27517521981843807 -0.4563932771907061 -0.10261168869355004
0.3036291520817036 -0.4462883940938896 -0.063915173698035468
0.32663619368015251 -0.43486721783908888 -0.022089485562896756
0.34380328005906813 -0.42232522543337392 0.022150148049230284
0.35483709420642662 -0.40887693949195797 0.068047362781883267
0.35954904546300565 -0.39475228319074157 0.11481751878782084
0.35785848445061791 -0.38019267592519079 0.16166104361664071
0.34979409825331642 -0.36544693397923717 0.20777703644614939
0.33549345873422637 -0.35076704380459695 0.25237690825755915
0.31520072617242334 -0.33640387781813041 0.29469783061114108
0.28926254010628571 -0.32260292397074508 0.33401576687721279
0.25812215921079384 -0.30960010070741034 0.36965786427617725
0.2223119419086898 -0.29761772824873861 0.40101399309362679
0.18244428883266606 -0.28686072530077461 0.4275472312178113
0.13920119664485556 -0.2775130972471162 0.44880310791600919
0.093322599360376804 -0.26973477752613156 0.46441744067043039
0.045593697316362938 -0.26365887821360195 0.47412262289864049
-0.0031685057206202248 -0.25938939885678131 0.47775224819631662
-0.052129221105735597 -0.25699943447118567 0.4752439877009525
-0.10045020305304778 -0.25652991455285684 0.46664067023382272
-0.14730413463616138 -0.25798889529958896 0.45208954865695544
-0.19188882227376117 -0.26135141733023254 0.43183976892428666
-0.23344095481524568 -0.26655993134449674 0.40623808940867662
-0.27124919275394932 -0.27352528454237812 0.37572292666702867
-0.30466636491427956 -0.28212825121868867 0.34081683010723041
-0.33312056381832222 -0.29222158166121337 0.30211751292954048
-0.35612494762244273 -0.30363253429727799 0.26028759111040367
-0.37328607771517641 -0.31616584725878466 0.21604320600321861
-0.3843106479642755 -0.32960709782791714 0.17014172753650028
-0.38901049254051312 -0.34372639208874273 0.12336875101456674
-0.38730579000878984 -0.35828232222780387 0.076524609930337509
-0.37922642301724896 -0.37302612889258568 0.030410631228114902
-0.36491162396169319 -0.38770606087026888 -0.014184677372104767
-0.34460892867024001 -0.40207236731508755 -0.056499752741128624
-0.36223967884356084 -0.3368272767106098 -0.089007962687751879
-0.33458962580254281 -0.35156698708328377 -0.13095196665420333
-0.3013912908972573 -0.36545852952579472 -0.16897799791610801
-0.26320868898636146 -0.37826190145374061 -0.20243312477308625
-0.2206938924389204 -0.38975653290712342 -0.23074298151392342
-0.17457436156618242 -0.39974453671331828 -0.25342140145982323
-0.12564013254893105 -0.40805411839288702 -0.27007894880609618
-0.074730003834151335 -0.41454259707587565 -0.28042979817648656
-0.022716844529473881 -0.41909888359945574 -0.28429672439254511
0.029507676903959879 -0.42164534903437362 -0.28161408642622759
0.081048614418059647 -0.4221390614736924 -0.27242878148931621
0.13102320890859331 -0.42057239798259188 -0.25689921308852798
0.17857602774638082 -0.41697305168710558 -0.23529235323176126
0.22289354592745506 -0.41140345526293404 -0.207978991913749
0.26321795535280901 -0.40395963974629823 -0.17542727286585114
0.29885999811882885 -0.39476954777705764 -0.13819462508247266
0.32921062683691832 -0.38399082501494208 -0.09691821789503377
0.35375130610227584 -0.37180812149733816 -0.05230409064546987
0.37206278662233844 -0.35842994411713985 -0.0051151320217011111
0.38383220658625761 -0.34408511045106638 0.043841894496346699
0.38885840179606612 -0.32901886189559632 0.093730065481334474
0.38705533513108659 -0.31348870018229646 0.14369652641410285
0.37845358597394441 -0.29776001597586116 0.19288699960978081
0.36319987081237487 -0.28210158165306093 0.24046033111151111
0.34155459722770593 -0.26678098271027173 0.28560283448646767
0.31388748489019569 -0.25206006363778177 0.32754219068313373
0.2806713189049338 -0.23819046450455406 0.36556066771619794
0.24247393264171918 -0.22540932382974543 0.3990074322397682
0.19994854860369152 -0.21393522145765151 0.42730973737636746
0.15382263631828627 -0.20396443198132061 0.44998278775833306
0.10488547487732353 -0.19566755468509461 0.46663810376943143
0.053974633664466462 -0.18918657995631033 0.47699023243987426
0.0019616069169602207 -0.18463244468177975 0.48086168207218921
-0.050263145016386547 -0.18208312042613028 0.47818599085027458
-0.10180548350211883 -0.18158226842943587 0.46900887536562924
-0.1517829394027293 -0.18313848501331967 0.45348744174014566
-0.19933985317927638 -0.18672515026280617 0.43188747815456613
-0.24366204679931952 -0.1922808822449916 0.4045788815235391
-0.28399077821893515 -0.19971058878750939 0.37202930178766741
-0.31963574305275616 -0.20888709900471492 0.33479611477769439
-0.34998690344485439 -0.21965334717086712 0.29351685980358166
-0.37452494147655263 -0.23182507204117547 0.24889830245993386
-0.39283015562159385 -0.24519398548025451 0.20170430735842257
-0.40458964607253162 -0.25953135598456073 0.15274272832097352
-0.40960266785861016 -0.27459194624911892 0.10285154146984002
-0.40778406445917681 -0.29011823923015334 0.052884456702781871
-0.39916573401670968 -0.30584488618465488 0.0036962463596971942
-0.38389624189713756 -0.321503360217266 -0.043872002961686314
-0.3622396788289568 -0.33682727672809337 -0.089007962733641227
-0.37987050802736011 -0.27158213073801613 -0.12151624374625272
-0.35049281084785316 -0.28724330896146244 -0.16608198493713539
-0.31522004542144222 -0.3020033333266755 -0.20648495466557854
-0.27465143915156637 -0.31560718364137269 -0.24203139066837712
-0.22947979151130135 -0.3278204848666777 -0.27211099624133189
-0.18047801461797103 -0.33843296059658512 -0.29620717766625443
-0.12848552439318106 -0.34726205906584418 -0.31390611684286351
-0.074393562172583041 -0.35415616250009091 -0.32490408486804423
-0.019129583529311357 -0.35899722293586911 -0.32901275136776187
0.036358972499167155 -0.36170275323447493 -0.32616236480301641
0.091121185508336339 -0.36222714548132262 -0.31640277129497785
0.14421909621526433 -0.36056232083370932 -0.29990231411657281
0.19474379923406304 -0.35673773224154376 -0.27694470090098294
0.24183093566862846 -0.35081974536942973 -0.24792394330365308
0.28467536023416923 -0.34291042063318922 -0.21333747934750555
0.32254476936547061 -0.33314571794865788 -0.17377759660585573
0.35479208367728288 -0.32169314920751385 -0.12992129102419603
0.38086638835170128 -0.30874891136481275 -0.08251871996509455
0.40032225235084579 -0.29453454311027893 -0.032380433969466091
0.41282727153774312 -0.27929315810439076 0.019636404764756595
0.41816770961468641 -0.2632853162955513 0.072642590444827682
0.4162521419409223 -0.24678460145510137 0.12573198796621826
0.40711303933078369 -0.23007297795072584 0.17799694403992855
0.39090626128182676 -0.21343600327660198 0.22854374046931331
0.36790846075128475 -0.19715797527484358 0.2765078328348457
0.33851243570355505 -0.18151709443848008 0.3210686190242224
0.30322049620649566 -0.16678072216167553 0.36146348671289591
0.26263594961880421 -0.15320081517627934 0.39700089746055289
0.21745283989852124 -0.14100961452921076 0.42707227794933939
0.16844410956304415 -0.13041566416347067 0.45116250635801386
0.1164483834660556 -0.1216002293586366 0.46885880409822334
0.062355601318688038 -0.11471417891756923 0.47985787009902758
0.007091749667058291 -0.10987538708713668 0.4839711262361186
-0.048397037295448156 -0.10716670190292137 0.48112797777748911
-0.103160726219718 -0.10663451619784949 0.471377030860538
-0.15626169500613155 -0.10828796628162361 0.45488524860635132
-0.20679081936363536 -0.11209877174091712 0.43193506669983839
-0.25388305792607019 -0.11800171840176372 0.40291952624274058
-0.29673227151805609 -0.12589577559094556 0.36833551492752525
-0.33460502834979433 -0.13564582854444393 0.32877523659641372
-0.36685316436970467 -0.14708499696622898 0.28491605483084809
-0.3929248863781134 -0.16001750104075593 0.23750888018558969
-0.4123742266041035 -0.17422202660774058 0.18736529469366783
-0.42486868454224175 -0.18945553237133925 0.13534363098546565
-0.43019492643860796 -0.20545743516034046 0.082334243209342642
-0.42826245014727987 -0.22195410480310176 0.029244218177315165
-0.41910516226614009 -0.23866359899613873 -0.023018222483959818
-0.40288096454550398 -0.2553006137956923 -0.073559408783948427
-0.37987050801167183 -0.27158213075524545 -0.12151624379164676
-0.39750142592938043 -0.20633693022032479 -0.15402459924496845
-0.36639609759869379 -0.22291958096148604 -0.20121208446430328
-0.32904890091270922 -0.23854808307975431 -0.24399199336185295
-0.28609427715896857 -0.25295239707298661 -0.28162972894714311
-0.23826575624328575 -0.26588434221016344 -0.31347906032060635
-0.18638171042834234 -0.27712125762892614 -0.33899297066472522
-0.13133094282564925 -0.28646984253771868 -0.35773326920704845
-0.074057140094117513 -0.29376955054520437 -0.36937833413057153
-0.015542341311752025 -0.29889537992212656 -0.3737287364521823
0.04321024949048391 -0.30175998519406361 -0.37071061374245612
0.10119374186959261 -0.30231507756520115 -0.36037675444307338
0.15741497697428117 -0.30055211508234697 -0.34290543253959005
0.2109115737880318 -0.29650230393913796 -0.31859708396540221
0.2607683352974145 -0.29023593883974197 -0.28786893880911646
0.30613277582050052 -0.28186110875238274 -0.25124773020769386
0.34622954528705457 -0.27152179246313674 -0.20936060756423841
0.3803735338905388 -0.25939537090749382 -0.16292439715814161
0.40798145053015716 -0.24568959086126807 -0.11273337712522954
0.42858168592071538 -0.23063902505550127 -0.059645761030907185
0.44182229643523208 -0.21450108450299588 -0.0045691094847807494
0.44747697523354074 -0.19755164802508715 0.051555090604532783
0.44544891028780703 -0.18008038104638124 0.10776742507412171
0.43577246278821707 -0.16238582086125961 0.16310686626886106
0.41861263346261562 -0.14477030921365666 0.21662713236261788
0.39426231865998479 -0.12753485554999147 0.26741282084852025
0.36313739288456232 -0.11097401586715336 0.31459504586342496
0.32576968990466848 -0.095370872649994651 0.3573663136887818
0.28279799037291198 -0.080992200826845676 0.39499437958505262
0.23495715951456925 -0.068083902769029217 0.42683484255890908
0.18306561305372834 -0.056866791944631505 0.45234225307178377
0.12801132217394018 -0.047532799787148299 0.47107953221411208
0.070736597867365053 -0.040241673607951507 0.48272552939093993
0.012221920392682689 -0.035118225009995244 0.48708057877431682
-0.046530900414107505 -0.032250178385243904 0.48406995207454617
-0.104515934646405 -0.031686657950704536 0.47374514562646092
-0.1607404060731967 -0.033437339772326595 0.45628298202756851
-0.21424172607750808 -0.037472282829349987 0.43198254879263703
-0.26410399268831425 -0.043722440923775696 0.40126003660910753
-0.3094736745870097 -0.052080845607294667 0.36464157588255142
-0.34957421869230654 -0.062404439505469179 0.32275420124909604
-0.38371933995253715 -0.074516529333604239 0.27631509999847337
-0.41132477200059669 -0.088209818106723292 0.22611932381996389
-0.43191827857604115 -0.10324996625307327 0.17302616648653446
-0.44514775199780965 -0.11937962201031235 0.11794443397297828
-0.45078726012132631 -0.13632285409305572 0.061816855047798304
-0.44874094409606119 -0.15378991535086439 0.0056038933150838076
-0.43904471031554426 -0.1714822653686294 -0.049732776794365302
-0.42186579828786641 -0.18909782102135009 -0.10324689710878876
-0.39750142591278953 -0.2063369302373296 -0.15402459928995579
-0.41513244027263957 -0.14109167567843733 -0.18653303199076612
-0.3822994923181332 -0.15859580286846472 -0.23634226733494904
-0.34287786201721088 -0.17509277766873785 -0.2814991150279002
-0.29753720511401149 -0.19029753900655513 -0.32122813837884745
-0.24705178636615815 -0.20394810050942005 -0.35484716968892727
-0.19228544724797692 -0.21580942234680622 -0.3817787739129892
-0.13417638543024157 -0.22567746309147771 -0.40156039762336632
-0.073720734996280637 -0.23338275578298423 -0.41385253670310995
-0.01195511530699675 -0.23879334974991465 -0.41844467019040232
0.050061510434913095 -0.24181704106243648 -0.41525882461559993
0.11126628637729227 -0.24240285525304431 -0.40435072427719582
0.17061085496090114 -0.24054177996116255 -0.38590856450015626
0.227079356612441 -0.23626676770773886 -0.36024950146952911
0.27970575157843641 -0.22965203788987654 -0.32781397975141946
0.32759021005897515 -0.22081170697588151 -0.28915802806584573
0.36991433431556103 -0.20989777425479442 -0.24494366099481374
0.40595498570341576 -0.19709749274107566 -0.1959275392281658
0.43509650022147467 -0.18263016218967706 -0.14294806478655744
0.45684109414171276 -0.16674339178875289 -0.08691111564477827
0.4708172873806678 -0.14970889122278594 -0.028774650579281739
0.47678620414481299 -0.13181785846829727 0.030467563648188808
0.47464564505616574 -0.11337604014342123 0.089802835349542989
0.46443186048648949 -0.094698545632619383 0.1482167636996097
0.44631899051294283 -0.076104500037558087 0.20471050376872826
0.4206161728781338 -0.05791162368132885 0.25831779477316325
0.38776235695639633 -0.040430827606108694 0.30812146636450416
0.34831889912077807 -0.02396091520513087 0.35326914242426111
0.3029600528329951 -0.0087834796384544615 0.39298787089116355
0.25246150459263639 0.0048419152348497 0.42659742219541047
0.19768714365358328 0.016682186219612729 0.45352201828081368
0.13957428804494554 0.026534735558179381 0.47330027907245409
0.079117620751496448 0.034230937337875231 0.485593203416189
0.01735211676650612 0.039639042610688527 0.49019003657282956
-0.044664737002173861 0.042666450756226722 0.4870119156386053
-0.10587111238325736 0.043261306412204867 0.47611322687406593
-0.16521907755922868 0.04141339405625831 0.45768065360057575
-0.22169257929241654 0.03715431555218171 0.43202993835444287
-0.27432485682754232 0.030556949085522134 0.399600426237396
-0.32221499104932777 0.021734200338184007 0.36094749560992484
-0.3645433137662612 0.010837068122678787 0.31673301573531015
-0.40058542503843159 -0.001947942952767202 0.26771399840477278
-0.42972458888665716 -0.016402020420258907 0.21472963366883699
-0.45146229965621099 -0.032277800315199175 0.15868692171090196
-0.46542683674337659 -0.049303620117497372 0.1005451360708149
-0.47137966004746584 -0.067188198433445367 0.041299376082368999
-0.46921954235020724 -0.085625667333423694 -0.018036518649261826
-0.45898437961545724 -0.10430088338188902 -0.07644741777378089
-0.4408507482477278 -0.12289498130549947 -0.13293446987822646
-0.41513244025528867 -0.14109167569524356 -0.18653303203541738
-0.43276355751503742 -0.075846367500747455 -0.21904154441558357
-0.3982029998801293 -0.094271974254812679 -0.27147253521474451
-0.35670693152173916 -0.11163741544817971 -0.31900631995110501
-0.30898022301760775 -0.1276426059616575 -0.36082661678968769
-0.25583787972887023 -0.14201175477651504 -0.39621531959436246
-0.19818922197295288 -0.15449744932476039 -0.42456458098481831
-0.13702184902840495 -0.16488491597866667 -0.44538749520432003
-0.073384343945300037 -0.17299577480396147 -0.45832668616637845
-0.0083679027740538418 -0.17869113044986523 -0.46316054711377647
0.056912758062945608 -0.18187392005589409 -0.45980699311853551
0.12133882196585556 -0.18249047861782011 -0.44832467781260449
0.18380673354880536 -0.18053131614595155 -0.428911708443799
0.24324715172226205 -0.17603112464022946 -0.40190195323594063
0.29864318923303435 -0.16906804385899446 -0.36775906705133515
0.34904766825319561 -0.15976221672663013 -0.32706837452581011
0.39359914208453478 -0.14827366471533721 -0.28052675879599898
0.43153644482254139 -0.13479951603010462 -0.22893071917494603
0.46221154303762052 -0.1195706266268242 -0.17316278482529435
0.48510048245897258 -0.10284764458248179 -0.11417649960633976
0.49981224961488929 -0.084916579541547632 -0.052980220252592025
0.50609540130801556 -0.066083948865158393 0.0093800078650362606
0.50384235076693706 -0.046671579860662504 0.071838217030996798
0.49309123628198642 -0.027011153149294073 0.13332663438508213
0.47402533537710922 -0.0074385763115507007 0.19279385234758237
0.44697002522814139 0.01171172014680226 0.24922275160844068
0.41238732850147808 0.030112470555000635 0.30164787657686909
0.37086812321027501 0.047449150753612321 0.34917196776650139
0.32312213529167166 0.063425349282741905 0.39098136489485102
0.26996587267050182 0.077767840608235911 0.42636000914656808
0.21230869854811282 0.090231271590220735 0.45470179349798784
0.15113727830421267 0.10060237796772001 0.47552103630063153
0.087498667464512486 0.10870365512879832 0.48846088522413572
0.022482336467484626 0.11439641678638042 0.49329949563770981
-0.042798549640077684 0.11758318621445961 0.48995386880831249
-0.10722626293449476 0.11820937714871817 0.47848127998667389
-0.16969771441318321 0.11626423494762739 0.45907827336708606
-0.22914338530936618 0.11178102265312465 0.43207724848457774
-0.2845456569641156 0.1048364505752148 0.39794070883070087
-0.33495622596969721 0.095549361299632499 0.35725328589392685
-0.37951231499124555 0.084078694061678658 0.31071168821084932
-0.41745141604260577 0.070620763113316457 0.25911275421792418
-0.44812432857856044 0.055405894468498675 0.20333981079794058
-0.47100627824551489 0.0386944750364102 0.14434755979929825
-0.48570592677229135 0.020772477940334721 0.08314573634978073
-0.49197211667571233 0.0019465363731452508 0.020781805629617449
-0.48969824008989299 -0.017461357224158192 -0.041677018268874141
-0.47892417077241783 -0.037119451150183169 -0.10316214640855147
-0.4598358187655287 -0.056692094133319756 -0.16262212882353563
-0.43276355749703976 -0.075846367517377764 -0.21904154445995633
-0.45039478330772226 -0.010601006052907157 -0.25155013871562631
-0.41410662423580302 -0.029948094601844714 -0.30660288947690628
-0.37053611080275761 -0.048181994367462996 -0.35651360781014724
-0.32042332919587763 -0.064987593842175895 -0.40042516116969529
-0.26462403265693563 -0.080075299530805666 -0.43758350461949719
-0.20409303040643664 -0.09318533313004175 -0.46735038544263718
-0.13986732984546876 -0.10409219721199502 -0.48921455611608478
-0.073047963773623714 -0.11260860581883633 -0.50280077837676618
-0.0047807008715900446 -0.11858872232697115 -0.50787636498819155
0.0637639952079945 -0.12193062382705616 -0.50435511846676673
0.13141135157859682 -0.12257794972282184 -0.49229861504393263
0.19700261573816763 -0.12052072539241421 -0.47191486465432247
0.25941496210230275 -0.11579537586655486 -0.44355443964792213
0.31758065124470319 -0.10848395729010747 -0.40770420120757289
0.37050515349077218 -0.098712638202050146 -0.36497877027513559
0.41728397192767214 -0.086649463984209446 -0.31610990188068211
0.4571179149448138 -0.072501441084643917 -0.26193393811174348
0.48932658308380861 -0.05651098477235162 -0.20337753848423037
0.51335985533155626 -0.038951784328881148 -0.1414419142033447
0.52880718778902736 -0.020124150553734638 -0.077185819774962458
0.53540457131508379 -0.00034992036853791122 -0.011707577989769727
0.53303903165366906 0.020032998744698296 0.053873568832405253
0.52175059375516397 0.040676355756700706 0.11843647685559745
0.50173167074219538 0.06122746144192677 0.18087717624549726
0.47332387735050002 0.081335175756450787 0.24012768888760841
0.43701230806144692 0.10065587877542416 0.29517427319628486
0.39341736166513308 0.11885932568601087 0.34507478538860537
0.34328423633740551 0.13563428664351174 0.38897485614336091
0.28747026166961898 0.15069387424304601 0.42612259687778237
0.22693027529552837 0.16378046517857475 0.45588157138854291
0.16270029045904894 0.17467012850342434 0.47774179638205366
0.095879735676467917 0.18317648080250704 0.49132856812678533
0.027612577306904557 0.18915389844412739 0.49640895144124275
-0.040932340725763849 0.19250002870162289 0.49289581060645737
-0.10858138953250589 0.19315755463537126 0.4808493085420828
-0.17417632132269847 0.19111518282930059 0.46047584958164234
-0.2365941504236552 0.18640783790495286 0.43212449104722506
-0.29476640024591977 0.17911606258680077 0.39628089773413866
-0.34769738559208041 0.16936463625974668 0.35355895900644169
-0.39448122543307507 0.15732043777957769 0.30469022781787375
-0.43431731103589793 0.14318958942688498 0.25051137264061335
-0.46652398378366233 0.12721392863071951 0.19194985704765077
-0.49055020315427117 0.109666863358722 0.13000808064200325
-0.50598500980791228 0.090848676668366588 0.065746234135785925
-0.51256461978463852 0.071081354866509197 0.00026414318738234547
-0.51017703167178463 0.050703018535314837 -0.065317605923699812
-0.49886408366904206 0.030062033205707682 -0.12987696351552361
-0.47882101366021035 0.0095108409147013039 -0.19230987554010737
-0.45039478328916849 -0.010601006069381389 -0.25155013875976845
-0.46802612278464778 0.054644408265496464 -0.28405881694493412
-0.43001036870879261 0.034375836636371324 -0.34173333129696043
-0.38436540014352982 0.015273487942101488 -0.39402097778119477
-0.33186652063322963 -0.0023324980478063549 -0.44002376778941177
-0.27341024025173793 -0.018138728891031953 -0.47895171875651416
-0.20999686749229957 -0.03187306834257831 -0.51013618080969614
-0.14271282367197263 -0.043299303462953714 -0.53304157539349173
-0.072711591181951918 -0.052221248390728003 -0.54727481108043186
-0.0011935067325161734 -0.058486127523881257 -0.55259212423137616
0.070615224730689791 -0.061987155926553794 -0.54890320270315951
0.14148387810001908 -0.062665272108320028 -0.5362725382938669
0.21019850414999994 -0.060510010176383217 -0.51491803478212417
0.27558278982923051 -0.055559522419131334 -0.48520696141981967
0.33651813913990741 -0.047899778011899923 -0.44764938228194184
0.39196266705787097 -0.037662970603032642 -0.40288921520492799
0.44096882535920584 -0.025025171235599351 -0.35169309034744933
0.48269939822184954 -0.010203267471687993 -0.29493719649042344
0.51644162334288113 0.0065487632451549423 -0.2335923265123486
0.54161921650450051 0.024944188329379953 -0.1687073603330326
0.55780210612680081 0.044668394763258616 -0.10139145006174645
0.56471371846886942 0.065384225932658954 -0.032795194807741027
0.56223569168753318 0.086737694673122603 0.035908889821460115
0.55040993620630729 0.10836398031688602 0.10354628998821686
0.52943799901475164 0.12989361275856071 0.16896047395512656
0.49967773066136018 0.15095874300077861 0.23103260452409891
0.46163729607348425 0.17119939719808625 0.28870065339204154
0.41596661403493007 0.19026960997595413 0.34097759159809737
0.36344635477885529 0.20784333301475222 0.38696834002429098
0.3049746698459882 0.22362001684737332 0.42588517988208985
0.24155187182166196 0.23732976778654463 0.45706134571616575
0.1742633223390522 0.24873798802088942 0.47996255274744021
0.1042608233014513 0.25764941522511797 0.49419624594117834
0.032742837301218845 0.26391148840432926 0.49951839925532043
-0.039066112399408194 0.26741697891164712 0.49583773904688028
-0.10993649503170577 0.26810583932760296 0.48321731446043098
-0.17865490253179309 0.26596623778720652 0.46187338862021365
-0.24404488064530827 0.26103476092349193 0.43217167636352871
-0.30498709401465623 0.2533957842867075 0.39462100553199614
-0.3604384770567976 0.24318002417823689 0.3498645273614463
-0.40945004967974424 0.23056229853012289 0.29866864449256197
-0.45118310981201337 0.21575853618606969 0.24190985986608152
-0.48492354855649311 0.19902208374340957 0.18055977506057133
-0.51009406376921818 0.18063936791781321 0.11566848461060962
-0.52626407337504144 0.16092498045005516 0.048346629004354838
-0.53315715847530376 0.14021626160424008 -0.020253611585139924
-0.53065591063792183 0.11886746357658277 -0.088958281842889383
-0.5188041175207504 0.097243571592587522 -0.15659186976975781
-0.49780633637203703 0.075713824169489227 -0.22199771153289
-0.46802612276561095 0.054644408249160642 -0.28405881698888641
-0.48565758075428023 0.11988987499221476 -0.31656758107956262
-0.44591423617694886 0.098699820007023015 -0.37686386171200559
-0.39819479894522569 0.078729034115287908 -0.43152842861508756
-0.34330979321915661 0.060322686435471493 -0.47962243230597085
-0.28219649663668223 0.04379796332205213 -0.52031995551069166
-0.21590072753053363 0.029439350371069279 -0.55292196062576382
-0.1455583260268124 0.017493767951078241 -0.57686854888450168
-0.072375222846863096 0.0081662967283379542 -0.59174878367428896
0.0023936824594304692 0.0016166503203747654 -0.59730782745952404
0.077466449441516927 -0.0020435213351762968 -0.59345125009356958
0.15155640428005068 -0.0027524503213328358 -0.58024645160688282
0.22339440100530758 -0.00049917335957776383 -0.55792122139411449
0.29175063617695995 0.0046764348835557079 -0.52685951938556819
0.35545565325557577 0.01268449476508619 -0.48759460990742748
0.41342020883967534 0.023386787631240941 -0.44079970855194639
0.46465370252702443 0.036599215044667621 -0.38727632366344139
0.50828089567471779 0.052095005743354315 -0.3279404942650998
0.5435566659873583 0.069608617601217712 -0.26380714929112675
0.56987856920005497 0.088840272908333254 -0.19597283860133699
0.5867970085149079 0.10946105551438247 -0.12559711176289587
0.59402284681087891 0.13111848900948725 -0.05388284321792236
0.5914323345814575 0.15344250698855685 0.017944179325939742
0.57906926665782577 0.17605171983202531 0.088656072913358447
0.5571443223254694 0.19855987723660401 0.15704374422339643
0.5260315863493219 0.22058242177188861 0.22193749671437102
0.48626229284736283 0.24174302596606895 0.28222701469348815
0.43851587987930846 0.26168000395952312 0.33688038319771474
0.38360848958060367 0.28005248887002393 0.38496181260387569
0.3224790957297608 0.29654626898885522 0.42564775352415668
0.25617348638536097 0.31087918004650328 0.45824111124489175
0.18582637209617986 0.32280595719779942 0.48218329979118152
0.11264192852393169 0.33212245910137911 0.49706391315654008
0.037873114705180178 0.33866918736981377 0.50262783445045456
-0.037199866513217356 0.34233403749091529 0.49877965147534953
-0.11129158186095782 0.34305423172161031 0.48558529825398222
-0.18313346172791056 0.34081740003438271 0.46327089502364971
-0.25149558148091217 0.33566179150111991 0.43221881302067799
-0.31520774549968961 0.32767561499020414 0.39296104370539026
-0.37317950810206513 0.31699552403826298 0.34617000317329044
-0.42441879367808866 0.30380427539641292 0.29264694875014075
-0.46804881392932463 0.28832760323979689 0.23330822301986395
-0.50332301849301775 0.27083036107058139 0.16916956831619212
-0.52963785026161669 0.251611991659002 0.10132877260145171
-0.54654310491062097 0.23100139353752436 0.030946920794464566
-0.55374972118617571 0.20935126118276259 -0.040771458873334283
-0.55113486971475734 0.18703198163926035 -0.11259904611552306
-0.53874427090870713 0.16442516597586757 -0.18330686572079699
-0.5167917900515987 0.14191685588786729 -0.2516856382456622
-0.48565758073481946 0.11988987497600138 -0.31656758112336048
-0.50328916184187411 0.18513539358426764 -0.34907643306626324
-0.46181822918629939 0.16302385605279326 -0.4119944816578861
-0.41202430586258376 0.14218464702627179 -0.4690359586898239
-0.35475314192435853 0.1229779649664985 -0.51922114985106638
-0.29098279516021924 0.10573478347859622 -0.56168820801971842
-0.22180460438021088 0.090751928141818844 -0.59570771856885096
-0.14840383232374624 0.078287019009368713 -0.62069547329967667
-0.072038855532102666 0.068554027682910135 -0.63622269708078993
0.0059808693939498378 0.061719606341777464 -0.64202347913075652
0.084317672025957788 0.057900273945819383 -0.63799926659476125
0.16162893265944484 0.057160510505168093 -0.62422036019664884
0.2365903081036983 0.059511782101669158 -0.6009244275678659
0.30791850172035201 0.064912495518125085 -0.56851211432730098
0.37439319300070256 0.073268862330523529 -0.52753988332938706
0.4348777777038968 0.08443663858547891 -0.47871024906113374
0.48833860263106832 0.098223696798715565 -0.42285960085201968
0.53386240755619174 0.1143933797852601 -0.36094383104790101
0.57067171263125505 0.13266857864152837 -0.29402200694678032
0.59813791625266277 0.15273646901964577 -0.22323834940587117
0.61579189855194172 0.174253830869913 -0.14980280533504864
0.62333196013077519 0.19685286789476844 -0.074970523657429913
0.62062896379510424 0.22014743482200821 -2.0563134694680864e-05
0.60772858787387773 0.24373957366993698 0.073765824953344661
0.58485064256183794 0.26722625453037779 0.14512698599806581
0.55238544540775192 0.29020621199551322 0.21284236388631272
0.51088729857958992 0.31228676522492005 0.27575335492628
0.46106515875345944 0.33309050793880801 0.33278315739518399
0.40377063982229955 0.35226175461104919 0.38295527050565265
0.33998353807194098 0.36947263112850504 0.42541031390169526
0.27079511753261787 0.38442870245723559 0.45942086362202805
0.19738943818171562 0.39687403656398085 0.48440403283599948
0.12102304979742037 0.4065956129915651 0.49993156503405689
0.043003408016412357 0.41342699592443133 0.5057372527448476
-0.035333604635238339 0.41725120501761581 0.5017215449153517
-0.11264665202491719 0.41800273232005919 0.48795325935170314
-0.18761200199495623 0.41566866987630102 0.46466837166544034
-0.25894625778246344 0.41028892958969587 0.4322659078053423
-0.32542836155179528 0.40195555417552392 0.39130102236797482
-0.38592048675856749 0.39081113488909186 0.34247539813082251
-0.43938746452993954 0.37704636733853075 0.28662515144854739
-0.48491442671801127 0.36089679010875986 0.22470647008084979
-0.52172239093228856 0.34263876144321914 0.15777924116751005
-0.54918155384000278 0.32258473716530078 0.086988946096521899
-0.5668220919207213 0.30107792002602402 0.013547109639806791
-0.57434229572754147 0.2784863582467762 -0.061289398701578658
-0.57161390080828423 0.2551965765999249 -0.13623989869286229
-0.55868454180602367 0.23160681840467856 -0.2100219518022052
-0.5357773776309751 0.20811993626422839 -0.28137365708326556
-0.50328916182203753 0.18513539356816208 -0.34907643310993786
-0.52092087059830461 0.25038096340688121 -0.38158537485986643
-0.47772235001682034 0.22734794532072941 -0.44712519198855671
-0.42585391887813245 0.20564032978481184 -0.506543566037297
-0.36619656091685354 0.18563334320218952 -0.55881991509508977
-0.2997691285602892 0.16767173803620922 -0.60305646917423295
-0.22770849164851314 0.15206466975871766 -0.63849344861665025
-0.15124933803571594 0.13908045088900742 -0.66452234632817664
-0.071702486197370741 0.12894194155620259 -0.68069655369109217
0.0095680565634647698 0.12182273468329291 -0.68673908524516336
0.091168894975271045 0.11784422326386329 -0.68254725937111849
0.17170146550157822 0.11707360502568462 -0.66819426994449149
0.24978622680900248 0.1195228533984187 -0.64392765653913608
0.32408638644086868 0.12514865930026037 -0.61016474684890143
0.39333075710543636 0.13385332634303782 -0.56748520147300496
0.45633537185012535 0.14548658464384168 -0.51662083515285462
0.51202352428742248 0.15984827616869612 -0.45844292066935122
0.55944393364859812 0.17669185599657944 -0.39394720624675489
0.59778676451945389 0.19572864678308957 -0.32423689944373069
0.62639726019545172 0.21663277633178241 -0.2505038930021069
0.64478677956946695 0.23904672006010719 -0.17400853109795356
0.65264106196340144 0.26258736168856422 -0.09605823642538508
0.64982558254129807 0.28685247737309627 -0.017985337898648271
0.63638790238765497 0.3114275412595009 0.058875545582068589
0.61255696141268479 0.33589274433908883 0.13321019839768514
0.57873930868211421 0.35983011362018147 0.20374720467367338
0.53551231338651095 0.38283061511777799 0.26927967217879667
0.48361445021476684 0.40450112218682788 0.3286859117466544
0.42393280467559813 0.42447113058375197 0.38094871081986609
0.35748799580078389 0.44239910364601842 0.42517285772543467
0.28541676404886845 0.45797833541418076 0.46060059925511948
0.20895251931003661 0.47094222653047163 0.48662474805636263
0.12940418582446775 0.48106887733241338 0.50279919763727809
0.048133715960705079 0.48818491453958474 0.50884665038205801
-0.033467328075332807 0.49216848199016894 0.50466341637765977
-0.11400170714015175 0.49295134160402121 0.4903211964519586
-0.19209052582107691 0.4905200476759608 0.46606582001026703
-0.2663969136607543 0.48491617527628872 0.43231296575051831
-0.33564894842122633 0.47623560148827238 0.38964095008333899
-0.39866142103899516 0.46462685588405145 0.33878072309096668
-0.45435607023620533 0.4502885732458744 0.28060326352329512
-0.50177995322966706 0.43346609601608144 0.21610460976689427
-0.5401216651411731 0.41444728524341562 0.14638879886505335
-0.56872516703635645 0.39355760660784034 0.072649007234360519
-0.58710102218107474 0.37115456381426126 -0.0038528039859648325
-0.59493486932890383 0.34762155749004653 -0.081807430918754989
-0.59209299498396151 0.32336125250030073 -0.1598808393837326
-0.57862492758788708 0.29878853103657871 -0.236737128334916
-0.5547631018816791 0.27432306544035256 -0.31106176942874131
-0.5209208705781313 0.25038096339087007 -0.3815853749034458
-0.53855271157303841 0.31562658373345459 -0.41409440844762541
-0.49362660070002257 0.29167208838918202 -0.48225599347423975
-0.43968363531723381 0.26909608575800315 -0.54405124833924501
-0.37764004362200121 0.24828882707589997 -0.59841872228047721
-0.30855548909353242 0.22960883344633917 -0.64442473172832626
-0.2336123828641552 0.21337757952218211 -0.68127914522472044
-0.15409483884930425 0.19987406385538184 -0.70834916677898085
-0.071366112096160866 0.18933003440800764 -0.72517035732384227
0.013155246202285498 0.18192602872132801 -0.73145465305528756
0.098020120525475943 0.17778831966166755 -0.72709523633541906
0.18177400473397698 0.17698682801235446 -0.7121681869437817
0.26298215804444069 0.17953403806310508 -0.68693091140313234
0.34025428983114481 0.18538492639829934 -0.65181741728923182
0.41226834384509697 0.19443788870082371 -0.60743056302227416
0.47779298910559048 0.20653662829759437 -0.5545314650759311
0.53570846581831821 0.22147295531751909 -0.49402628175325558
0.58502547348243161 0.23899043571483852 -0.42695061917388188
0.62490182264972705 0.25878882245385521 -0.35445182665447167
0.65465660329977249 0.28052919455498454 -0.27776946955206233
0.67378165462407313 0.30383972238239643 -0.19821428927685394
0.68195015557060301 0.32832196956875959 -0.11714598172436211
0.67902219378128792 0.35355763391469464 -0.035950145200167469
0.66504721251894117 0.37911562208729482 0.043985234393891397
0.64026328040186942 0.40455934639873231 0.12129338068822541
0.6050931769071215 0.42945412660903054 0.19465201789551007
0.56013733733259308 0.45337457578096496 0.26280596477560503
0.50616375383070988 0.47591184695019106 0.32458864411096655
0.44409498338709097 0.49668061708947314 0.37894213102710261
0.37499246798249763 0.51532568685939029 0.42493538220720706
0.30003842490973875 0.53152807923491707 0.46178031517918733
0.22051561441371104 0.54501052741663669 0.48884544236197597
0.13778533552412003 0.55554225246022371 0.50566680778910278
0.053264037465717749 0.56294294358713282 0.51195602421674913
-0.031601037921945019 0.56708586882460588 0.50760526309348386
-0.11535674849013075 0.56790006001303062 0.49268910785112341
-0.19656903514424884 0.56537153382212391 0.46746324041520804
-0.27384755245391162 0.55954352875467306 0.43235999026996275
-0.34586951158135604 0.55051575673698638 0.38798083376080544
-0.41140231862543153 0.53844268631292713 0.33508598779520826
-0.46932461937763043 0.52353089199457425 0.27458129568687828
-0.5186454000993761 0.50603551993190854 0.20750265136654553
-0.55852084244838573 0.48625593239947018 0.13499824754971593
-0.5882686840012884 0.46453060169445481 0.058308958878817499
-0.60737988396951914 0.44123132855416863 -0.021252819215377177
-0.61552742868884613 0.41675686365102593 -0.10232555517728442
-0.61257214241141933 0.3915260135818191 -0.18352186784355506
-0.5985654250054121 0.36597030617044773 -0.26345239552267807
-0.57374896544836562 0.34052624351988664 -0.34074997665324142
-0.53855271155256068 0.3156265837175255 -0.4140944084911346
-0.55618468938478527 0.38087225374303929 -0.44660353587391066
-0.50953098302140276 0.35599628589660554 -0.51738688679541545
-0.45351345183853142 0.33255191859711009 -0.58155900291468177
-0.38908358276189742 0.31094442277640338 -0.6380175652521195
-0.31734186865939484 0.29154607604741017 -0.68579298842747749
-0.23951627165369782 0.27469066107650497 -0.72406480353796476
-0.15694033081650668 0.26066785714096219 -0.75217593474850242
-0.071029730863560278 0.24971830131288239 -0.76964411319296588
0.016742440237403188 0.24202948128443239 -0.77617019078851979
0.10487135061024971 0.23773255618439171 -0.77164320573481726
0.19184655191112474 0.23690017461606028 -0.75614211712405199
0.27617810231328072 0.23954533408914419 -0.72993419490454803
0.35642221101353189 0.24562129729780421 -0.6934701256995579
0.43120595125133637 0.25502255140254232 -0.64737596652405949
0.49925062717939822 0.26758677197544062 -0.59244213705412785
0.55939342548611404 0.28309773628553758 -0.52960968275178488
0.61060702650565202 0.30128912018032045 -0.45995406913493908
0.6520168878656446 0.32184910604912437 -0.38466678841529861
0.68291594760941055 0.34442572342897171 -0.30503507916229372
0.70277652650260791 0.36863283720198009 -0.22242008003418892
0.71125924394453932 0.39405669079182865 -0.1382337596892752
0.70821880024123418 0.42026290378869963 -0.053914985193821784
0.69370652040653802 0.44680381568856137 0.02909489108637979
0.66796960093286162 0.47322606047037069 0.10937653227358589
0.63144705075482854 0.4990782509284028 0.18555680255164875
0.58476237047063173 0.52391864733609195 0.25633223127016769
0.52871306920277517 0.54732268244672366 0.32049135262996414
0.46425717528030191 0.56889021438950593 0.37693552895495019
0.39249695380205596 0.58825238103652511 0.42469788498636102
0.31466009924648963 0.60507793417705746 0.4629600089547673
0.23207872260485121 0.61907893947177184 0.4910661132906749
0.14616649799790052 0.63001573863212301 0.50853439300480385
0.058394371629840978 0.63770108335483344 0.51506537174789724
-0.029734735085332902 0.64200336585825712 0.51054708268974414
-0.11671177709526444 0.64284888793255301 0.49505699174839346
-0.20104753143599344 0.64022312870155662 0.46886063247318877
-0.28129817676231572 0.63417099029349588 0.43240698339339595
-0.35609005562663198 0.62479601987829336 0.38632067866404851
-0.42414318659495692 0.61225862562394284 0.33139120065280575
-0.48429312076544379 0.59677332250427095 0.26855925812507525
-0.53551077533380786 0.57860506062899641 0.19890060452937727
-0.57691992633342626 0.5580647023915033 0.12360759421705679
-0.60781210082987946 0.53550372361334964 0.043968804690709212
-0.62765866637234291 0.51130821758130485 -0.03865293471731527
-0.63611996006785088 0.48589228149294106 -0.12284377090193686
-0.63305133230521826 0.45969086431766931 -0.20716298355726931
-0.61850603014819749 0.43315214627988052 -0.29016775344308832
-0.59273497088832705 0.40672947057681458 -0.37043828012700497
-0.55618468936402943 0.38087225372718059 -0.44660353591737245
-0.57381680888398656 0.44611797247321378 -0.47911275930331038
-0.52543549859695848 0.42032053852402046 -0.55251787258234297
-0.46734336448658592 0.39600783221335611 -0.61906682676215574
-0.40052717045515035 0.37360013666503628 -0.67761643756020251
-0.32612825898950953 0.35348347187932228 -0.72716123223704099
-0.24542015197215872 0.33600391716240291 -0.7668504197139614
-0.15978581053319266 0.32146182876594026 -0.79600265187743335
-0.070693340608025651 0.31010673635551511 -0.81411782794181087
0.020329640248107895 0.30213308480925044 -0.82088570745352352
0.11172258683831651 0.29767692608054702 -0.81619117586962642
0.20191910822397893 0.29681364048524106 -0.80011606605069563
0.28937405978136849 0.29955673990907183 -0.77293750940252193
0.3725901489168284 0.30585777265802772 -0.73512287195676085
0.45014357736348537 0.31560731634299111 -0.68732141057756269
0.52070828394076429 0.32863701783962235 -0.63035284947957582
0.58307840175185888 0.34472262082303801 -0.56519312247964837
0.63618859229711267 0.36358791041352184 -0.49295755553917847
0.67913196102478524 0.38490949784472306 -0.41488178459876263
0.71117529507817068 0.40832236265790728 -0.33230072192992366
0.73177139784891654 0.43342606389637872 -0.24662590349639252
0.74056832993761923 0.45979152464053896 -0.15932157039664871
0.73741540455117027 0.48696828635508799 -0.071879857945124304
0.72236582815551642 0.51449212159830759 0.014204515489682089
0.69567592443708481 0.54189288629555321 0.097459652743908068
0.65780093097702896 0.56870248650907207 0.17646155788733281
0.60938741297114507 0.59446282985809551 0.24985847052130714
0.55126239607510708 0.61873362884131344 0.31639403580900799
0.48441937983725519 0.64109992268943516 0.37492890285247832
0.410001452613939 0.66117918638844686 0.42446036418713018
0.32928178636777089 0.67862790043977883 0.46413967870324507
0.24364184317423082 0.69314746288342111 0.49328675902958491
0.15454767251393625 0.70448933603812847 0.51140195152923174
0.063524717692145002 0.71245933405754802 0.51817469122261905
-0.02786842035379776 0.71692097335390081 0.51348887341498439
-0.11806679381413256 0.71779782568462602 0.49742484661291064
-0.20552601584813543 0.71507483267285765 0.47025799546689773
-0.28874878859218767 0.7087985601987824 0.43245394617549554
-0.36631058431453667 0.69907639098639074 0.38466048862425423
-0.43688403127824132 0.68607467342482387 0.32769636869322111
-0.49926158316368591 0.67001586377965783 0.26253716028196278
-0.55237608810987382 0.65117471673520044 0.19029847907702746
-0.59531892253935681 0.62987359425577849 0.11221684668985232
-0.62735541600348377 0.6064769729561964 0.029628549231258038
-0.64793735977713718 0.58138523380101925 -0.056053148587564786
-0.65671244954901054 0.55502781573559679 -0.1433620772352438
-0.65353055297106921 0.52785580940951837 -0.23080418581667436
-0.63844673849926437 0.50033405401173747 -0.3168832020475868
-0.61172112081785879 0.47293274661834334 -0.40012668125784739
-0.57381680886297481 0.44611797245741486 -0.4791127593467443
-0.59144907538713287 0.51136373874028007 -0.51162208111475027
-0.54134014901271899 0.48464484693767024 -0.58764895149458174
-0.48117336880567774 0.45946383070403962 -0.65657471665567213
-0.41197079838226985 0.43625597512924974 -0.7172153326377072
-0.33491465190892061 0.41542102641806145 -0.76852945667311334
-0.25132401838769453 0.39731734929834212 -0.80963599134756081
-0.16263127533795027 0.38225597532044531 -0.83982932167066271
-0.070356940001533044 0.37049533260256767 -0.85859150971596743
0.023916847437049485 0.36223683144387309 -0.8656012127148448
0.11857383049660494 0.35762142289649484 -0.86073915494494857
0.21199167455558324 0.35672722174585358 -0.84409003889868139
0.30257003041674596 0.35956825424219147 -0.81594085700100349
0.38875810250161047 0.366094353076521 -0.77677565599604081
0.46908122050769963 0.37619218506013524 -0.72726689409108458
0.54216595771183562 0.38968736755857353 -0.66826360114023053
0.60676339355393327 0.40634761020332955 -0.60077660009560241
0.66177017082329614 0.42588680706353294 -0.5259610780281021
0.70624704323938081 0.44796999786910796 -0.44509681520179195
0.73943464780549606 0.47221911179595955 -0.35956639799711404
0.7607662714020339 0.49821940174932638 -0.27083175977754809
0.76987741650622177 0.52552647032471933 -0.18040941385778195
0.76661200949261754 0.55367378090020081 -0.089844763392763663
0.75102513808318083 0.58218053926865809 -0.00068589236513296392
0.72338225261418831 0.61055982352307614 0.085542741974067305
0.68415481863247052 0.6383268331832509 0.16736628351909527
0.63401246532985456 0.66500712332269263 0.24338468184235709
0.57381173451647816 0.69014468620358327 0.31229669268410432
0.50458159684856996 0.71330974210698539 0.37292225156687336
0.42750596405494584 0.73410610304727786 0.42422281859363203
0.34390348583281666 0.7521779781516017 0.46531932326953424
0.25520497562698707 0.76721609777393041 0.49550737856183197
0.16292885851074865 0.77896304480427592 0.51426948248236481
0.068655075006645708 0.7872176958432856 0.52128398181806812
-0.026002094457273459 0.79183869150319197 0.5164306344107914
-0.1194217994647248 0.79274687352143514 0.49979267158775409
-0.2100044894048487 0.78992664604361407 0.47165532889184486
-0.29619938958896314 0.78342623877447903 0.43250087923749753
-0.37653110074492835 0.77335687021022759 0.38300026643871921
-0.4496248582656816 0.75989082946290043 0.32400149769804643
-0.51423001510004041 0.74325851493413464 0.25651501074962357
-0.56924134857587871 0.72374448678274694 0.18169628483471825
-0.61371783917006439 0.7016826065945474 0.10082601358139315
-0.64689863090736555 0.67745034963041428 0.015288198079984321
-0.66821595654880606 0.65146237953281616 -0.073453458204504038
-0.67730488347475115 0.62416347093727975 -0.16388047296005639
-0.67400979194964028 0.59602085375181912 -0.2544454736915695
-0.65838754506140451 0.5675160321581858 -0.34359874116694639
-0.63070741815028075 0.53913607150946341 -0.42981518155288756
-0.59144907536588653 0.511363738724533 -0.51162208115816976
-0.60908149447291215 0.57660955126955493 -0.54413150382220221
-0.55724493558019983 0.54896921193844095 -0.62278012409092587
-0.4950034596222691 0.52291991848879793 -0.69408266899987003
-0.42341445767643354 0.49891194464900895 -0.75681424371431183
-0.34370103938806124 0.4773587445204302 -0.80989765586272788
-0.25722786619159527 0.45863095770490203 -0.85242151758005269
-0.16547672335984903 0.44305029204491575 -0.88365594942466708
-0.070020528265646656 0.43088408239173137 -0.9030651678088415
0.027504062642663973 0.42234071343008361 -0.91031671638521872
0.12542508253923548 0.41756604079545678 -0.9052871506163056
0.2220642514725106 0.41664091518196777 -0.88806404016607199
0.31576601400426685 0.41957987616150494 -0.85894423941608489
0.40492607078454729 0.42633103911189807 -0.81842847775606642
0.48801887929826199 0.43677715877012818 -0.76721241624043801
0.56362364722092928 0.45073782237584897 -0.70617439116547853
0.6304484002104197 0.46797270531849045 -0.63636011503992351
0.68735176230195305 0.48818581051442889 -0.55896463641838179
0.73336213571741693 0.5110306060070372 -0.47531188030494526
0.76769400786757203 0.53611597034160519 -0.38683210753208219
0.78976114982398748 0.563012850034594 -0.29503764898394175
0.7991865065381496 0.59126152705593193 -0.20149729004729855
0.79580861782808165 0.62037938670364923 -0.10780970140118311
0.77968445255372232 0.64986906812868794 -0.015576332322105427
0.75108858727288286 0.67922687176273111 0.073625800024382751
0.71050871493783474 0.70795129073200558 0.15827097931398615
0.65863752823119204 0.73555152764761733 0.23691086486039359
0.59636108479682515 0.76155585454360242 0.30819932266113087
0.52474382630306526 0.7855196727030288 0.37091557436142525
0.44501048794616282 0.80703313109373098 0.42398524744279464
0.35852519736583371 0.82572816739573951 0.4664989419844861
0.26676811961228836 0.84128484422486183 0.49772797139656044
0.1713100555473106 0.85343686501693306 0.51713698556457399
0.073785443017231139 0.8619761688171288 0.52439324335118098
-0.024135758071718937 0.86675652044821072 0.51937236547971966
-0.12077679482668692 0.8676960316402631 0.50216046637693934
-0.21448295302635303 0.864778569073125 0.47305263249178309
-0.30364998107794283 0.85805402631043104 0.43254778290209306
-0.38675160734353625 0.84763745775594113 0.38134001396591033
-0.46236567219702196 0.83370709362886564 0.32030659209673407
-0.52919842437346964 0.81650127524743377 0.25049281691837472
-0.58610656720215937 0.79631436932121624 0.17309403118047151
-0.63211668624090089 0.77349173768295576 0.089435103980199535
-0.6664417498578129 0.74842385287534952 0.00094775775528888756
-0.68849445134475185 0.72153965643986606 -0.090853860184754415
-0.69789724853816582 0.69329925146469384 -0.18439895646082327
-0.69448903571720455 0.66418600252766835 -0.27808684598963385
-0.67832844401972403 0.63469808378996539 -0.37031437045052817
-0.64969386591380129 0.60533944506671267 -0.45950378256821195
-0.60908149445145465 0.57660955125385782 -0.54413150386561204
-0.62671407041741234 0.64185540947161934 -0.57664102945102957
-0.57314985790342665 0.6132936352592544 -0.65791139003943555
-0.50883362977175817 0.58637610113405481 -0.73159067889985074
-0.43485813790475397 0.56156805258847675 -0.79641316283635377
-0.35248741285651841 0.5392966311186187 -0.85126582363566017
-0.26313169090697536 0.519944742049393 -0.89520699812347693
-0.16832215310183335 0.50384477381498505 -0.92748254093778593
-0.069684104870050806 0.49127297854613128 -0.94753881104621906
0.031091286445705132 0.48244472436856772 -0.95503222671373755
0.13227634348681228 0.47751077571278677 -0.94983516841536164
0.23213683894737391 0.47655471924437859 -0.93203807231947755
0.32896200970328987 0.47959160601448458 -0.90194765679630096
0.42109405221230883 0.4865678321905853 -0.86008133610357929
0.50695655180746013 0.49736223929532331 -0.80715797546936285
0.5850813505725484 0.51178838405228 -0.74408521811960315
0.65413342021771026 0.52959790760893932 -0.67194366625633395
0.71293336586971012 0.55048492177526864 -0.59196823008474508
0.76047723833674263 0.57409132283345721 -0.50552697963676041
0.79595337582612413 0.60001293850965398 -0.41409785048543957
0.81875603416741127 0.62780640872502635 -0.31924357116829549
0.82849560130181499 0.65699669469419641 -0.22258519905834107
0.8250052307557022 0.68708510362339936 -0.12577467211724491
0.80834377246489886 0.71755770810787467 -0.030466804655605351
0.778794928878629 0.74789403104683261 0.061708826394361843
0.73686261990214752 0.7775758592861719 0.14917564446258669
0.68326260129402194 0.80609604303502003 0.23043701842227474
0.61891044626558034 0.83296713409917045 0.30410192427043897
0.54490606741667313 0.85772971471832427 0.36890886953507473
0.46251502348732143 0.87996027074891692 0.42374764892515182
0.37314692022779788 0.89927846836359326 0.46767853306190521
0.27833127448347422 0.915353702399469 0.49994853587821786
0.17969126306190319 0.92791079682193733 0.52000445929982053
0.078915821223709742 0.93673475312453469 0.52750247449408805
-0.02226941164576968 0.94167446035544289 0.52231406533438529
-0.12213178027718399 0.9426453002525349 0.50452822961146315
-0.21896140700697445 0.93963060203822979 0.474449904818872
-0.31110056340901449 0.9326819231465433 0.43259465596692698
-0.39697210503979724 0.9219181539587924 0.37967973103198754
-0.47510647564979303 0.9075234660647048 0.31661165385080769
-0.54416681651412668 0.88974414435474014 0.24447058373193528
-0.60297175285963944 0.86888436321519213 0.164491725758176
-0.650515473747864 0.84530098583203395 0.078044126381359741
-0.68598477862178042 0.81939748158479575 -0.013392764938918264
-0.7087728400655573 0.79161706577475699 -0.10825435068353534
-0.71848953056306419 0.76243516180434356 -0.20491752583605732
-0.71496826795530377 0.73235126173338838 -0.30172830119546623
-0.69826942695870398 0.70188021289279612 -0.39703008910785142
-0.66868046572920126 0.67154286769121851 -0.48919248550228117
-0.62671407039576432 0.64185540945597375 -0.57664102949443707
-0.64434680361229668 0.7071013147018218 -0.60915065850793237
-0.58905491168851876 0.67761812076332462 -0.6930427469108329
-0.52266386812081478 0.64983238663153109 -0.76909873870528311
-0.44630182543458186 0.62422430847352728 -0.83601207927767407
-0.36127376202840417 0.60123469241163652 -0.89263395196659634
-0.2690354873778848 0.58125870276820313 -0.93799243151661782
-0.1711675626849293 0.56463941678228458 -0.971309100330358
-0.069347669021359276 0.55166201623762401 -0.9920124452736796
0.034678519345039911 0.54254886106963807 -0.99974774786173992
0.13912761326828438 0.53745562705228489 -0.99438320944173775
0.24220943589899857 0.53646863560607461 -0.97601213372977025
0.34215801528827611 0.53960344692478313 -0.94495110582753594
0.43726204358342269 0.54680473611999469 -0.90173422705314132
0.52589423416385628 0.55794743059997975 -0.84710356783106933
0.60653906354987652 0.57283905639522825 -0.78199607851427455
0.67781844930892787 0.5912232205464405 -0.70752725093130409
0.73851497745189731 0.61278414388705449 -0.62497185696711333
0.78759234737313077 0.63715215092941946 -0.53574211187287823
0.82421274835324232 0.66391001845089848 -0.44136362619523234
0.84775092143019415 0.69260007961594661 -0.34344952624929576
0.85780469796594816 0.72273197477527495 -0.24367314134217147
0.85420184543472599 0.75379093302581168 -0.1437396765312437
0.83700309482333668 0.78524646046773683 -0.045357310948305002
0.80650127422229378 0.81656130256363324 0.049791818837951016
0.76321653013262591 0.84720053996272449 0.140080276004307
0.70788768105401922 0.87664067051425876 0.22396313885117919
0.64145981554648845 0.90437852579014044 0.30000449318038341
0.56506831707075811 0.92993986894628688 0.36690213222156348
0.4800195679648539 0.95288752267403021 0.42351001780019598
0.38776865221576989 0.97282888159123782 0.46885809106168663
0.28989443860528052 0.98942267272728346 0.50216906652771209
0.18807248000116222 1.002384840569436 0.5228718982890207
0.084046209142786224 1.0114934490692258 0.53061166998095199
-0.020403055104956078 1.0165925115191903 0.52525572882068028
-0.12348675517347477 1.0175946796836732 0.50689595617687944
-0.22343985011174766 1.014482745337469 0.47584714076757129
-0.31855113481312136 1.0073099297862882 0.43264149351858877
-0.40719259189205043 0.996198959414205 0.37801941351025925
-0.48784726744421297 0.98133994733670993 0.31291668067273753
-0.55913519259788003 0.9629871225112584 0.23844831189404553
-0.6198369100780905 0.94145446805223654 0.15588937266681582
-0.66891420868254692 0.91711034992576623 0.066653087096184976
-0.70552772180869683 0.8903712348547943 -0.027733363994334573
-0.72905111786489352 0.86169460884198479 -0.12565492594240868
-0.73908171248318111 0.83157120707660626 -0.22543617910650243
-0.73544746686976403 0.80051663897993464 -0.32536983739060893
-0.71821048008190602 0.76906242534678126 -0.42374589550976527
-0.68766721545182441 0.73774634133267247 -0.51888129055831456
-0.64434680359045393 0.70710131468621418 -0.60915065855138228
-0.66197969145589775 0.77234726988874725 -0.64166039035197853
-0.60496009018980157 0.74194267360216259 -0.72817419102754644
-0.53649416074462786 0.71328878458139733 -0.80660683891968976
-0.45774550454198543 0.68688072304705428 -0.87561098065029752
-0.37006007605381663 0.66317293469996119 -0.93400203244066737
-0.27493925063966823 0.64257284001482617 -0.98077781653811003
-0.17401295032886635 0.62543421761070972 -1.0151356311110296
-0.069011219880704522 0.61205119232363114 -1.0364860742573212
0.03826576172521598 0.60265312274043314 -1.0444632809512053
0.14597889139632358 0.5974005966530902 -1.038931271660525
0.25228204059982789 0.59638266800070905 -1.0199862201037049
0.35535402776610764 0.59961540362626042 -0.98795458113324908
0.45343004083347449 0.60704175599032739 -0.94338714503168908
0.54483192148115644 0.61853273776925233 -0.88704918808862832
0.62799678068710663 0.63388984429366335 -0.81990696775109417
0.7015034816770731 0.65284864870420078 -0.7431108652842624
0.76409659113263773 0.67508348102099847 -0.65797551420035871
0.81470745699580538 0.70021309401461762 -0.56595727508867011
0.85247211981567361 0.72780721343186638 -0.46862943364587339
0.87674580618758136 0.75739386556402444 -0.3676555140669574
0.88711379124067147 0.78846736981672083 -0.26476111755746273
0.88339845660203298 0.82049687716260533 -0.16170471612332074
0.86566241430722191 0.8529353272503809 -0.060247853541915031
0.8342076179059259 0.88522868817512379 0.037874774099584917
0.78957044022121547 0.91682533444875014 0.13098486973880133
0.73251276223124462 0.94718541158781588 0.21748922102064128
0.66400918766746819 0.97579003092153938 0.29590702341907016
0.58523057078674545 1.002150136488013 0.36489535574168019
0.49752411755545017 1.0258148877714535 0.42327234685962478
0.40239039028119639 1.0463794078003943 0.47003760844126685
0.30145760977504948 1.0634917557784531 0.50438955565540677
0.19645370503568524 1.0768589967149598 0.52573929485353199
0.089176606314529117 1.0862522570339896 0.53372082225312389
-0.018536688054524346 1.0915106742945757 0.52819734854477507
-0.12484171826814905 1.0925441703093268 0.50926363882673209
-0.22791828022035721 1.0893349994186312 0.47724433320575232
-0.3260016923039174 1.0819380467996929 0.43268828861415348
-0.41741306425544344 1.0704798748394386 0.37635905503098577
-0.50058804399207457 1.055156538250791 0.30922166762846054
-0.57410355054584072 1.0362302103863708 0.23242599913432843
-0.63670204005287134 1.0140246839661753 0.1472869732368236
-0.68731289584268374 0.98891982928155009 0.05526199065567132
-0.72507058411407754 0.96134511175539439 -0.042074033848810963
-0.74932928134503163 0.93177228649890065 -0.14305558186316622
-0.75967377683797666 0.90070739234806374 -0.24595491391881652
-0.75592660683580337 0.86868214296548529 -0.34901145219757229
-0.73815158553190918 0.83624472846727549 -0.45046178732412728
-0.70665411104967879 0.80394986873390484 -0.54857019739435253
-0.66197969143380531 0.77234726987311841 -0.64166039039558143
-0.67961273956824997 0.83759327431078778 -0.67417022772987667
-0.62086539617755432 0.80626729352725135 -0.76330572425209264
-0.55032450127407551 0.77674529932095115 -0.84411497598988483
-0.46918916654216714 0.74953730085388426 -0.915209861932473
-0.37884635142281453 0.72511135638725166 -0.97537006653274816
-0.28084298203302066 0.70388714559899057 -1.0235631629669344
-0.17685831855624887 0.68622916548956947 -1.0589621470306829
-0.068674758989411833 0.67244049717226739 -1.0809597107969098
0.041853013180639428 0.66275750242976117 -1.0891788355708729
0.15283017809121921 0.65734567991911319 -1.0834793616108493
0.26235465360029958 0.65629681323916023 -1.0639603360145344
0.36855004802770785 0.65962747355170948 -1.0309580862640728
0.4695980453094889 0.66727888944286806 -0.98504009306632145
0.56376961564918182 0.67911815850708157 -0.92699483891893986
0.64945450446463115 0.69494074547797557 -0.85781788819048144
0.7251885204380194 0.71447418981729471 -0.77869451135547429
0.78967821071257982 0.73738293089023954 -0.69097920347948549
0.84182257171015995 0.76327414976727248 -0.5961724705757262
0.88073149536819895 0.79170452111585454 -0.49589527363817226
0.90574069408686586 0.82218776427378959 -0.39186153484219088
0.91642288702250652 0.8542028776409335 -0.2858491272909553
0.91259507012012075 0.88720293404862771 -0.17966978985032239
0.89432173648052427 0.92062430671605866 -0.07513843082552002
0.86191396499505835 0.95389618640926166 0.025957694260527027
0.81592435462051405 0.98645024153302907 0.12188942811763313
0.75713784862937272 1.0177302652781244 0.21101526767798545
0.68655856580015329 1.0472016487131846 0.29180951799450389
0.60539283114236553 1.0743605167246479 0.36288854336597881
0.51502867427618426 1.098742365553081 0.42303463966109811
0.41701213589313296 1.1199300466100464 0.47121708907231347
0.31302078890277185 1.1375609512607794 0.50661000745859042
0.2048349384867427 1.1513332650397667 0.52860665349717995
0.094307012434746235 1.1610111768588012 0.5368299360605262
-0.016670311451909031 1.166428948565247 0.53113892938823193
-0.12619667116933811 1.1674937720422283 0.51163128240081113
-0.23239669953995132 1.1641873642117679 0.47864148671625312
-0.33345223860042922 1.1565662741259155 0.4327350453976393
-0.42763352534918159 1.1447609001667505 0.37469865931467605
-0.51332880935391267 1.1289732386647973 0.30552661844865192
-0.58907189633301604 1.1094734075542871 0.2264036501425625
-0.65356715250607123 1.0865950098132906 0.1386845342210582
-0.70571155003884756 1.060729421519873 0.043870846136517719
-0.74461338325321424 1.0323191087661168 -0.05641476468731782
-0.76960734294733757 1.0018500958688112 -0.16045631070185434
-0.78026572108227721 0.96984371856856033 -0.26647372581444212
-0.77640567266085414 0.93684777911320782 -0.37265314282074763
-0.75809273473467687 0.90342712635389788 -0.47717776324342709
-0.72564116064578421 0.87015344777205661 -0.57825920873098535
-0.67961273954584855 0.83759327429505726 -0.67417022777372393
-0.69724597516206843 0.90283931736329626 -0.70668018219697659
-0.63677085798051936 0.87059196595757804 -0.79843736312615632
-0.56415490433795978 0.84020192104877867 -0.88162316243012229
-0.48063282178843675 0.81219403052887018 -0.9548087373496793
-0.38763260230003888 0.78704993756722452 -1.0167380790672835
-0.28674669710151984 0.76520159258789988 -1.066348505530359
-0.17970367964305045 0.74702423173325905 -1.1027886862599672
-0.068338293447593013 0.73282990389274261 -1.1254333914131682
0.045440271620010339 0.72286197577465761 -1.133894444981197
0.15968147573021735 0.71729085426309203 -1.1280275097450601
0.2724272815007947 0.71621104960631121 -1.1079345098807865
0.38174608684522843 0.71963963536482256 -1.073961647914274
0.48576607186974674 0.72751611543277539 -1.0266930959555345
0.58270733540625519 0.73970367218223054 -0.96694054282104236
0.67091225720599768 0.75599173989590585 -0.89572885959927639
0.74887359116709606 0.77609982454760729 -0.81427820579719878
0.81525986465748868 0.79968247497265865 -0.72398293800903024
0.86893772245362211 0.82633530057455018 -0.62638770778854991
0.90899090790215542 0.85560192490557829 -0.52316115160647314
0.93473561933878935 0.88698176028478204 -0.41606758977869968
0.94573202011108326 0.9199384840455751 -0.30693716740076504
0.94179172060097238 0.95390909084002029 -0.19763489022922937
0.92298109501028869 0.9883133874397283 -0.090029031098843609
0.88962034752649166 1.0225637872716371 0.014040595017175767
0.84227830315317531 1.0560752526166548 0.11279397054838605
0.78176296737699902 1.0882752243086165 0.20454130162413187
0.70910797398713032 1.1186133731109111 0.28771200276921238
0.62555511876653858 1.1465710047077105 0.36088172367683846
0.53253325505876736 1.1716699520491018 0.42279692714735906
0.43163390203640228 1.1934807948945196 0.47239656586864143
0.32458398481061701 1.2116302567510526 0.50883045639221336
0.21321618484030364 1.2258076436736212 0.53147400974120318
0.099437427533574277 1.2357702070689545 0.53993904746812849
-0.014803929773782273 1.2413473330875577 0.53408050739129653
-0.12755162282540244 1.2424434837011111 0.51399892229926392
-0.23687512134868408 1.2390398384299468 0.48003863540225544
-0.34090279105338495 1.2311946102105409 0.43278179601695888
-0.43785399627706295 1.2190420334185805 0.37303825600823992
-0.52606958821028282 1.2027900460044936 0.30183156005770884
-0.60404025859600341 1.182716710576585 0.22038128944734148
-0.6704322813545025 1.1591654408042913 0.13008207857894893
-0.72411021221978533 1.1325391197751558 0.032479675542153905
-0.76415616662864616 1.1032932164926517 -0.070755536343589248
-0.78988534919841358 1.0719280262143807 -0.17785709688865964
-0.80085757752221332 1.0389801773318463 -0.28699260602228066
-0.79688467853340172 1.0050135438062739 -0.39629490612062485
-0.77803394556380878 0.97060961394482526 -0.50389382523637916
-0.74462840331326441 0.93635706394288853 -0.60794833518110769
-0.69724597513949893 0.90283931734755185 -0.70668018224085494
-0.71487940826563612 0.96808539680254513 -0.73919025855060272
-0.65267650129501675 0.93491667758953056 -0.83356912323574073
-0.57798537828847674 0.9036586439086397 -0.91913140640393032
-0.49207647665692922 0.87485090331381321 -0.99440761773015163
-0.39641884147852796 0.84898865948381042 -1.0581060932727373
-0.29265041006176667 0.82651615640562537 -1.1091338760164371
-0.18254904421984067 0.80781939200529951 -1.1466152814418977
-0.068001829149709342 0.79321939100192596 -1.169907145590332
0.049027535275175636 0.78296652386267618 -1.178610135276785
0.16653278610309016 0.77723610217395256 -1.1725757398815539
0.28249992947110714 0.77612536011469124 -1.1519087640907513
0.39494215273440025 0.77965187225941857 -1.1169652872409976
0.50193413227947159 0.78775341734942839 -1.0683461733948458
0.60164509557332502 0.80028926252402954 -1.0068863176583835
0.6923700565488331 0.81704281175428617 -0.93363989766270095
0.77255871407846999 0.83772553766951885 -0.84986196183123774
0.84084157551724359 0.8619820986662895 -0.7569867282995788
0.89605293383057061 0.88939653251213624 -0.65660299428744329
0.93725038370783298 0.91949941162821958 -0.55042707192901996
0.96373060943914124 0.95177584127195591 -0.44027367987439564
0.97504121862433424 0.98567417765964582 -0.32802523537660611
0.97098843614213326 1.0206153372147388 -0.21560001121269409
0.95164051732638699 1.0560025602143321 -0.10491964485575685
0.91732679166387965 1.0912314826962375 0.0021234891626974407
0.86863231019871334 1.1257003607600222 0.10369851287202952
0.80638814064262798 1.1588202828165715 0.1980673414687398
0.73165743184214793 1.1900251992535245 0.28361449882224798
0.64571745044109363 1.2187815964849431 0.35887491991169951
0.55003787362608858 1.2445976441126345 0.42255923439025739
0.44625569918825969 1.2670316502010921 0.47357606539500535
0.33614720458043534 1.2856996703732471 0.51105093014991698
0.22159744767207484 1.3002821311938779 0.53434139201955988
0.10456785161407055 1.3105293465662515 0.54304818524061216
-0.012937546606421801 1.3162658269542225 0.53702211121828525
-0.12890658037033381 1.3173933044333654 0.51636658663207902
-0.24135355621448223 1.3138924211396246 0.48143580633697214
-0.34835336346199663 1.305823053909041 0.43282856600286351
-0.44807449378783909 1.2933232731185116 0.37137786862499717
-0.53881040001216873 1.2766069583398272 0.29813651365292682
-0.61900865961573037 1.2559601168929313 0.21435893605275624
-0.68729745277655885 1.2317359733847995 0.12147962384049039
-0.74250891468138547 1.2043489187973317 0.021088495928096744
-0.78369897424230983 1.174267427162625 -0.085096332132329408
-0.81016334343329199 1.1420060676147592 -0.19525792615650153
-0.82144937809739749 1.1081167602470583 -0.30751154559765265
-0.81736363280212243 1.0731794350670074 -0.41993673819612948
-0.7979752248831351 1.0377921901794251 -0.53060997358858142
-0.76361587693388366 1.0025607035361688 -0.63763758674131932
-0.7148794082434472 0.9680853967873424 -0.7391902585938307
-0.73251285547591971 1.0333316013500111 -0.77170038382616035
-0.66858220085587428 0.99924149857542988 -0.8687009359943958
-0.59181578896759568 0.96711555599675059 -0.95663960945115767
-0.50352001659397105 0.93750800715201388 -1.0340063951221272
-0.40520498226932178 0.91092760415524932 -1.0994740024102656
-0.29855405541024777 0.88783092021331034 -1.1519191630591628
-0.18539436466075049 0.86861473595443395 -1.1904418111703345
-0.067665337278278767 0.85360905499506323 -1.2143808424935627
0.05261481252451506 0.84307124795448474 -1.2233257702215372
0.17338409636580004 0.83718152741722385 -1.2171239148524737
0.29257256349607558 0.83603984935646025 -1.1958829643064739
0.40813819107868282 0.8396642884869262 -1.1599688757962339
0.51810215225698553 0.84799089818634987 -1.1099992054818431
0.62058280350416117 0.86087503041616853 -1.0468320545260885
0.71382779318207723 0.87809405897045056 -0.9715509067644954
0.79624376529415231 0.89935142328261797 -0.88544569920121174
0.86642320728338063 0.92428189145477013 -0.78999051121324881
0.9231680603750837 0.95245792975440025 -0.68681828542453638
0.96550977065435029 0.98339705959831136 -0.57769300939831625
0.99272550839888685 1.0165700792995069 -0.46447979989873522
1.0043503254633757 1.0514100240634501 -0.34911334612355965
1.000185061185985 1.0873217321770257 -0.23356518766737419
0.98029985195196867 1.1236918774976752 -0.11981032645794631
0.94503315243792763 1.1598993187275324 -0.0097936964287539969
0.8949862396072833 1.1953256058176964 0.094602964176626989
0.83101324328352666 1.2293654747722265 0.19159327972816023
0.75420682727673738 1.2614371556095874 0.27951688354049897
0.66587972901537273 1.2909923154797258 0.35686799598813257
0.56754244945979448 1.31752546064892 0.42232141370577003
0.46087746493988435 1.3405826275107979 0.47475543042889506
0.34771040514288648 1.3597692038403388 0.51327126421586988
0.22997870420233898 1.3747567367578757 0.53720863093467575
0.10969828282088252 1.3852886027136624 0.54615717765150529
-0.011071142596453365 1.391184436534217 0.53996356947456603
-0.13026150333761133 1.3923432404415614 0.51873410705095813
-0.24583194304930783 1.3887451192176377 0.48283283692054912
-0.35580387500002064 1.3804516136110894 0.43287520111514843
-0.45829491857398758 1.3676046299897315 0.36971735374147985
-0.55155112862297984 1.3504239895082459 0.29444134893735185
-0.63397696865639941 1.3292036441454991 0.20833647507319952
-0.70416252474463104 1.3043066294745165 0.11287707300017609
-0.76090750915078897 1.2761588448061354 0.0096972308230534269
-0.80324165787221369 1.2452417707497905 -0.099437205936725143
-0.83044118037313919 1.2120842535739647 -0.21265883001437408
-0.84204097066646688 1.1772535074210464 -0.32803055648031265
-0.83784235711798083 1.1413455072808609 -0.44357863258907582
-0.81791638541829947 1.1049749218798777 -0.5573261826020014
-0.78260344691324069 1.0687644230658566 -0.66732692795047832
-0.73251285545441214 1.0333316013360052 -0.77170038386878448
-0.75014573237714588 1.0985782071957748 -0.80421032333381692
-0.68448751652969009 1.0635666735023073 -0.90383255576496158
-0.6056457118148687 1.0305729366510834 -0.99414745504180024
-0.51496308128853652 1.0001656266794141 -1.0736047195281142
-0.41399073251499657 0.97286706163196479 -1.1408414309719292
-0.30445740238813185 0.94914618940327755 -1.194703959116604
-0.18823947298171734 0.92941058691859557 -1.2342678371041571
-0.067328717370330443 0.91399923389741378 -1.2588540220156854
0.056202132763651019 0.90317649599649719 -1.2680408794318601
0.1802353634502285 0.89712748353198224 -1.261671565114399
0.30264506845526179 0.89595487280180253 -1.2398566520151317
0.42133401659012043 0.89967723818688716 -1.2029719755592911
0.53426987957781524 0.90822890766222775 -1.1516517836036868
0.63952014457923423 0.92146131814986632 -1.0867773825912832
0.73528509589439073 0.93914581349984683 -1.0094615615494638
0.81992832397130599 0.96097780026184232 -0.9210291448677872
0.89200429743245335 0.98658215663298454 -0.8229940718220411
0.95028260660910846 1.0155197778396117 -0.71703342898920974
0.9937685495686237 1.0472951348055497 -0.6049588778458882
1.021719782896652 1.0813647194422566 -0.48868593173550501
1.0336588027622848 1.117146246494922 -0.37020155029356655
1.0293810627775746 1.1540284766506772 -0.25153053849838214
1.0089585799819007 1.1913815178508469 -0.13470126141159161
0.97273893367963304 1.2285674519183574 -0.021711211187818789
0.92133962608074804 1.2649511230584738 0.085507014688702268
0.85563784838995027 1.2999109152175181 0.18511875065801195
0.77675577863206813 1.3328493383473345 0.27541874027205626
0.68604162427031923 1.3632032406012509 0.35486049002859771
0.58504670928035418 1.3904534651551639 0.42208296424614333
0.47549898773527527 1.4141337769651319 0.47593412796113871
0.35927344068304656 1.4338388961852588 0.51549090077621496
0.23835987752526736 1.4492314907118737 0.54007515176320886
0.11482871536214299 1.4600479997491964 0.54926544147127421
-0.0092046513151739714 1.4661031826677762 0.54290429926558448
-0.1316162532090126 1.4672933119762079 0.52110091015444449
-0.25031007273461137 1.4635979551843024 0.48422917253776088
-0.36325404887491375 1.4550803169602875 0.4329211747234577
-0.4685149305516832 1.4418861395802607 0.36805622155213313
-0.56429137647930605 1.424241185597481 0.29074562116335978
-0.64894473792539153 1.4024473513612918 0.20231351428581912
-0.72102700816432364 1.3768774830588835 0.10427409304851039
-0.77930547647756598 1.3479689881124037 -0.0016943876201165105
-0.8227836823598681 1.3162163542322247 -0.11377835561771577
-0.85071832302960682 1.2821627072570498 -0.23005993412781114
-0.86263181932908106 1.2463905597938871 -0.34854969421779985
-0.85832029491199424 1.2095119287873901 -0.467220578113198
-0.83785684610632327 1.1721580128149653 -0.58404237388463365
-0.80159061171823243 1.1349684278186649 -0.69701622775076133
-0.75014573235346649 1.098578207180898 -0.80421032338052167
-0.76777765380124419 1.1638253933213394 -0.83671992128626016
-0.70039231398775026 1.1278922796200528 -0.93896390392781726
-0.619475009677386 1.0940308737591473 -1.0316548407554431
-0.52640557764229634 1.0628238287889571 -1.1132025053928838
-0.42277601942077681 1.0348070983303019 -1.182208290239668
-0.31036038632210811 1.0104620458825844 -1.237488152789163
-0.19108431658740702 0.99020704374509716 -1.278093223360494
-0.06699193566434361 0.97439003925042766 -1.3033265304008794
0.05978950635134879 0.96328238763226559 -1.3127552991164475
0.18708657215859503 0.95707409460922044 -1.3062185237248702
0.31271740320411268 0.95587055615183147 -1.283829662912283
0.43452956304700824 0.95969084638611879 -1.2459744297513402
0.5504372247251339 0.96846756826171476 -1.1933037625930794
0.65845700839446197 0.98204824416857228 -1.1267221716136533
0.75674183618131274 1.000198188585022 -1.0473717492911239
0.84361224648427291 1.0226047757832029 -0.95661220555696846
0.91758469028301237 1.0488829946742169 -0.85599733769815067
0.97739640791790949 1.0785821700625686 -0.7472483743384174
1.022026550098236 1.1111937229975495 -0.63222464894211905
1.0507132601267355 1.1461598396144737 -0.51289206948019583
1.0629664786044373 1.1828829148398219 -0.39128986406113125
1.0585762731900867 1.2207356324206915 -0.26949610112116285
1.0376165409774805 1.2590715350475412 -0.14959250705983404
1.0004439849492583 1.297235928309644 -0.033629130695993922
0.94769233135513931 1.3345769512581995 0.076410572472927318
0.88026183145620196 1.3704566362906958 0.17864364781578321
0.79930417620930028 1.4042617737014569 0.27131994964797501
0.70620304200411932 1.4354143929591789 0.35285227089219084
0.60255057496713249 1.4633816743851231 0.42184374378608674
0.49012020627834718 1.4876851116903376 0.47711200500576711
0.37083626783827306 1.5079087575927868 0.51770967627846465
0.2467409437744531 1.5237064009687733 0.54294078077525476
0.11995914681909865 1.5348075440105204 0.55237279372543557
-0.0073380516153835921 1.5410220708869398 0.54584411015092649
-0.13297078333608439 1.5422435246381649 0.52346680085049579
-0.25478787179296286 1.5384509356922786 0.48562461732707379
-0.37070378448894359 1.5297091727196357 0.43296629499543116
-0.47873440311113175 1.5161678138259107 0.36639428965046611
-0.57703099370514077 1.4980585626773657 0.28704916289435284
-0.66391179877493645 1.4756912594707299 0.19628990642304581
-0.73789072194661509 1.4494485602497844 0.095670561319039962
-0.79770263162200306 1.4197793796617626 -0.013086454068070606
-0.84232487002852063 1.3871912119394685 -0.12811984575211804
-0.87099461454251359 1.3522414634980631 -0.24746127314038546
-0.88322179427927239 1.3155279502788788 -0.36906896780438553
-0.87879731388546867 1.2776787380180357 -0.49086256510252529
-0.85779640357116294 1.2393415329699253 -0.61075851798283121
-0.82057719007437691 1.2011727937707373 -0.72670544448779306
-0.76777765376704121 1.1638253932970801 -0.83671992134781015
-0.78541084487629653 1.2290721052728697 -0.86923006941116943
-0.71629922200559348 1.1922168761911784 -0.97409643088658704
-0.63330614245671091 1.1574877381744701 -1.0691636091212209
-0.53784970607291804 1.1254808300978261 -1.1528019337014923
-0.4315626717967635 1.0967458507404835 -1.2235769804854697
-0.31626442612542238 1.0717765791022917 -1.2802742862569267
-0.19392989735978253 1.05100215994483 -1.3219206051871379
-0.06665557681931765 1.0347794945824647 -1.3478010557532547
0.063376764656120618 1.0233869227207995 -1.3574717308478652
0.1939379672985177 1.0170193447128741 -1.3507674650003243
0.32279022085146364 1.0157848773666664 -1.3278046014513687
0.44772588274582592 1.0197030965414235 -1.2889787284771643
0.56660562460610009 1.0287048824111662 -1.2349574723207157
0.67739519509733204 1.0426338449539236 -1.1666685449802869
0.77820014837451656 1.061249270928291 -1.085283341844091
0.86729796441091944 1.0842305032304973 -0.99219645965439829
0.94316707046916659 1.111182641468365 -0.889001556878382
1.0045123519443273 1.1416434390801244 -0.77746400896286438
1.0502868088923543 1.1750912655298742 -0.65949082714448792
1.0797090698214746 1.2109539989858689 -0.53709832009339842
1.0922765197410564 1.2486187122163699 -0.41237799013109755
1.0877738412457725 1.2874420098257848 -0.28746117422739886
1.066276812652357 1.3267608673610205 -0.1644829645578483
1.0281512616104558 1.3659038126288126 -0.045545970734374421
0.97404713908503837 1.4042022782378085 0.067315489445179788
0.90488775698457513 1.44100194386048 0.1721701674326406
0.82185432019235616 1.4756738789258699 0.26722302273619969
0.72636597600822805 1.5076252928894003 0.35084612857150105
0.62005569616073153 1.5363097017646841 0.42160677887190096
0.50474239407495625 1.5612363265188112 0.47829227631046922
0.38239975920896718 1.5819785510222548 0.51993094039029908
0.25512235824089224 1.5981812839550689 0.54580894591846918
0.12508960779159273 1.6095670896768186 0.55548268256475775
-0.005471735908527094 1.6159409767514168 0.54878641300863873
-0.13432589898274341 1.6171937587521776 0.52583509777436355
-0.2592665408098182 1.6133039293477232 0.48702234676586276
-0.37815465429959011 1.6043380217136061 0.43301354842866657
-0.48895525279081531 1.5904494503000741 0.36473431527987066
-0.58977221025546733 1.5718758602461929 0.28335446728031938
-0.67888066218903653 1.5489350356667397 0.19026785055918857
-0.75475642470283588 1.5220194421778461 0.087068356833445798
-0.81610194671305203 1.4915895010789064 -0.024477432389588674
-0.86186837186463128 1.4581657126455045 -0.1424605034334793
-0.89127334933162394 1.4223197647458254 -0.26486205565804244
-0.90381429176517858 1.3846647823970575 -0.38958798430541969
-0.89927683331937847 1.3458448971589869 -0.51450461308361206
-0.87773830732251301 1.3065243433710299 -0.63747503898313107
-0.83956614354245829 1.267376327435531 -0.75639538935422568
-0.78541084485671886 1.2290721052594709 -0.86923006944867309
3 0 1 2
3 0 2 3
3 0 3 4
3 0 4 5
3 0 5 6
3 0 6 7
3 0 7 8
3 0 8 9
3 0 9 10
3 0 10 11
3 0 11 12
3 0 12 13
3 0 13 14
3 0 14 15
3 0 15 16
3 0 16 17
3 0 17 18
3 0 18 19
3 0 19 20
3 0 20 21
3 0 21 22
3 0 22 23
3 0 23 24
3 0 24 25
3 0 25 26
3 0 26 27
3 0 27 28
3 0 28 29
3 0 29 30
3 0 30 31
3 0 31 32
3 0 32 33
3 0 33 34
3 0 34 35
3 0 35 36
3 0 36 37
3 0 37 38
3 0 38 39
3 0 39 40
3 0 40 41
3 0 41 42
3 0 42 43
3 0 43 44
3 0 44 45
3 0 45 46
3 0 46 47
3 0 47 48
3 0 48 49
3 1 50 51
3 1 51 2
3 2 51 52
3 2 52 3
3 3 52 53
3 3 53 4
3 4 53 54
3 4 54 5
3 5 54 55
3 5 55 6
3 6 55 56
3 6 56 7
3 7 56 57
3 7 57 8
3 8 57 58
3 8 58 9
3 9 58 59
3 9 59 10
3 10 59 60
3 10 60 11
3 11 60 61
3 11 61 12
3 12 61 62
3 12 62 13
3 13 62 63
3 13 63 14
3 14 63 64
3 14 64 15
3 15 64 65
3 15 65 16
3 16 65 66
3 16 66 17
3 17 66 67
3 17 67 18
3 18 67 68
3 18 68 19
3 19 68 69
3 19 69 20
3 20 69 70
3 20 70 21
3 21 70 71
3 21 71 22
3 22 71 72
3 22 72 23
3 23 72 73
3 23 73 24
3 24 73 74
3 24 74 25
3 25 74 75
3 25 75 26
3 26 75 76
3 26 76 27
3 27 76 77
3 27 77 28
3 28 77 78
3 28 78 29
3 29 78 79
3 29 79 30
3 30 79 80
3 30 80 31
3 31 80 81
3 31 81 32
3 32 81 82
3 32 82 33
3 33 82 83
3 33 83 34
3 34 83 84
3 34 84 35
3 35 84 85
3 35 85 36
3 36 85 86
3 36 86 37
3 37 86 87
3 37 87 38
3 38 87 88
3 38 88 39
3 39 88 89
3 39 89 40
3 40 89 90
3 40 90 41
3 41 90 91
3 41 91 42
3 42 91 92
3 42 92 43
3 43 92 93
3 43 93 44
3 44 93 94
3 44 94 45
3 45 94 95
3 45 95 46
3 46 95 96
3 46 96 47
3 47 96 97
3 47 97 48
3 48 97 98
3 48 98 49
3 50 99 100
3 50 100 51
3 51 100 101
3 51 101 52
3 52 101 102
3 52 102 53
3 53 102 103
3 53 103 54
3 54 103 104
3 54 104 55
3 55 104 105
3 55 105 56
3 56 105 106
3 56 106 57
3 57 106 107
3 57 107 58
3 58 107 108
3 58 108 59
3 59 108 109
3 59 109 60
3 60 109 110
3 60 110 61
3 61 110 111
3 61 111 62
3 62 111 112
3 62 112 63
3 63 112 113
3 63 113 64
3 64 113 114
3 64 114 65
3 65 114 115
3 65 115 66
3 66 115 116
3 66 116 67
3 67 116 117
3 67 117 68
3 68 117 118
3 68 118 69
3 69 118 119
3 69 119 70
3 70 119 120
3 70 120 71
3 71 120 121
3 71 121 72
3 72 121 122
3 72 122 73
3 73 122 123
3 73 123 74
3 74 123 124
3 74 124 75
3 75 124 125
3 75 125 76
3 76 125 126
3 76 126 77
3 77 126 127
3 77 127 78
3 78 127 128
3 78 128 79
3 79 128 129
3 79 129 80
3 80 129 130
3 80 130 81
3 81 130 131
3 81 131 82
3 82 131 132
3 82 132 83
3 83 132 133
3 83 133 84
3 84 133 134
3 84 134 85
3 85 134 135
3 85 135 86
3 86 135 136
3 86 136 87
3 87 136 137
3 87 137 88
3 88 137 138
3 88 138 89
3 89 138 139
3 89 139 90
3 90 139 140
3 90 140 91
3 91 140 141
3 91 141 92
3 92 141 142
3 92 142 93
3 93 142 143
3 93 143 94
3 94 143 144
3 94 144 95
3 95 144 145
3 95 145 96
3 96 145 146
3 96 146 97
3 97 146 147
3 97 147 98
3 99 148 149
3 99 149 100
3 100 149 150
3 100 150 101
3 101 150 151
3 101 151 102
3 102 151 152
3 102 152 103
3 103 152 153
3 103 153 104
3 104 153 154
3 104 154 105
3 105 154 155
3 105 155 106
3 106 155 156
3 106 156 107
3 107 156 157
3 107 157 108
3 108 157 158
3 108 158 109
3 109 158 159
3 109 159 110
3 110 159 160
3 110 160 111
3 111 160 161
3 111 161 112
3 112 161 162
3 112 162 113
3 113 162 163
3 113 163 114
3 114 163 164
3 114 164 115
3 115 164 165
3 115 165 116
3 116 165 166
3 116 166 117
3 117 166 167
3 117 167 118
3 118 167 168
3 118 168 119
3 119 168 169
3 119 169 120
3 120 169 170
3 120 170 121
3 121 170 171
3 121 171 122
3 122 171 172
3 122 172 123
3 123 172 173
3 123 173 124
3 124 173 174
3 124 174 125
3 125 174 175
3 125 175 126
3 126 175 176
3 126 176 127
3 127 176 177
3 127 177 128
3 128 177 178
3 128 178 129
3 129 178 179
3 129 179 130
3 130 179 180
3 130 180 131
3 131 180 181
3 131 181 132
3 132 181 182
3 132 182 133
3 133 182 183
3 133 183 134
3 134 183 184
3 134 184 135
3 135 184 185
3 135 185 136
3 136 185 186
3 136 186 137
3 137 186 187
3 137 187 138
3 138 187 188
3 138 188 139
3 139 188 189
3 139 189 140
3 140 189 190
3 140 190 141
3 141 190 191
3 141 191 142
3 142 191 192
3 142 192 143
3 143 192 193
3 143 193 144
3 144 193 194
3 144 194 145
3 145 194 195
3 145 195 146
3 146 195 196
3 146 196 147
3 148 197 198
3 148 198 149
3 149 198 199
3 149 199 150
3 150 199 200
3 150 200 151
3 151 200 201
3 151 201 152
3 152 201 202
3 152 202 153
3 153 202 203
3 153 203 154
3 154 203 204
3 154 204 155
3 155 204 205
3 155 205 156
3 156 205 206
3 156 206 157
3 157 206 207
3 157 207 158
3 158 207 208
3 158 208 159
3 159 208 209
3 159 209 160
3 160 209 210
3 160 210 161
3 161 210 211
3 161 211 162
3 162 211 212
3 162 212 163
3 163 212 213
3 163 213 164
3 164 213 214
3 164 214 165
3 165 214 215
3 165 215 166
3 166 215 216
3 166 216 167
3 167 216 217
3 167 217 168
3 168 217 218
3 168 218 169
3 169 218 219
3 169 219 170
3 170 219 220
3 170 220 171
3 171 220 221
3 171 221 172
3 172 221 222
3 172 222 173
3 173 222 223
3 173 223 174
3 174 223 224
3 174 224 175
3 175 224 225
3 175 225 176
3 176 225 226
3 176 226 177
3 177 226 227
3 177 227 178
3 178 227 228
3 178 228 179
3 179 228 229
3 179 229 180
3 180 229 230
3 180 230 181
3 181 230 231
3 181 231 182
3 182 231 232
3 182 232 183
3 183 232 233
3 183 233 184
3 184 233 234
3 184 234 185
3 185 234 235
3 185 235 186
3 186 235 236
3 186 236 187
3 187 236 237
3 187 237 188
3 188 237 238
3 188 238 189
3 189 238 239
3 189 239 190
3 190 239 240
3 190 240 191
3 191 240 241
3 191 241 192
3 192 241 242
3 192 242 193
3 193 242 243
3 193 243 194
3 194 243 244
3 194 244 195
3 195 244 245
3 195 245 196
3 197 246 247
3 197 247 198
3 198 247 248
3 198 248 199
3 199 248 249
3 199 249 200
3 200 249 250
3 200 250 201
3 201 250 251
3 201 251 202
3 202 251 252
3 202 252 203
3 203 252 253
3 203 253 204
3 204 253 254
3 204 254 205
3 205 254 255
3 205 255 206
3 206 255 256
3 206 256 207
3 207 256 257
3 207 257 208
3 208 257 258
3 208 258 209
3 209 258 259
3 209 259 210
3 210 259 260
3 210 260 211
3 211 260 261
3 211 261 212
3 212 261 262
3 212 262 213
3 213 262 263
3 213 263 214
3 214 263 264
3 214 264 215
3 215 264 265
3 215 265 216
3 216 265 266
3 216 266 217
3 217 266 267
3 217 267 218
3 218 267 268
3 218 268 219
3 219 268 269
3 219 269 220
3 220 269 270
3 220 270 221
3 221 270 271
3 221 271 222
3 222 271 272
3 222 272 223
3 223 272 273
3 223 273 224
3 224 273 274
3 224 274 225
3 225 274 275
3 225 275 226
3 226 275 276
3 226 276 227
3 227 276 277
3 227 277 228
3 228 277 278
3 228 278 229
3 229 278 279
3 229 279 230
3 230 279 280
3 230 280 231
3 231 280 281
3 231 281 232
3 232 281 282
3 232 282 233
3 233 282 283
3 233 283 234
3 234 283 284
3 234 284 235
3 235 284 285
3 235 285 236
3 236 285 286
3 236 286 237
3 237 286 287
3 237 287 238
3 238 287 288
3 238 288 239
3 239 288 289
3 239 289 240
3 240 289 290
3 240 290 241
3 241 290 291
3 241 291 242
3 242 291 292
3 242 292 243
3 243 292 293
3 243 293 244
3 244 293 294
3 244 294 245
3 246 295 296
3 246 296 247
3 247 296 297
3 247 297 248
3 248 297 298
3 248 298 249
3 249 298 299
3 249 299 250
3 250 299 300
3 250 300 251
3 251 300 301
3 251 301 252
3 252 301 302
3 252 302 253
3 253 302 303
3 253 303 254
3 254 303 304
3 254 304 255
3 255 304 305
3 255 305 256
3 256 305 306
3 256 306 257
3 257 306 307
3 257 307 258
3 258 307 308
3 258 308 259
3 259 308 309
3 259 309 260
3 260 309 310
3 260 310 261
3 261 310 311
3 261 311 262
3 262 311 312
3 262 312 263
3 263 312 313
3 263 313 264
3 264 313 314
3 264 314 265
3 265 314 315
3 265 315 266
3 266 315 316
3 266 316 267
3 267 316 317
3 267 317 268
3 268 317 318
3 268 318 269
3 269 318 319
3 269 319 270
3 270 319 320
3 270 320 271
3 271 320 321
3 271 321 272
3 272 321 322
3 272 322 273
3 273 322 323
3 273 323 274
3 274 323 324
3 274 324 275
3 275 324 325
3 275 325 276
3 276 325 326
3 276 326 277
3 277 326 327
3 277 327 278
3 278 327 328
3 278 328 279
3 279 328 329
3 279 329 280
3 280 329 330
3 280 330 281
3 281 330 331
3 281 331 282
3 282 331 332
3 282 332 283
3 283 332 333
3 283 333 284
3 284 333 334
3 284 334 285
3 285 334 335
3 285 335 286
3 286 335 336
3 286 336 287
3 287 336 337
3 287 337 288
3 288 337 338
3 288 338 289
3 289 338 339
3 289 339 290
3 290 339 340
3 290 340 291
3 291 340 341
3 291 341 292
3 292 341 342
3 292 342 293
3 293 342 343
3 293 343 294
3 295 344 345
3 295 345 296
3 296 345 346
3 296 346 297
3 297 346 347
3 297 347 298
3 298 347 348
3 298 348 299
3 299 348 349
3 299 349 300
3 300 349 350
3 300 350 301
3 301 350 351
3 301 351 302
3 302 351 352
3 302 352 303
3 303 352 353
3 303 353 304
3 304 353 354
3 304 354 305
3 305 354 355
3 305 355 306
3 306 355 356
3 306 356 307
3 307 356 357
3 307 357 308
3 308 357 358
3 308 358 309
3 309 358 359
3 309 359 310
3 310 359 360
3 310 360 311
3 311 360 361
3 311 361 312
3 312 361 362
3 312 362 313
3 313 362 363
3 313 363 314
3 314 363 364
3 314 364 315
3 315 364 365
3 315 365 316
3 316 365 366
3 316 366 317
3 317 366 367
3 317 367 318
3 318 367 368
3 318 368 319
3 319 368 369
3 319 369 320
3 320 369 370
3 320 370 321
3 321 370 371
3 321 371 322
3 322 371 372
3 322 372 323
3 323 372 373
3 323 373 324
3 324 373 374
3 324 374 325
3 325 374 375
3 325 375 326
3 326 375 376
3 326 376 327
3 327 376 377
3 327 377 328
3 328 377 378
3 328 378 329
3 329 378 379
3 329 379 330
3 330 379 380
3 330 380 331
3 331 380 381
3 331 381 332
3 332 381 382
3 332 382 333
3 333 382 383
3 333 383 334
3 334 383 384
3 334 384 335
3 335 384 385
3 335 385 336
3 336 385 386
3 336 386 337
3 337 386 387
3 337 387 338
3 338 387 388
3 338 388 339
3 339 388 389
3 339 389 340
3 340 389 390
3 340 390 341
3 341 390 391
3 341 391 342
3 342 391 392
3 342 392 343
3 344 393 394
3 344 394 345
3 345 394 395
3 345 395 346
3 346 395 396
3 346 396 347
3 347 396 397
3 347 397 348
3 348 397 398
3 348 398 349
3 349 398 399
3 349 399 350
3 350 399 400
3 350 400 351
3 351 400 401
3 351 401 352
3 352 401 402
3 352 402 353
3 353 402 403
3 353 403 354
3 354 403 404
3 354 404 355
3 355 404 405
3 355 405 356
3 356 405 406
3 356 406 357
3 357 406 407
3 357 407 358
3 358 407 408
3 358 408 359
3 359 408 409
3 359 409 360
3 360 409 410
3 360 410 361
3 361 410 411
3 361 411 362
3 362 411 412
3 362 412 363
3 363 412 413
3 363 413 364
3 364 413 414
3 364 414 365
3 365 414 415
3 365 415 366
3 366 415 416
3 366 416 367
3 367 416 417
3 367 417 368
3 368 417 418
3 368 418 369
3 369 418 419
3 369 419 370
3 370 419 420
3 370 420 371
3 371 420 421
3 371 421 372
3 372 421 422
3 372 422 373
3 373 422 423
3 373 423 374
3 374 423 424
3 374 424 375
3 375 424 425
3 375 425 376
3 376 425 426
3 376 426 377
3 377 426 427
3 377 427 378
3 378 427 428
3 378 428 379
3 379 428 429
3 379 429 380
3 380 429 430
3 380 430 381
3 381 430 431
3 381 431 382
3 382 431 432
3 382 432 383
3 383 432 433
3 383 433 384
3 384 433 434
3 384 434 385
3 385 434 435
3 385 435 386
3 386 435 436
3 386 436 387
3 387 436 437
3 387 437 388
3 388 437 438
3 388 438 389
3 389 438 439
3 389 439 390
3 390 439 440
3 390 440 391
3 391 440 441
3 391 441 392
3 393 442 443
3 393 443 394
3 394 443 444
3 394 444 395
3 395 444 445
3 395 445 396
3 396 445 446
3 396 446 397
3 397 446 447
3 397 447 398
3 398 447 448
3 398 448 399
3 399 448 449
3 399 449 400
3 400 449 450
3 400 450 401
3 401 450 451
3 401 451 402
3 402 451 452
3 402 452 403
3 403 452 453
3 403 453 404
3 404 453 454
3 404 454 405
3 405 454 455
3 405 455 406
3 406 455 456
3 406 456 407
3 407 456 457
3 407 457 408
3 408 457 458
3 408 458 409
3 409 458 459
3 409 459 410
3 410 459 460
3 410 460 411
3 411 460 461
3 411 461 412
3 412 461 462
3 412 462 413
3 413 462 463
3 413 463 414
3 414 463 464
3 414 464 415
3 415 464 465
3 415 465 416
3 416 465 466
3 416 466 417
3 417 466 467
3 417 467 418
3 418 467 468
3 418 468 419
3 419 468 469
3 419 469 420
3 420 469 470
3 420 470 421
3 421 470 471
3 421 471 422
3 422 471 472
3 422 472 423
3 423 472 473
3 423 473 424
3 424 473 474
3 424 474 425
3 425 474 475
3 425 475 426
3 426 475 476
3 426 476 427
3 427 476 477
3 427 477 428
3 428 477 478
3 428 478 429
3 429 478 479
3 429 479 430
3 430 479 480
3 430 480 431
3 431 480 481
3 431 481 432
3 432 481 482
3 432 482 433
3 433 482 483
3 433 483 434
3 434 483 484
3 434 484 435
3 435 484 485
3 435 485 436
3 436 485 486
3 436 486 437
3 437 486 487
3 437 487 438
3 438 487 488
3 438 488 439
3 439 488 489
3 439 489 440
3 440 489 490
3 440 490 441
3 442 491 492
3 442 492 443
3 443 492 493
3 443 493 444
3 444 493 494
3 444 494 445
3 445 494 495
3 445 495 446
3 446 495 496
3 446 496 447
3 447 496 497
3 447 497 448
3 448 497 498
3 448 498 449
3 449 498 499
3 449 499 450
3 450 499 500
3 450 500 451
3 451 500 501
3 451 501 452
3 452 501 502
3 452 502 453
3 453 502 503
3 453 503 454
3 454 503 504
3 454 504 455
3 455 504 505
3 455 505 456
3 456 505 506
3 456 506 457
3 457 506 507
3 457 507 458
3 458 507 508
3 458 508 459
3 459 508 509
3 459 509 460
3 460 509 510
3 460 510 461
3 461 510 511
3 461 511 462
3 462 511 512
3 462 512 463
3 463 512 513
3 463 513 464
3 464 513 514
3 464 514 465
3 465 514 515
3 465 515 466
3 466 515 516
3 466 516 467
3 467 516 517
3 467 517 468
3 468 517 518
3 468 518 469
3 469 518 519
3 469 519 470
3 470 519 520
3 470 520 471
3 471 520 521
3 471 521 472
3 472 521 522
3 472 522 473
3 473 522 523
3 473 523 474
3 474 523 524
3 474 524 475
3 475 524 525
3 475 525 476
3 476 525 526
3 476 526 477
3 477 526 527
3 477 527 478
3 478 527 528
3 478 528 479
3 479 528 529
3 479 529 480
3 480 529 530
3 480 530 481
3 481 530 531
3 481 531 482
3 482 531 532
3 482 532 483
3 483 532 533
3 483 533 484
3 484 533 534
3 484 534 485
3 485 534 535
3 485 535 486
3 486 535 536
3 486 536 487
3 487 536 537
3 487 537 488
3 488 537 538
3 488 538 489
3 489 538 539
3 489 539 490
3 491 540 541
3 491 541 492
3 492 541 542
3 492 542 493
3 493 542 543
3 493 543 494
3 494 543 544
3 494 544 495
3 495 544 545
3 495 545 496
3 496 545 546
3 496 546 497
3 497 546 547
3 497 547 498
3 498 547 548
3 498 548 499
3 499 548 549
3 499 549 500
3 500 549 550
3 500 550 501
3 501 550 551
3 501 551 502
3 502 551 552
3 502 552 503
3 503 552 553
3 503 553 504
3 504 553 554
3 504 554 505
3 505 554 555
3 505 555 506
3 506 555 556
3 506 556 507
3 507 556 557
3 507 557 508
3 508 557 558
3 508 558 509
3 509 558 559
3 509 559 510
3 510 559 560
3 510 560 511
3 511 560 561
3 511 561 512
3 512 561 562
3 512 562 513
3 513 562 563
3 513 563 514
3 514 563 564
3 514 564 515
3 515 564 565
3 515 565 516
3 516 565 566
3 516 566 517
3 517 566 567
3 517 567 518
3 518 567 568
3 518 568 519
3 519 568 569
3 519 569 520
3 520 569 570
3 520 570 521
3 521 570 571
3 521 571 522
3 522 571 572
3 522 572 523
3 523 572 573
3 523 573 524
3 524 573 574
3 524 574 525
3 525 574 575
3 525 575 526
3 526 575 576
3 526 576 527
3 527 576 577
3 527 577 528
3 528 577 578
3 528 578 529
3 529 578 579
3 529 579 530
3 530 579 580
3 530 580 531
3 531 580 581
3 531 581 532
3 532 581 582
3 532 582 533
3 533 582 583
3 533 583 534
3 534 583 584
3 534 584 535
3 535 584 585
3 535 585 536
3 536 585 586
3 536 586 537
3 537 586 587
3 537 587 538
3 538 587 588
3 538 588 539
3 540 589 590
3 540 590 541
3 541 590 591
3 541 591 542
3 542 591 592
3 542 592 543
3 543 592 593
3 543 593 544
3 544 593 594
3 544 594 545
3 545 594 595
3 545 595 546
3 546 595 596
3 546 596 547
3 547 596 597
3 547 597 548
3 548 597 598
3 548 598 549
3 549 598 599
3 549 599 550
3 550 599 600
3 550 600 551
3 551 600 601
3 551 601 552
3 552 601 602
3 552 602 553
3 553 602 603
3 553 603 554
3 554 603 604
3 554 604 555
3 555 604 605
3 555 605 556
3 556 605 606
3 556 606 557
3 557 606 607
3 557 607 558
3 558 607 608
3 558 608 559
3 559 608 609
3 559 609 560
3 560 609 610
3 560 610 561
3 561 610 611
3 561 611 562
3 562 611 612
3 562 612 563
3 563 612 613
3 563 613 564
3 564 613 614
3 564 614 565
3 565 614 615
3 565 615 566
3 566 615 616
3 566 616 567
3 567 616 617
3 567 617 568
3 568 617 618
3 568 618 569
3 569 618 619
3 569 619 570
3 570 619 620
3 570 620 571
3 571 620 621
3 571 621 572
3 572 621 622
3 572 622 573
3 573 622 623
3 573 623 574
3 574 623 624
3 574 624 575
3 575 624 625
3 575 625 576
3 576 625 626
3 576 626 577
3 577 626 627
3 577 627 578
3 578 627 628
3 578 628 579
3 579 628 629
3 579 629 580
3 580 629 630
3 580 630 581
3 581 630 631
3 581 631 582
3 582 631 632
3 582 632 583
3 583 632 633
3 583 633 584
3 584 633 634
3 584 634 585
3 585 634 635
3 585 635 586
3 586 635 636
3 586 636 587
3 587 636 637
3 587 637 588
3 589 638 639
3 589 639 590
3 590 639 640
3 590 640 591
3 591 640 641
3 591 641 592
3 592 641 642
3 592 642 593
3 593 642 643
3 593 643 594
3 594 643 644
3 594 644 595
3 595 644 645
3 595 645 596
3 596 645 646
3 596 646 597
3 597 646 647
3 597 647 598
3 598 647 648
3 598 648 599
3 599 648 649
3 599 649 600
3 600 649 650
3 600 650 601
3 601 650 651
3 601 651 602
3 602 651 652
3 602 652 603
3 603 652 653
3 603 653 604
3 604 653 654
3 604 654 605
3 605 654 655
3 605 655 606
3 606 655 656
3 606 656 607
3 607 656 657
3 607 657 608
3 608 657 658
3 608 658 609
3 609 658 659
3 609 659 610
3 610 659 660
3 610 660 611
3 611 660 661
3 611 661 612
3 612 661 662
3 612 662 613
3 613 662 663
3 613 663 614
3 614 663 664
3 614 664 615
3 615 664 665
3 615 665 616
3 616 665 666
3 616 666 617
3 617 666 667
3 617 667 618
3 618 667 668
3 618 668 619
3 619 668 669
3 619 669 620
3 620 669 670
3 620 670 621
3 621 670 671
3 621 671 622
3 622 671 672
3 622 672 623
3 623 672 673
3 623 673 624
3 624 673 674
3 624 674 625
3 625 674 675
3 625 675 626
3 626 675 676
3 626 676 627
3 627 676 677
3 627 677 628
3 628 677 678
3 628 678 629
3 629 678 679
3 629 679 630
3 630 679 680
3 630 680 631
3 631 680 681
3 631 681 632
3 632 681 682
3 632 682 633
3 633 682 683
3 633 683 634
3 634 683 684
3 634 684 635
3 635 684 685
3 635 685 636
3 636 685 686
3 636 686 637
3 638 687 688
3 638 688 639
3 639 688 689
3 639 689 640
3 640 689 690
3 640 690 641
3 641 690 691
3 641 691 642
3 642 691 692
3 642 692 643
3 643 692 693
3 643 693 644
3 644 693 694
3 644 694 645
3 645 694 695
3 645 695 646
3 646 695 696
3 646 696 647
3 647 696 697
3 647 697 648
3 648 697 698
3 648 698 649
3 649 698 699
3 649 699 650
3 650 699 700
3 650 700 651
3 651 700 701
3 651 701 652
3 652 701 702
3 652 702 653
3 653 702 703
3 653 703 654
3 654 703 704
3 654 704 655
3 655 704 705
3 655 705 656
3 656 705 706
3 656 706 657
3 657 706 707
3 657 707 658
3 658 707 708
3 658 708 659
3 659 708 709
3 659 709 660
3 660 709 710
3 660 710 661
3 661 710 711
3 661 711 662
3 662 711 712
3 662 712 663
3 663 712 713
3 663 713 664
3 664 713 714
3 664 714 665
3 665 714 715
3 665 715 666
3 666 715 716
3 666 716 667
3 667 716 717
3 667 717 668
3 668 717 718
3 668 718 669
3 669 718 719
3 669 719 670
3 670 719 720
3 670 720 671
3 671 720 721
3 671 721 672
3 672 721 722
3 672 722 673
3 673 722 723
3 673 723 674
3 674 723 724
3 674 724 675
3 675 724 725
3 675 725 676
3 676 725 726
3 676 726 677
3 677 726 727
3 677 727 678
3 678 727 728
3 678 728 679
3 679 728 729
3 679 729 680
3 680 729 730
3 680 730 681
3 681 730 731
3 681 731 682
3 682 731 732
3 682 732 683
3 683 732 733
3 683 733 684
3 684 733 734
3 684 734 685
3 685 734 735
3 685 735 686
3 687 736 737
3 687 737 688
3 688 737 738
3 688 738 689
3 689 738 739
3 689 739 690
3 690 739 740
3 690 740 691
3 691 740 741
3 691 741 692
3 692 741 742
3 692 742 693
3 693 742 743
3 693 743 694
3 694 743 744
3 694 744 695
3 695 744 745
3 695 745 696
3 696 745 746
3 696 746 697
3 697 746 747
3 697 747 698
3 698 747 748
3 698 748 699
3 699 748 749
3 699 749 700
3 700 749 750
3 700 750 701
3 701 750 751
3 701 751 702
3 702 751 752
3 702 752 703
3 703 752 753
3 703 753 704
3 704 753 754
3 704 754 705
3 705 754 755
3 705 755 706
3 706 755 756
3 706 756 707
3 707 756 757
3 707 757 708
3 708 757 758
3 708 758 709
3 709 758 759
3 709 759 710
3 710 759 760
3 710 760 711
3 711 760 761
3 711 761 712
3 712 761 762
3 712 762 713
3 713 762 763
3 713 763 714
3 714 763 764
3 714 764 715
3 715 764 765
3 715 765 716
3 716 765 766
3 716 766 717
3 717 766 767
3 717 767 718
3 718 767 768
3 718 768 719
3 719 768 769
3 719 769 720
3 720 769 770
3 720 770 721
3 721 770 771
3 721 771 722
3 722 771 772
3 722 772 723
3 723 772 773
3 723 773 724
3 724 773 774
3 724 774 725
3 725 774 775
3 725 775 726
3 726 775 776
3 726 776 727
3 727 776 777
3 727 777 728
3 728 777 778
3 728 778 729
3 729 778 779
3 729 779 730
3 730 779 780
3 730 780 731
3 731 780 781
3 731 781 732
3 732 781 782
3 732 782 733
3 733 782 783
3 733 783 734
3 734 783 784
3 734 784 735
3 736 785 786
3 736 786 737
3 737 786 787
3 737 787 738
3 738 787 788
3 738 788 739
3 739 788 789
3 739 789 740
3 740 789 790
3 740 790 741
3 741 790 791
3 741 791 742
3 742 791 792
3 742 792 743
3 743 792 793
3 743 793 744
3 744 793 794
3 744 794 745
3 745 794 795
3 745 795 746
3 746 795 796
3 746 796 747
3 747 796 797
3 747 797 748
3 748 797 798
3 748 798 749
3 749 798 799
3 749 799 750
3 750 799 800
3 750 800 751
3 751 800 801
3 751 801 752
3 752 801 802
3 752 802 753
3 753 802 803
3 753 803 754
3 754 803 804
3 754 804 755
3 755 804 805
3 755 805 756
3 756 805 806
3 756 806 757
3 757 806 807
3 757 807 758
3 758 807 808
3 758 808 759
3 759 808 809
3 759 809 760
3 760 809 810
3 760 810 761
3 761 810 811
3 761 811 762
3 762 811 812
3 762 812 763
3 763 812 813
3 763 813 764
3 764 813 814
3 764 814 765
3 765 814 815
3 765 815 766
3 766 815 816
3 766 816 767
3 767 816 817
3 767 817 768
3 768 817 818
3 768 818 769
3 769 818 819
3 769 819 770
3 770 819 820
3 770 820 771
3 771 820 821
3 771 821 772
3 772 821 822
3 772 822 773
3 773 822 823
3 773 823 774
3 774 823 824
3 774 824 775
3 775 824 825
3 775 825 776
3 776 825 826
3 776 826 777
3 777 826 827
3 777 827 778
3 778 827 828
3 778 828 779
3 779 828 829
3 779 829 780
3 780 829 830
3 780 830 781
3 781 830 831
3 781 831 782
3 782 831 832
3 782 832 783
3 783 832 833
3 783 833 784
3 785 834 835
3 785 835 786
3 786 835 836
3 786 836 787
3 787 836 837
3 787 837 788
3 788 837 838
3 788 838 789
3 789 838 839
3 789 839 790
3 790 839 840
3 790 840 791
3 791 840 841
3 791 841 792
3 792 841 842
3 792 842 793
3 793 842 843
3 793 843 794
3 794 843 844
3 794 844 795
3 795 844 845
3 795 845 796
3 796 845 846
3 796 846 797
3 797 846 847
3 797 847 798
3 798 847 848
3 798 848 799
3 799 848 849
3 799 849 800
3 800 849 850
3 800 850 801
3 801 850 851
3 801 851 802
3 802 851 852
3 802 852 803
3 803 852 853
3 803 853 804
3 804 853 854
3 804 854 805
3 805 854 855
3 805 855 806
3 806 855 856
3 806 856 807
3 807 856 857
3 807 857 808
3 808 857 858
3 808 858 809
3 809 858 859
3 809 859 810
3 810 859 860
3 810 860 811
3 811 860 861
3 811 861 812
3 812 861 862
3 812 862 813
3 813 862 863
3 813 863 814
3 814 863 864
3 814 864 815
3 815 864 865
3 815 865 816
3 816 865 866
3 816 866 817
3 817 866 867
3 817 867 818
3 818 867 868
3 818 868 819
3 819 868 869
3 819 869 820
3 820 869 870
3 820 870 821
3 821 870 871
3 821 871 822
3 822 871 872
3 822 872 823
3 823 872 873
3 823 873 824
3 824 873 874
3 824 874 825
3 825 874 875
3 825 875 826
3 826 875 876
3 826 876 827
3 827 876 877
3 827 877 828
3 828 877 878
3 828 878 829
3 829 878 879
3 829 879 830
3 830 879 880
3 830 880 831
3 831 880 881
3 831 881 832
3 832 881 882
3 832 882 833
3 834 883 884
3 834 884 835
3 835 884 885
3 835 885 836
3 836 885 886
3 836 886 837
3 837 886 887
3 837 887 838
3 838 887 888
3 838 888 839
3 839 888 889
3 839 889 840
3 840 889 890
3 840 890 841
3 841 890 891
3 841 891 842
3 842 891 892
3 842 892 843
3 843 892 893
3 843 893 844
3 844 893 894
3 844 894 845
3 845 894 895
3 845 895 846
3 846 895 896
3 846 896 847
3 847 896 897
3 847 897 848
3 848 897 898
3 848 898 849
3 849 898 899
3 849 899 850
3 850 899 900
3 850 900 851
3 851 900 901
3 851 901 852
3 852 901 902
3 852 902 853
3 853 902 903
3 853 903 854
3 854 903 904
3 854 904 855
3 855 904 905
3 855 905 856
3 856 905 906
3 856 906 857
3 857 906 907
3 857 907 858
3 858 907 908
3 858 908 859
3 859 908 909
3 859 909 860
3 860 909 910
3 860 910 861
3 861 910 911
3 861 911 862
3 862 911 912
3 862 912 863
3 863 912 913
3 863 913 864
3 864 913 914
3 864 914 865
3 865 914 915
3 865 915 866
3 866 915 916
3 866 916 867
3 867 916 917
3 867 917 868
3 868 917 918
3 868 918 869
3 869 918 919
3 869 919 870
3 870 919 920
3 870 920 871
3 871 920 921
3 871 921 872
3 872 921 922
3 872 922 873
3 873 922 923
3 873 923 874
3 874 923 924
3 874 924 875
3 875 924 925
3 875 925 876
3 876 925 926
3 876 926 877
3 877 926 927
3 877 927 878
3 878 927 928
3 878 928 879
3 879 928 929
3 879 929 880
3 880 929 930
3 880 930 881
3 881 930 931
3 881 931 882
3 883 932 933
3 883 933 884
3 884 933 934
3 884 934 885
3 885 934 935
3 885 935 886
3 886 935 936
3 886 936 887
3 887 936 937
3 887 937 888
3 888 937 938
3 888 938 889
3 889 938 939
3 889 939 890
3 890 939 940
3 890 940 891
3 891 940 941
3 891 941 892
3 892 941 942
3 892 942 893
3 893 942 943
3 893 943 894
3 894 943 944
3 894 944 895
3 895 944 945
3 895 945 896
3 896 945 946
3 896 946 897
3 897 946 947
3 897 947 898
3 898 947 948
3 898 948 899
3 899 948 949
3 899 949 900
3 900 949 950
3 900 950 901
3 901 950 951
3 901 951 902
3 902 951 952
3 902 952 903
3 903 952 953
3 903 953 904
3 904 953 954
3 904 954 905
3 905 954 955
3 905 955 906
3 906 955 956
3 906 956 907
3 907 956 957
3 907 957 908
3 908 957 958
3 908 958 909
3 909 958 959
3 909 959 910
3 910 959 960
3 910 960 911
3 911 960 961
3 911 961 912
3 912 961 962
3 912 962 913
3 913 962 963
3 913 963 914
3 914 963 964
3 914 964 915
3 915 964 965
3 915 965 916
3 916 965 966
3 916 966 917
3 917 966 967
3 917 967 918
3 918 967 968
3 918 968 919
3 919 968 969
3 919 969 920
3 920 969 970
3 920 970 921
3 921 970 971
3 921 971 922
3 922 971 972
3 922 972 923
3 923 972 973
3 923 973 924
3 924 973 974
3 924 974 925
3 925 974 975
3 925 975 926
3 926 975 976
3 926 976 927
3 927 976 977
3 927 977 928
3 928 977 978
3 928 978 929
3 929 978 979
3 929 979 930
3 930 979 980
3 930 980 931
3 932 981 982
3 932 982 933
3 933 982 983
3 933 983 934
3 934 983 984
3 934 984 935
3 935 984 985
3 935 985 936
3 936 985 986
3 936 986 937
3 937 986 987
3 937 987 938
3 938 987 988
3 938 988 939
3 939 988 989
3 939 989 940
3 940 989 990
3 940 990 941
3 941 990 991
3 941 991 942
3 942 991 992
3 942 992 943
3 943 992 993
3 943 993 944
3 944 993 994
3 944 994 945
3 945 994 995
3 945 995 946
3 946 995 996
3 946 996 947
3 947 996 997
3 947 997 948
3 948 997 998
3 948 998 949
3 949 998 999
3 949 999 950
3 950 999 1000
3 950 1000 951
3 951 1000 1001
3 951 1001 952
3 952 1001 1002
3 952 1002 953
3 953 1002 1003
3 953 1003 954
3 954 1003 1004
3 954 1004 955
3 955 1004 1005
3 955 1005 956
3 956 1005 1006
3 956 1006 957
3 957 1006 1007
3 957 1007 958
3 958 1007 1008
3 958 1008 959
3 959 1008 1009
3 959 1009 960
3 960 1009 1010
3 960 1010 961
3 961 1010 1011
3 961 1011 962
3 962 1011 1012
3 962 1012 963
3 963 1012 1013
3 963 1013 964
3 964 1013 1014
3 964 1014 965
3 965 1014 1015
3 965 1015 966
3 966 1015 1016
3 966 1016 967
3 967 1016 1017
3 967 1017 968
3 968 1017 1018
3 968 1018 969
3 969 1018 1019
3 969 1019 970
3 970 1019 1020
3 970 1020 971
3 971 1020 1021
3 971 1021 972
3 972 1021 1022
3 972 1022 973
3 973 1022 1023
3 973 1023 974
3 974 1023 1024
3 974 1024 975
3 975 1024 1025
3 975 1025 976
3 976 1025 1026
3 976 1026 977
3 977 1026 1027
3 977 1027 978
3 978 1027 1028
3 978 1028 979
3 979 1028 1029
3 979 1029 980
3 981 1030 1031
3 981 1031 982
3 982 1031 1032
3 982 1032 983
3 983 1032 1033
3 983 1033 984
3 984 1033 1034
3 984 1034 985
3 985 1034 1035
3 985 1035 986
3 986 1035 1036
3 986 1036 987
3 987 1036 1037
3 987 1037 988
3 988 1037 1038
3 988 1038 989
3 989 1038 1039
3 989 1039 990
3 990 1039 1040
3 990 1040 991
3 991 1040 1041
3 991 1041 992
3 992 1041 1042
3 992 1042 993
3 993 1042 1043
3 993 1043 994
3 994 1043 1044
3 994 1044 995
3 995 1044 1045
3 995 1045 996
3 996 1045 1046
3 996 1046 997
3 997 1046 1047
3 997 1047 998
3 998 1047 1048
3 998 1048 999
3 999 1048 1049
3 999 1049 1000
3 1000 1049 1050
3 1000 1050 1001
3 1001 1050 1051
3 1001 1051 1002
3 1002 1051 1052
3 1002 1052 1003
3 1003 1052 1053
3 1003 1053 1004
3 1004 1053 1054
3 1004 1054 1005
3 1005 1054 1055
3 1005 1055 1006
3 1006 1055 1056
3 1006 1056 1007
3 1007 1056 1057
3 1007 1057 1008
3 1008 1057 1058
3 1008 1058 1009
3 1009 1058 1059
3 1009 1059 1010
3 1010 1059 1060
3 1010 1060 1011
3 1011 1060 1061
3 1011 1061 1012
3 1012 1061 1062
3 1012 1062 1013
3 1013 1062 1063
3 1013 1063 1014
3 1014 1063 1064
3 1014 1064 1015
3 1015 1064 1065
3 1015 1065 1016
3 1016 1065 1066
3 1016 1066 1017
3 1017 1066 1067
3 1017 1067 1018
3 1018 1067 1068
3 1018 1068 1019
3 1019 1068 1069
3 1019 1069 1020
3 1020 1069 1070
3 1020 1070 1021
3 1021 1070 1071
3 1021 1071 1022
3 1022 1071 1072
3 1022 1072 1023
3 1023 1072 1073
3 1023 1073 1024
3 1024 1073 1074
3 1024 1074 1025
3 1025 1074 1075
3 1025 1075 1026
3 1026 1075 1076
3 1026 1076 1027
3 1027 1076 1077
3 1027 1077 1028
3 1028 1077 1078
3 1028 1078 1029
3 1030 1079 1080
3 1030 1080 1031
3 1031 1080 1081
3 1031 1081 1032
3 1032 1081 1082
3 1032 1082 1033
3 1033 1082 1083
3 1033 1083 1034
3 1034 1083 1084
3 1034 1084 1035
3 1035 1084 1085
3 1035 1085 1036
3 1036 1085 1086
3 1036 1086 1037
3 1037 1086 1087
3 1037 1087 1038
3 1038 1087 1088
3 1038 1088 1039
3 1039 1088 1089
3 1039 1089 1040
3 1040 1089 1090
3 1040 1090 1041
3 1041 1090 1091
3 1041 1091 1042
3 1042 1091 1092
3 1042 1092 1043
3 1043 1092 1093
3 1043 1093 1044
3 1044 1093 1094
3 1044 1094 1045
3 1045 1094 1095
3 1045 1095 1046
3 1046 1095 1096
3 1046 1096 1047
3 1047 1096 1097
3 1047 1097 1048
3 1048 1097 1098
3 1048 1098 1049
3 1049 1098 1099
3 1049 1099 1050
3 1050 1099 1100
3 1050 1100 1051
3 1051 1100 1101
3 1051 1101 1052
3 1052 1101 1102
3 1052 1102 1053
3 1053 1102 1103
3 1053 1103 1054
3 1054 1103 1104
3 1054 1104 1055
3 1055 1104 1105
3 1055 1105 1056
3 1056 1105 1106
3 1056 1106 1057
3 1057 1106 1107
3 1057 1107 1058
3 1058 1107 1108
3 1058 1108 1059
3 1059 1108 1109
3 1059 1109 1060
3 1060 1109 1110
3 1060 1110 1061
3 1061 1110 1111
3 1061 1111 1062
3 1062 1111 1112
3 1062 1112 1063
3 1063 1112 1113
3 1063 1113 1064
3 1064 1113 1114
3 1064 1114 1065
3 1065 1114 1115
3 1065 1115 1066
3 1066 1115 1116
3 1066 1116 1067
3 1067 1116 1117
3 1067 1117 1068
3 1068 1117 1118
3 1068 1118 1069
3 1069 1118 1119
3 1069 1119 1070
3 1070 1119 1120
3 1070 1120 1071
3 1071 1120 1121
3 1071 1121 1072
3 1072 1121 1122
3 1072 1122 1073
3 1073 1122 1123
3 1073 1123 1074
3 1074 1123 1124
3 1074 1124 1075
3 1075 1124 1125
3 1075 1125 1076
3 1076 1125 1126
3 1076 1126 1077
3 1077 1126 1127
3 1077 1127 1078
3 1079 1128 1129
3 1079 1129 1080
3 1080 1129 1130
3 1080 1130 1081
3 1081 1130 1131
3 1081 1131 1082
3 1082 1131 1132
3 1082 1132 1083
3 1083 1132 1133
3 1083 1133 1084
3 1084 1133 1134
3 1084 1134 1085
3 1085 1134 1135
3 1085 1135 1086
3 1086 1135 1136
3 1086 1136 1087
3 1087 1136 1137
3 1087 1137 1088
3 1088 1137 1138
3 1088 1138 1089
3 1089 1138 1139
3 1089 1139 1090
3 1090 1139 1140
3 1090 1140 1091
3 1091 1140 1141
3 1091 1141 1092
3 1092 1141 1142
3 1092 1142 1093
3 1093 1142 1143
3 1093 1143 1094
3 1094 1143 1144
3 1094 1144 1095
3 1095 1144 1145
3 1095 1145 1096
3 1096 1145 1146
3 1096 1146 1097
3 1097 1146 1147
3 1097 1147 1098
3 1098 1147 1148
3 1098 1148 1099
3 1099 1148 1149
3 1099 1149 1100
3 1100 1149 1150
3 1100 1150 1101
3 1101 1150 1151
3 1101 1151 1102
3 1102 1151 1152
3 1102 1152 1103
3 1103 1152 1153
3 1103 1153 1104
3 1104 1153 1154
3 1104 1154 1105
3 1105 1154 1155
3 1105 1155 1106
3 1106 1155 1156
3 1106 1156 1107
3 1107 1156 1157
3 1107 1157 1108
3 1108 1157 1158
3 1108 1158 1109
3 1109 1158 1159
3 1109 1159 1110
3 1110 1159 1160
3 1110 1160 1111
3 1111 1160 1161
3 1111 1161 1112
3 1112 1161 1162
3 1112 1162 1113
3 1113 1162 1163
3 1113 1163 1114
3 1114 1163 1164
3 1114 1164 1115
3 1115 1164 1165
3 1115 1165 1116
3 1116 1165 1166
3 1116 1166 1117
3 1117 1166 1167
3 1117 1167 1118
3 1118 1167 1168
3 1118 1168 1119
3 1119 1168 1169
3 1119 1169 1120
3 1120 1169 1170
3 1120 1170 1121
3 1121 1170 1171
3 1121 1171 1122
3 1122 1171 1172
3 1122 1172 1123
3 1123 1172 1173
3 1123 1173 1124
3 1124 1173 1174
3 1124 1174 1125
3 1125 1174 1175
3 1125 1175 1126
3 1126 1175 1176
3 1126 1176 1127
3 1128 1177 1178
3 1128 1178 1129
3 1129 1178 1179
3 1129 1179 1130
3 1130 1179 1180
3 1130 1180 1131
3 1131 1180 1181
3 1131 1181 1132
3 1132 1181 1182
3 1132 1182 1133
3 1133 1182 1183
3 1133 1183 1134
3 1134 1183 1184
3 1134 1184 1135
3 1135 1184 1185
3 1135 1185 1136
3 1136 1185 1186
3 1136 1186 1137
3 1137 1186 1187
3 1137 1187 1138
3 1138 1187 1188
3 1138 1188 1139
3 1139 1188 1189
3 1139 1189 1140
3 1140 1189 1190
3 1140 1190 1141
3 1141 1190 1191
3 1141 1191 1142
3 1142 1191 1192
3 1142 1192 1143
3 1143 1192 1193
3 1143 1193 1144
3 1144 1193 1194
3 1144 1194 1145
3 1145 1194 1195
3 1145 1195 1146
3 1146 1195 1196
3 1146 1196 1147
3 1147 1196 1197
3 1147 1197 1148
3 1148 1197 1198
3 1148 1198 1149
3 1149 1198 1199
3 1149 1199 1150
3 1150 1199 1200
3 1150 1200 1151
3 1151 1200 1201
3 1151 1201 1152
3 1152 1201 1202
3 1152 1202 1153
3 1153 1202 1203
3 1153 1203 1154
3 1154 1203 1204
3 1154 1204 1155
3 1155 1204 1205
3 1155 1205 1156
3 1156 1205 1206
3 1156 1206 1157
3 1157 1206 1207
3 1157 1207 1158
3 1158 1207 1208
3 1158 1208 1159
3 1159 1208 1209
3 1159 1209 1160
3 1160 1209 1210
3 1160 1210 1161
3 1161 1210 1211
3 1161 1211 1162
3 1162 1211 1212
3 1162 1212 1163
3 1163 1212 1213
3 1163 1213 1164
3 1164 1213 1214
3 1164 1214 1165
3 1165 1214 1215
3 1165 1215 1166
3 1166 1215 1216
3 1166 1216 1167
3 1167 1216 1217
3 1167 1217 1168
3 1168 1217 1218
3 1168 1218 1169
3 1169 1218 1219
3 1169 1219 1170
3 1170 1219 1220
3 1170 1220 1171
3 1171 1220 1221
3 1171 1221 1172
3 1172 1221 1222
3 1172 1222 1173
3 1173 1222 1223
3 1173 1223 1174
3 1174 1223 1224
3 1174 1224 1175
3 1175 1224 1225
3 1175 1225 1176
3 1177 1226 1227
3 1177 1227 1178
3 1178 1227 1228
3 1178 1228 1179
3 1179 1228 1229
3 1179 1229 1180
3 1180 1229 1230
3 1180 1230 1181
3 1181 1230 1231
3 1181 1231 1182
3 1182 1231 1232
3 1182 1232 1183
3 1183 1232 1233
3 1183 1233 1184
3 1184 1233 1234
3 1184 1234 1185
3 1185 1234 1235
3 1185 1235 1186
3 1186 1235 1236
3 1186 1236 1187
3 1187 1236 1237
3 1187 1237 1188
3 1188 1237 1238
3 1188 1238 1189
3 1189 1238 1239
3 1189 1239 1190
3 1190 1239 1240
3 1190 1240 1191
3 1191 1240 1241
3 1191 1241 1192
3 1192 1241 1242
3 1192 1242 1193
3 1193 1242 1243
3 1193 1243 1194
3 1194 1243 1244
3 1194 1244 1195
3 1195 1244 1245
3 1195 1245 1196
3 1196 1245 1246
3 1196 1246 1197
3 1197 1246 1247
3 1197 1247 1198
3 1198 1247 1248
3 1198 1248 1199
3 1199 1248 1249
3 1199 1249 1200
3 1200 1249 1250
3 1200 1250 1201
3 1201 1250 1251
3 1201 1251 1202
3 1202 1251 1252
3 1202 1252 1203
3 1203 1252 1253
3 1203 1253 1204
3 1204 1253 1254
3 1204 1254 1205
3 1205 1254 1255
3 1205 1255 1206
3 1206 1255 1256
3 1206 1256 1207
3 1207 1256 1257
3 1207 1257 1208
3 1208 1257 1258
3 1208 1258 1209
3 1209 1258 1259
3 1209 1259 1210
3 1210 1259 1260
3 1210 1260 1211
3 1211 1260 1261
3 1211 1261 1212
3 1212 1261 1262
3 1212 1262 1213
3 1213 1262 1263
3 1213 1263 1214
3 1214 1263 1264
3 1214 1264 1215
3 1215 1264 1265
3 1215 1265 1216
3 1216 1265 1266
3 1216 1266 1217
3 1217 1266 1267
3 1217 1267 1218
3 1218 1267 1268
3 1218 1268 1219
3 1219 1268 1269
3 1219 1269 1220
3 1220 1269 1270
3 1220 1270 1221
3 1221 1270 1271
3 1221 1271 1222
3 1222 1271 1272
3 1222 1272 1223
3 1223 1272 1273
3 1223 1273 1224
3 1224 1273 1274
3 1224 1274 1225
3 1226 1275 1276
3 1226 1276 1227
3 1227 1276 1277
3 1227 1277 1228
3 1228 1277 1278
3 1228 1278 1229
3 1229 1278 1279
3 1229 1279 1230
3 1230 1279 1280
3 1230 1280 1231
3 1231 1280 1281
3 1231 1281 1232
3 1232 1281 1282
3 1232 1282 1233
3 1233 1282 1283
3 1233 1283 1234
3 1234 1283 1284
3 1234 1284 1235
3 1235 1284 1285
3 1235 1285 1236
3 1236 1285 1286
3 1236 1286 1237
3 1237 1286 1287
3 1237 1287 1238
3 1238 1287 1288
3 1238 1288 1239
3 1239 1288 1289
3 1239 1289 1240
3 1240 1289 1290
3 1240 1290 1241
3 1241 1290 1291
3 1241 1291 1242
3 1242 1291 1292
3 1242 1292 1243
3 1243 1292 1293
3 1243 1293 1244
3 1244 1293 1294
3 1244 1294 1245
3 1245 1294 1295
3 1245 1295 1246
3 1246 1295 1296
3 1246 1296 1247
3 1247 1296 1297
3 1247 1297 1248
3 1248 1297 1298
3 1248 1298 1249
3 1249 1298 1299
3 1249 1299 1250
3 1250 1299 1300
3 1250 1300 1251
3 1251 1300 1301
3 1251 1301 1252
3 1252 1301 1302
3 1252 1302 1253
3 1253 1302 1303
3 1253 1303 1254
3 1254 1303 1304
3 1254 1304 1255
3 1255 1304 1305
3 1255 1305 1256
3 1256 1305 1306
3 1256 1306 1257
3 1257 1306 1307
3 1257 1307 1258
3 1258 1307 1308
3 1258 1308 1259
3 1259 1308 1309
3 1259 1309 1260
3 1260 1309 1310
3 1260 1310 1261
3 1261 1310 1311
3 1261 1311 1262
3 1262 1311 1312
3 1262 1312 1263
3 1263 1312 1313
3 1263 1313 1264
3 1264 1313 1314
3 1264 1314 1265
3 1265 1314 1315
3 1265 1315 1266
3 1266 1315 1316
3 1266 1316 1267
3 1267 1316 1317
3 1267 1317 1268
3 1268 1317 1318
3 1268 1318 1269
3 1269 1318 1319
3 1269 1319 1270
3 1270 1319 1320
3 1270 1320 1271
3 1271 1320 1321
3 1271 1321 1272
3 1272 1321 1322
3 1272 1322 1273
3 1273 1322 1323
3 1273 1323 1274
3 1275 1324 1325
3 1275 1325 1276
3 1276 1325 1326
3 1276 1326 1277
3 1277 1326 1327
3 1277 1327 1278
3 1278 1327 1328
3 1278 1328 1279
3 1279 1328 1329
3 1279 1329 1280
3 1280 1329 1330
3 1280 1330 1281
3 1281 1330 1331
3 1281 1331 1282
3 1282 1331 1332
3 1282 1332 1283
3 1283 1332 1333
3 1283 1333 1284
3 1284 1333 1334
3 1284 1334 1285
3 1285 1334 1335
3 1285 1335 1286
3 1286 1335 1336
3 1286 1336 1287
3 1287 1336 1337
3 1287 1337 1288
3 1288 1337 1338
3 1288 1338 1289
3 1289 1338 1339
3 1289 1339 1290
3 1290 1339 1340
3 1290 1340 1291
3 1291 1340 1341
3 1291 1341 1292
3 1292 1341 1342
3 1292 1342 1293
3 1293 1342 1343
3 1293 1343 1294
3 1294 1343 1344
3 1294 1344 1295
3 1295 1344 1345
3 1295 1345 1296
3 1296 1345 1346
3 1296 1346 1297
3 1297 1346 1347
3 1297 1347 1298
3 1298 1347 1348
3 1298 1348 1299
3 1299 1348 1349
3 1299 1349 1300
3 1300 1349 1350
3 1300 1350 1301
3 1301 1350 1351
3 1301 1351 1302
3 1302 1351 1352
3 1302 1352 1303
3 1303 1352 1353
3 1303 1353 1304
3 1304 1353 1354
3 1304 1354 1305
3 1305 1354 1355
3 1305 1355 1306
3 1306 1355 1356
3 1306 1356 1307
3 1307 1356 1357
3 1307 1357 1308
3 1308 1357 1358
3 1308 1358 1309
3 1309 1358 1359
3 1309 1359 1310
3 1310 1359 1360
3 1310 1360 1311
3 1311 1360 1361
3 1311 1361 1312
3 1312 1361 1362
3 1312 1362 1313
3 1313 1362 1363
3 1313 1363 1314
3 1314 1363 1364
3 1314 1364 1315
3 1315 1364 1365
3 1315 1365 1316
3 1316 1365 1366
3 1316 1366 1317
3 1317 1366 1367
3 1317 1367 1318
3 1318 1367 1368
3 1318 1368 1319
3 1319 1368 1369
3 1319 1369 1320
3 1320 1369 1370
3 1320 1370 1321
3 1321 1370 1371
3 1321 1371 1322
3 1322 1371 1372
3 1322 1372 1323
3 1324 1373 1374
3 1324 1374 1325
3 1325 1374 1375
3 1325 1375 1326
3 1326 1375 1376
3 1326 1376 1327
3 1327 1376 1377
3 1327 1377 1328
3 1328 1377 1378
3 1328 1378 1329
3 1329 1378 1379
3 1329 1379 1330
3 1330 1379 1380
3 1330 1380 1331
3 1331 1380 1381
3 1331 1381 1332
3 1332 1381 1382
3 1332 1382 1333
3 1333 1382 1383
3 1333 1383 1334
3 1334 1383 1384
3 1334 1384 1335
3 1335 1384 1385
3 1335 1385 1336
3 1336 1385 1386
3 1336 1386 1337
3 1337 1386 1387
3 1337 1387 1338
3 1338 1387 1388
3 1338 1388 1339
3 1339 1388 1389
3 1339 1389 1340
3 1340 1389 1390
3 1340 1390 1341
3 1341 1390 1391
3 1341 1391 1342
3 1342 1391 1392
3 1342 1392 1343
3 1343 1392 1393
3 1343 1393 1344
3 1344 1393 1394
3 1344 1394 1345
3 1345 1394 1395
3 1345 1395 1346
3 1346 1395 1396
3 1346 1396 1347
3 1347 1396 1397
3 1347 1397 1348
3 1348 1397 1398
3 1348 1398 1349
3 1349 1398 1399
3 1349 1399 1350
3 1350 1399 1400
3 1350 1400 1351
3 1351 1400 1401
3 1351 1401 1352
3 1352 1401 1402
3 1352 1402 1353
3 1353 1402 1403
3 1353 1403 1354
3 1354 1403 1404
3 1354 1404 1355
3 1355 1404 1405
3 1355 1405 1356
3 1356 1405 1406
3 1356 1406 1357
3 1357 1406 1407
3 1357 1407 1358
3 1358 1407 1408
3 1358 1408 1359
3 1359 1408 1409
3 1359 1409 1360
3 1360 1409 1410
3 1360 1410 1361
3 1361 1410 1411
3 1361 1411 1362
3 1362 1411 1412
3 1362 1412 1363
3 1363 1412 1413
3 1363 1413 1364
3 1364 1413 1414
3 1364 1414 1365
3 1365 1414 1415
3 1365 1415 1366
3 1366 1415 1416
3 1366 1416 1367
3 1367 1416 1417
3 1367 1417 1368
3 1368 1417 1418
3 1368 1418 1369
3 1369 1418 1419
3 1369 1419 1370
3 1370 1419 1420
3 1370 1420 1371
3 1371 1420 1421
3 1371 1421 1372
3 1373 1422 1423
3 1373 1423 1374
3 1374 1423 1424
3 1374 1424 1375
3 1375 1424 1425
3 1375 1425 1376
3 1376 1425 1426
3 1376 1426 1377
3 1377 1426 1427
3 1377 1427 1378
3 1378 1427 1428
3 1378 1428 1379
3 1379 1428 1429
3 1379 1429 1380
3 1380 1429 1430
3 1380 1430 1381
3 1381 1430 1431
3 1381 1431 1382
3 1382 1431 1432
3 1382 1432 1383
3 1383 1432 1433
3 1383 1433 1384
3 1384 1433 1434
3 1384 1434 1385
3 1385 1434 1435
3 1385 1435 1386
3 1386 1435 1436
3 1386 1436 1387
3 1387 1436 1437
3 1387 1437 1388
3 1388 1437 1438
3 1388 1438 1389
3 1389 1438 1439
3 1389 1439 1390
3 1390 1439 1440
3 1390 1440 1391
3 1391 1440 1441
3 1391 1441 1392
3 1392 1441 1442
3 1392 1442 1393
3 1393 1442 1443
3 1393 1443 1394
3 1394 1443 1444
3 1394 1444 1395
3 1395 1444 1445
3 1395 1445 1396
3 1396 1445 1446
3 1396 1446 1397
3 1397 1446 1447
3 1397 1447 1398
3 1398 1447 1448
3 1398 1448 1399
3 1399 1448 1449
3 1399 1449 1400
3 1400 1449 1450
3 1400 1450 1401
3 1401 1450 1451
3 1401 1451 1402
3 1402 1451 1452
3 1402 1452 1403
3 1403 1452 1453
3 1403 1453 1404
3 1404 1453 1454
3 1404 1454 1405
3 1405 1454 1455
3 1405 1455 1406
3 1406 1455 1456
3 1406 1456 1407
3 1407 1456 1457
3 1407 1457 1408
3 1408 1457 1458
3 1408 1458 1409
3 1409 1458 1459
3 1409 1459 1410
3 1410 1459 1460
3 1410 1460 1411
3 1411 1460 1461
3 1411 1461 1412
3 1412 1461 1462
3 1412 1462 1413
3 1413 1462 1463
3 1413 1463 1414
3 1414 1463 1464
3 1414 1464 1415
3 1415 1464 1465
3 1415 1465 1416
3 1416 1465 1466
3 1416 1466 1417
3 1417 1466 1467
3 1417 1467 1418
3 1418 1467 1468
3 1418 1468 1419
3 1419 1468 1469
3 1419 1469 1420
3 1420 1469 1470
3 1420 1470 1421
3 1422 1471 1472
3 1422 1472 1423
3 1423 1472 1473
3 1423 1473 1424
3 1424 1473 1474
3 1424 1474 1425
3 1425 1474 1475
3 1425 1475 1426
3 1426 1475 1476
3 1426 1476 1427
3 1427 1476 1477
3 1427 1477 1428
3 1428 1477 1478
3 1428 1478 1429
3 1429 1478 1479
3 1429 1479 1430
3 1430 1479 1480
3 1430 1480 1431
3 1431 1480 1481
3 1431 1481 1432
3 1432 1481 1482
3 1432 1482 1433
3 1433 1482 1483
3 1433 1483 1434
3 1434 1483 1484
3 1434 1484 1435
3 1435 1484 1485
3 1435 1485 1436
3 1436 1485 1486
3 1436 1486 1437
3 1437 1486 1487
3 1437 1487 1438
3 1438 1487 1488
3 1438 1488 1439
3 1439 1488 1489
3 1439 1489 1440
3 1440 1489 1490
3 1440 1490 1441
3 1441 1490 1491
3 1441 1491 1442
3 1442 1491 1492
3 1442 1492 1443
3 1443 1492 1493
3 1443 1493 1444
3 1444 1493 1494
3 1444 1494 1445
3 1445 1494 1495
3 1445 1495 1446
3 1446 1495 1496
3 1446 1496 1447
3 1447 1496 1497
3 1447 1497 1448
3 1448 1497 1498
3 1448 1498 1449
3 1449 1498 1499
3 1449 1499 1450
3 1450 1499 1500
3 1450 1500 1451
3 1451 1500 1501
3 1451 1501 1452
3 1452 1501 1502
3 1452 1502 1453
3 1453 1502 1503
3 1453 1503 1454
3 1454 1503 1504
3 1454 1504 1455
3 1455 1504 1505
3 1455 1505 1456
3 1456 1505 1506
3 1456 1506 1457
3 1457 1506 1507
3 1457 1507 1458
3 1458 1507 1508
3 1458 1508 1459
3 1459 1508 1509
3 1459 1509 1460
3 1460 1509 1510
3 1460 1510 1461
3 1461 1510 1511
3 1461 1511 1462
3 1462 1511 1512
3 1462 1512 1463
3 1463 1512 1513
3 1463 1513 1464
3 1464 1513 1514
3 1464 1514 1465
3 1465 1514 1515
3 1465 1515 1466
3 1466 1515 1516
3 1466 1516 1467
3 1467 1516 1517
3 1467 1517 1468
3 1468 1517 1518
3 1468 1518 1469
3 1469 1518 1519
3 1469 1519 1470
3 1471 1520 1521
3 1471 1521 1472
3 1472 1521 1522
3 1472 1522 1473
3 1473 1522 1523
3 1473 1523 1474
3 1474 1523 1524
3 1474 1524 1475
3 1475 1524 1525
3 1475 1525 1476
3 1476 1525 1526
3 1476 1526 1477
3 1477 1526 1527
3 1477 1527 1478
3 1478 1527 1528
3 1478 1528 1479
3 1479 1528 1529
3 1479 1529 1480
3 1480 1529 1530
3 1480 1530 1481
3 1481 1530 1531
3 1481 1531 1482
3 1482 1531 1532
3 1482 1532 1483
3 1483 1532 1533
3 1483 1533 1484
3 1484 1533 1534
3 1484 1534 1485
3 1485 1534 1535
3 1485 1535 1486
3 1486 1535 1536
3 1486 1536 1487
3 1487 1536 1537
3 1487 1537 1488
3 1488 1537 1538
3 1488 1538 1489
3 1489 1538 1539
3 1489 1539 1490
3 1490 1539 1540
3 1490 1540 1491
3 1491 1540 1541
3 1491 1541 1492
3 1492 1541 1542
3 1492 1542 1493
3 1493 1542 1543
3 1493 1543 1494
3 1494 1543 1544
3 1494 1544 1495
3 1495 1544 1545
3 1495 1545 1496
3 1496 1545 1546
3 1496 1546 1497
3 1497 1546 1547
3 1497 1547 1498
3 1498 1547 1548
3 1498 1548 1499
3 1499 1548 1549
3 1499 1549 1500
3 1500 1549 1550
3 1500 1550 1501
3 1501 1550 1551
3 1501 1551 1502
3 1502 1551 1552
3 1502 1552 1503
3 1503 1552 1553
3 1503 1553 1504
3 1504 1553 1554
3 1504 1554 1505
3 1505 1554 1555
3 1505 1555 1506
3 1506 1555 1556
3 1506 1556 1507
3 1507 1556 1557
3 1507 1557 1508
3 1508 1557 1558
3 1508 1558 1509
3 1509 1558 1559
3 1509 1559 1510
3 1510 1559 1560
3 1510 1560 1511
3 1511 1560 1561
3 1511 1561 1512
3 1512 1561 1562
3 1512 1562 1513
3 1513 1562 1563
3 1513 1563 1514
3 1514 1563 1564
3 1514 1564 1515
3 1515 1564 1565
3 1515 1565 1516
3 1516 1565 1566
3 1516 1566 1517
3 1517 1566 1567
3 1517 1567 1518
3 1518 1567 1568
3 1518 1568 1519
3 1520 1569 1570
3 1520 1570 1521
3 1521 1570 1571
3 1521 1571 1522
3 1522 1571 1572
3 1522 1572 1523
3 1523 1572 1573
3 1523 1573 1524
3 1524 1573 1574
3 1524 1574 1525
3 1525 1574 1575
3 1525 1575 1526
3 1526 1575 1576
3 1526 1576 1527
3 1527 1576 1577
3 1527 1577 1528
3 1528 1577 1578
3 1528 1578 1529
3 1529 1578 1579
3 1529 1579 1530
3 1530 1579 1580
3 1530 1580 1531
3 1531 1580 1581
3 1531 1581 1532
3 1532 1581 1582
3 1532 1582 1533
3 1533 1582 1583
3 1533 1583 1534
3 1534 1583 1584
3 1534 1584 1535
3 1535 1584 1585
3 1535 1585 1536
3 1536 1585 1586
3 1536 1586 1537
3 1537 1586 1587
3 1537 1587 1538
3 1538 1587 1588
3 1538 1588 1539
3 1539 1588 1589
3 1539 1589 1540
3 1540 1589 1590
3 1540 1590 1541
3 1541 1590 1591
3 1541 1591 1542
3 1542 1591 1592
3 1542 1592 1543
3 1543 1592 1593
3 1543 1593 1544
3 1544 1593 1594
3 1544 1594 1545
3 1545 1594 1595
3 1545 1595 1546
3 1546 1595 1596
3 1546 1596 1547
3 1547 1596 1597
3 1547 1597 1548
3 1548 1597 1598
3 1548 1598 1549
3 1549 1598 1599
3 1549 1599 1550
3 1550 1599 1600
3 1550 1600 1551
3 1551 1600 1601
3 1551 1601 1552
3 1552 1601 1602
3 1552 1602 1553
3 1553 1602 1603
3 1553 1603 1554
3 1554 1603 1604
3 1554 1604 1555
3 1555 1604 1605
3 1555 1605 1556
3 1556 1605 1606
3 1556 1606 1557
3 1557 1606 1607
3 1557 1607 1558
3 1558 1607 1608
3 1558 1608 1559
3 1559 1608 1609
3 1559 1609 1560
3 1560 1609 1610
3 1560 1610 1561
3 1561 1610 1611
3 1561 1611 1562
3 1562 1611 1612
3 1562 1612 1563
3 1563 1612 1613
3 1563 1613 1564
3 1564 1613 1614
3 1564 1614 1565
3 1565 1614 1615
3 1565 1615 1566
3 1566 1615 1616
3 1566 1616 1567
3 1567 1616 1617
3 1567 1617 1568
3 1569 1618 1619
3 1569 1619 1570
3 1570 1619 1620
3 1570 1620 1571
3 1571 1620 1621
3 1571 1621 1572
3 1572 1621 1622
3 1572 1622 1573
3 1573 1622 1623
3 1573 1623 1574
3 1574 1623 1624
3 1574 1624 1575
3 1575 1624 1625
3 1575 1625 1576
3 1576 1625 1626
3 1576 1626 1577
3 1577 1626 1627
3 1577 1627 1578
3 1578 1627 1628
3 1578 1628 1579
3 1579 1628 1629
3 1579 1629 1580
3 1580 1629 1630
3 1580 1630 1581
3 1581 1630 1631
3 1581 1631 1582
3 1582 1631 1632
3 1582 1632 1583
3 1583 1632 1633
3 1583 1633 1584
3 1584 1633 1634
3 1584 1634 1585
3 1585 1634 1635
3 1585 1635 1586
3 1586 1635 1636
3 1586 1636 1587
3 1587 1636 1637
3 1587 1637 1588
3 1588 1637 1638
3 1588 1638 1589
3 1589 1638 1639
3 1589 1639 1590
3 1590 1639 1640
3 1590 1640 1591
3 1591 1640 1641
3 1591 1641 1592
3 1592 1641 1642
3 1592 1642 1593
3 1593 1642 1643
3 1593 1643 1594
3 1594 1643 1644
3 1594 1644 1595
3 1595 1644 1645
3 1595 1645 1596
3 1596 1645 1646
3 1596 1646 1597
3 1597 1646 1647
3 1597 1647 1598
3 1598 1647 1648
3 1598 1648 1599
3 1599 1648 1649
3 1599 1649 1600
3 1600 1649 1650
3 1600 1650 1601
3 1601 1650 1651
3 1601 1651 1602
3 1602 1651 1652
3 1602 1652 1603
3 1603 1652 1653
3 1603 1653 1604
3 1604 1653 1654
3 1604 1654 1605
3 1605 1654 1655
3 1605 1655 1606
3 1606 1655 1656
3 1606 1656 1607
3 1607 1656 1657
3 1607 1657 1608
3 1608 1657 1658
3 1608 1658 1609
3 1609 1658 1659
3 1609 1659 1610
3 1610 1659 1660
3 1610 1660 1611
3 1611 1660 1661
3 1611 1661 1612
3 1612 1661 1662
3 1612 1662 1613
3 1613 1662 1663
3 1613 1663 1614
3 1614 1663 1664
3 1614 1664 1615
3 1615 1664 1665
3 1615 1665 1616
3 1616 1665 1666
3 1616 1666 1617
3 1618 1667 1668
3 1618 1668 1619
3 1619 1668 1669
3 1619 1669 1620
3 1620 1669 1670
3 1620 1670 1621
3 1621 1670 1671
3 1621 1671 1622
3 1622 1671 1672
3 1622 1672 1623
3 1623 1672 1673
3 1623 1673 1624
3 1624 1673 1674
3 1624 1674 1625
3 1625 1674 1675
3 1625 1675 1626
3 1626 1675 1676
3 1626 1676 1627
3 1627 1676 1677
3 1627 1677 1628
3 1628 1677 1678
3 1628 1678 1629
3 1629 1678 1679
3 1629 1679 1630
3 1630 1679 1680
3 1630 1680 1631
3 1631 1680 1681
3 1631 1681 1632
3 1632 1681 1682
3 1632 1682 1633
3 1633 1682 1683
3 1633 1683 1634
3 1634 1683 1684
3 1634 1684 1635
3 1635 1684 1685
3 1635 1685 1636
3 1636 1685 1686
3 1636 1686 1637
3 1637 1686 1687
3 1637 1687 1638
3 1638 1687 1688
3 1638 1688 1639
3 1639 1688 1689
3 1639 1689 1640
3 1640 1689 1690
3 1640 1690 1641
3 1641 1690 1691
3 1641 1691 1642
3 1642 1691 1692
3 1642 1692 1643
3 1643 1692 1693
3 1643 1693 1644
3 1644 1693 1694
3 1644 1694 1645
3 1645 1694 1695
3 1645 1695 1646
3 1646 1695 1696
3 1646 1696 1647
3 1647 1696 1697
3 1647 1697 1648
3 1648 1697 1698
3 1648 1698 1649
3 1649 1698 1699
3 1649 1699 1650
3 1650 1699 1700
3 1650 1700 1651
3 1651 1700 1701
3 1651 1701 1652
3 1652 1701 1702
3 1652 1702 1653
3 1653 1702 1703
3 1653 1703 1654
3 1654 1703 1704
3 1654 1704 1655
3 1655 1704 1705
3 1655 1705 1656
3 1656 1705 1706
3 1656 1706 1657
3 1657 1706 1707
3 1657 1707 1658
3 1658 1707 1708
3 1658 1708 1659
3 1659 1708 1709
3 1659 1709 1660
3 1660 1709 1710
3 1660 1710 1661
3 1661 1710 1711
3 1661 1711 1662
3 1662 1711 1712
3 1662 1712 1663
3 1663 1712 1713
3 1663 1713 1664
3 1664 1713 1714
3 1664 1714 1665
3 1665 1714 1715
3 1665 1715 1666
3 1667 1716 1717
3 1667 1717 1668
3 1668 1717 1718
3 1668 1718 1669
3 1669 1718 1719
3 1669 1719 1670
3 1670 1719 1720
3 1670 1720 1671
3 1671 1720 1721
3 1671 1721 1672
3 1672 1721 1722
3 1672 1722 1673
3 1673 1722 1723
3 1673 1723 1674
3 1674 1723 1724
3 1674 1724 1675
3 1675 1724 1725
3 1675 1725 1676
3 1676 1725 1726
3 1676 1726 1677
3 1677 1726 1727
3 1677 1727 1678
3 1678 1727 1728
3 1678 1728 1679
3 1679 1728 1729
3 1679 1729 1680
3 1680 1729 1730
3 1680 1730 1681
3 1681 1730 1731
3 1681 1731 1682
3 1682 1731 1732
3 1682 1732 1683
3 1683 1732 1733
3 1683 1733 1684
3 1684 1733 1734
3 1684 1734 1685
3 1685 1734 1735
3 1685 1735 1686
3 1686 1735 1736
3 1686 1736 1687
3 1687 1736 1737
3 1687 1737 1688
3 1688 1737 1738
3 1688 1738 1689
3 1689 1738 1739
3 1689 1739 1690
3 1690 1739 1740
3 1690 1740 1691
3 1691 1740 1741
3 1691 1741 1692
3 1692 1741 1742
3 1692 1742 1693
3 1693 1742 1743
3 1693 1743 1694
3 1694 1743 1744
3 1694 1744 1695
3 1695 1744 1745
3 1695 1745 1696
3 1696 1745 1746
3 1696 1746 1697
3 1697 1746 1747
3 1697 1747 1698
3 1698 1747 1748
3 1698 1748 1699
3 1699 1748 1749
3 1699 1749 1700
3 1700 1749 1750
3 1700 1750 1701
3 1701 1750 1751
3 1701 1751 1702
3 1702 1751 1752
3 1702 1752 1703
3 1703 1752 1753
3 1703 1753 1704
3 1704 1753 1754
3 1704 1754 1705
3 1705 1754 1755
3 1705 1755 1706
3 1706 1755 1756
3 1706 1756 1707
3 1707 1756 1757
3 1707 1757 1708
3 1708 1757 1758
3 1708 1758 1709
3 1709 1758 1759
3 1709 1759 1710
3 1710 1759 1760
3 1710 1760 1711
3 1711 1760 1761
3 1711 1761 1712
3 1712 1761 1762
3 1712 1762 1713
3 1713 1762 1763
3 1713 1763 1714
3 1714 1763 1764
3 1714 1764 1715
3 1716 1765 1766
3 1716 1766 1717
3 1717 1766 1767
3 1717 1767 1718
3 1718 1767 1768
3 1718 1768 1719
3 1719 1768 1769
3 1719 1769 1720
3 1720 1769 1770
3 1720 1770 1721
3 1721 1770 1771
3 1721 1771 1722
3 1722 1771 1772
3 1722 1772 1723
3 1723 1772 1773
3 1723 1773 1724
3 1724 1773 1774
3 1724 1774 1725
3 1725 1774 1775
3 1725 1775 1726
3 1726 1775 1776
3 1726 1776 1727
3 1727 1776 1777
3 1727 1777 1728
3 1728 1777 1778
3 1728 1778 1729
3 1729 1778 1779
3 1729 1779 1730
3 1730 1779 1780
3 1730 1780 1731
3 1731 1780 1781
3 1731 1781 1732
3 1732 1781 1782
3 1732 1782 1733
3 1733 1782 1783
3 1733 1783 1734
3 1734 1783 1784
3 1734 1784 1735
3 1735 1784 1785
3 1735 1785 1736
3 1736 1785 1786
3 1736 1786 1737
3 1737 1786 1787
3 1737 1787 1738
3 1738 1787 1788
3 1738 1788 1739
3 1739 1788 1789
3 1739 1789 1740
3 1740 1789 1790
3 1740 1790 1741
3 1741 1790 1791
3 1741 1791 1742
3 1742 1791 1792
3 1742 1792 1743
3 1743 1792 1793
3 1743 1793 1744
3 1744 1793 1794
3 1744 1794 1745
3 1745 1794 1795
3 1745 1795 1746
3 1746 1795 1796
3 1746 1796 1747
3 1747 1796 1797
3 1747 1797 1748
3 1748 1797 1798
3 1748 1798 1749
3 1749 1798 1799
3 1749 1799 1750
3 1750 1799 1800
3 1750 1800 1751
3 1751 1800 1801
3 1751 1801 1752
3 1752 1801 1802
3 1752 1802 1753
3 1753 1802 1803
3 1753 1803 1754
3 1754 1803 1804
3 1754 1804 1755
3 1755 1804 1805
3 1755 1805 1756
3 1756 1805 1806
3 1756 1806 1757
3 1757 1806 1807
3 1757 1807 1758
3 1758 1807 1808
3 1758 1808 1759
3 1759 1808 1809
3 1759 1809 1760
3 1760 1809 1810
3 1760 1810 1761
3 1761 1810 1811
3 1761 1811 1762
3 1762 1811 1812
3 1762 1812 1763
3 1763 1812 1813
3 1763 1813 1764
3 1765 1814 1815
3 1765 1815 1766
3 1766 1815 1816
3 1766 1816 1767
3 1767 1816 1817
3 1767 1817 1768
3 1768 1817 1818
3 1768 1818 1769
3 1769 1818 1819
3 1769 1819 1770
3 1770 1819 1820
3 1770 1820 1771
3 1771 1820 1821
3 1771 1821 1772
3 1772 1821 1822
3 1772 1822 1773
3 1773 1822 1823
3 1773 1823 1774
3 1774 1823 1824
3 1774 1824 1775
3 1775 1824 1825
3 1775 1825 1776
3 1776 1825 1826
3 1776 1826 1777
3 1777 1826 1827
3 1777 1827 1778
3 1778 1827 1828
3 1778 1828 1779
3 1779 1828 1829
3 1779 1829 1780
3 1780 1829 1830
3 1780 1830 1781
3 1781 1830 1831
3 1781 1831 1782
3 1782 1831 1832
3 1782 1832 1783
3 1783 1832 1833
3 1783 1833 1784
3 1784 1833 1834
3 1784 1834 1785
3 1785 1834 1835
3 1785 1835 1786
3 1786 1835 1836
3 1786 1836 1787
3 1787 1836 1837
3 1787 1837 1788
3 1788 1837 1838
3 1788 1838 1789
3 1789 1838 1839
3 1789 1839 1790
3 1790 1839 1840
3 1790 1840 1791
3 1791 1840 1841
3 1791 1841 1792
3 1792 1841 1842
3 1792 1842 1793
3 1793 1842 1843
3 1793 1843 1794
3 1794 1843 1844
3 1794 1844 1795
3 1795 1844 1845
3 1795 1845 1796
3 1796 1845 1846
3 1796 1846 1797
3 1797 1846 1847
3 1797 1847 1798
3 1798 1847 1848
3 1798 1848 1799
3 1799 1848 1849
3 1799 1849 1800
3 1800 1849 1850
3 1800 1850 1801
3 1801 1850 1851
3 1801 1851 1802
3 1802 1851 1852
3 1802 1852 1803
3 1803 1852 1853
3 1803 1853 1804
3 1804 1853 1854
3 1804 1854 1805
3 1805 1854 1855
3 1805 1855 1806
3 1806 1855 1856
3 1806 1856 1807
3 1807 1856 1857
3 1807 1857 1808
3 1808 1857 1858
3 1808 1858 1809
3 1809 1858 1859
3 1809 1859 1810
3 1810 1859 1860
3 1810 1860 1811
3 1811 1860 1861
3 1811 1861 1812
3 1812 1861 1862
3 1812 1862 1813
3 1814 1863 1864
3 1814 1864 1815
3 1815 1864 1865
3 1815 1865 1816
3 1816 1865 1866
3 1816 1866 1817
3 1817 1866 1867
3 1817 1867 1818
3 1818 1867 1868
3 1818 1868 1819
3 1819 1868 1869
3 1819 1869 1820
3 1820 1869 1870
3 1820 1870 1821
3 1821 1870 1871
3 1821 1871 1822
3 1822 1871 1872
3 1822 1872 1823
3 1823 1872 1873
3 1823 1873 1824
3 1824 1873 1874
3 1824 1874 1825
3 1825 1874 1875
3 1825 1875 1826
3 1826 1875 1876
3 1826 1876 1827
3 1827 1876 1877
3 1827 1877 1828
3 1828 1877 1878
3 1828 1878 1829
3 1829 1878 1879
3 1829 1879 1830
3 1830 1879 1880
3 1830 1880 1831
3 1831 1880 1881
3 1831 1881 1832
3 1832 1881 1882
3 1832 1882 1833
3 1833 1882 1883
3 1833 1883 1834
3 1834 1883 1884
3 1834 1884 1835
3 1835 1884 1885
3 1835 1885 1836
3 1836 1885 1886
3 1836 1886 1837
3 1837 1886 1887
3 1837 1887 1838
3 1838 1887 1888
3 1838 1888 1839
3 1839 1888 1889
3 1839 1889 1840
3 1840 1889 1890
3 1840 1890 1841
3 1841 1890 1891
3 1841 1891 1842
3 1842 1891 1892
3 1842 1892 1843
3 1843 1892 1893
3 1843 1893 1844
3 1844 1893 1894
3 1844 1894 1845
3 1845 1894 1895
3 1845 1895 1846
3 1846 1895 1896
3 1846 1896 1847
3 1847 1896 1897
3 1847 1897 1848
3 1848 1897 1898
3 1848 1898 1849
3 1849 1898 1899
3 1849 1899 1850
3 1850 1899 1900
3 1850 1900 1851
3 1851 1900 1901
3 1851 1901 1852
3 1852 1901 1902
3 1852 1902 1853
3 1853 1902 1903
3 1853 1903 1854
3 1854 1903 1904
3 1854 1904 1855
3 1855 1904 1905
3 1855 1905 1856
3 1856 1905 1906
3 1856 1906 1857
3 1857 1906 1907
3 1857 1907 1858
3 1858 1907 1908
3 1858 1908 1859
3 1859 1908 1909
3 1859 1909 1860
3 1860 1909 1910
3 1860 1910 1861
3 1861 1910 1911
3 1861 1911 1862
3 1863 1912 1913
3 1863 1913 1864
3 1864 1913 1914
3 1864 1914 1865
3 1865 1914 1915
3 1865 1915 1866
3 1866 1915 1916
3 1866 1916 1867
3 1867 1916 1917
3 1867 1917 1868
3 1868 1917 1918
3 1868 1918 1869
3 1869 1918 1919
3 1869 1919 1870
3 1870 1919 1920
3 1870 1920 1871
3 1871 1920 1921
3 1871 1921 1872
3 1872 1921 1922
3 1872 1922 1873
3 1873 1922 1923
3 1873 1923 1874
3 1874 1923 1924
3 1874 1924 1875
3 1875 1924 1925
3 1875 1925 1876
3 1876 1925 1926
3 1876 1926 1877
3 1877 1926 1927
3 1877 1927 1878
3 1878 1927 1928
3 1878 1928 1879
3 1879 1928 1929
3 1879 1929 1880
3 1880 1929 1930
3 1880 1930 1881
3 1881 1930 1931
3 1881 1931 1882
3 1882 1931 1932
3 1882 1932 1883
3 1883 1932 1933
3 1883 1933 1884
3 1884 1933 1934
3 1884 1934 1885
3 1885 1934 1935
3 1885 1935 1886
3 1886 1935 1936
3 1886 1936 1887
3 1887 1936 1937
3 1887 1937 1888
3 1888 1937 1938
3 1888 1938 1889
3 1889 1938 1939
3 1889 1939 1890
3 1890 1939 1940
3 1890 1940 1891
3 1891 1940 1941
3 1891 1941 1892
3 1892 1941 1942
3 1892 1942 1893
3 1893 1942 1943
3 1893 1943 1894
3 1894 1943 1944
3 1894 1944 1895
3 1895 1944 1945
3 1895 1945 1896
3 1896 1945 1946
3 1896 1946 1897
3 1897 1946 1947
3 1897 1947 1898
3 1898 1947 1948
3 1898 1948 1899
3 1899 1948 1949
3 1899 1949 1900
3 1900 1949 1950
3 1900 1950 1901
3 1901 1950 1951
3 1901 1951 1902
3 1902 1951 1952
3 1902 1952 1903
3 1903 1952 1953
3 1903 1953 1904
3 1904 1953 1954
3 1904 1954 1905
3 1905 1954 1955
3 1905 1955 1906
3 1906 1955 1956
3 1906 1956 1907
3 1907 1956 1957
3 1907 1957 1908
3 1908 1957 1958
3 1908 1958 1909
3 1909 1958 1959
3 1909 1959 1910
3 1910 1959 1960
3 1910 1960 1911
