ply
format ascii 1.0
element vertex 2145
property float x
property float y
property float z
element face 4096
property list uchar int vertex_indices
end_header
0.83209415065224612 -2.0543450240184487 0.23919129992154792
0.80203859125035348 -2.0533378381726104 0.33264539935420256
0.76298211077534706 -2.0517741029864491 0.42270195818627992
0.7153019466755558 -2.0496689477265231 0.50849366545503938
0.65945776417924518 -2.0470426446550753 0.58919422779841157
0.59598754375091079 -2.0439204702733722 0.66402627797082192
0.52550263899051519 -2.040332479663475 0.73226891479175094
0.44868197179274022 -2.0363132209317891 0.79326468003358519
0.36626551988479739 -2.0319014027266604 0.84642591175061699
0.27904719644265108 -2.027139520729849 0.89124042071498855
0.18786720126107678 -2.022073447353812 0.92727643745603305
0.093603920706045923 -2.0167519887587879 0.95418678201414309
-0.0028345436767162834 -2.0112264135285209 0.97171221552612141
-0.10051913478771216 -2.0055499576059188 0.97968394087308008
-0.1985088020868899 -1.9997773103180596 0.978025228198798
-0.29585957866342572 -1.9939640864988184 0.96675214986512659
-0.39163368482675659 -1.9881662898440351 0.94597341823563896
-0.48490856975006391 -1.9824397727092296 0.91588932850459648
-0.5747858035243294 -1.9768396975825784 0.87678981752458585
-0.6603997336541142 -1.9714200054372286 0.82905165817123283
-0.74092582252055739 -1.9662328960877071 0.77313481712224097
-0.81558858562268433 -1.9613283255469289 0.7095780119538132
-0.88366905443864163 -1.9567535252051993 0.63899351108620162
-0.94451169248424183 -1.9525525474326249 0.56206122728996444
-0.99753069852771681 -1.9487658419446017 0.47952216212279447
-1.042215636899936 -1.9454298669686956 0.39217126476137276
-1.0781363413535971 -1.9425767389137798 0.30084977416714703
-1.1049470459172468 -1.9402339238713309 0.20643711834194131
-1.1223897036038319 -1.9384239738777946 0.10984244855009577
-1.1302964615858078 -1.9371643104393781 0.011995889767262397
-1.1285912694931117 -1.9364670573701526 -0.086160408757064821
-1.1172906057379337 -1.9363389245250457 -0.18368133709749332
-1.0965033151572194 -1.9367811435251234 -0.27962791564876832
-1.0664295597058178 -1.9377894560783973 -0.37307632653497447
-1.0273588923591317 -1.939354154999521 -0.46312679904133147
-0.97966747270744103 -1.9414601775311451 -0.54891226408376581
-0.92381445087308034 -1.9440872500730835 -0.62960669493575783
-0.86033755427365766 -1.947210082937878 -0.70443305441105819
-0.78984791932367093 -1.9507986132768613 -0.77267077242820059
-0.71302421733454635 -1.9548182938646699 -0.83366268231521301
-0.63060613058737325 -1.9592304249953316 -0.88682134931474688
-0.54338724074689349 -1.9639925263345925 -0.93163473046875445
-0.45220739740801058 -1.9690587451930976 -0.96767111134294315
-0.35794463957727968 -1.9743802973374038 -0.99458327185093853
-0.26150674723895878 -1.9799059361430646 -1.0121118406861833
-0.16382250380796384 -1.9855824456185089 -1.0200878055192697
-0.065832753190383966 -1.991355152592752 -1.0184341541023301
0.031518662674515856 -1.9971684531663814 -1.0071666296800217
0.12729399855781712 -2.0029663483758773 -0.98639359256622283
0.22057064519718239 -2.0086929839180243 -0.95631498834542417
0.31045002559294171 -2.0142931887261768 -0.91722043180941637
0.39606626202792949 -2.0197130071844955 -0.86948642437754498
0.47659452952412157 -2.0249002198122583 -0.81357273128519747
0.55125901436456737 -2.0298048473489114 -0.75001795317242437
0.61934040014353442 -2.034379633324872 -0.67943433478269966
0.6801828085710534 -2.0385805004164084 -0.6025018611443238
0.73320012792634648 -2.042366976158088 -0.51996169869087916
0.77788166841024242 -2.0457025839194261 -0.43260904503319242
0.81379709008127488 -2.048555195419429 -0.34128545632269502
0.84060055425336933 -2.0508973413858134 -0.24687072545604435
0.85803405089978146 -2.0527064771142793 -0.15027438881570129
0.86592985027520841 -2.0539651993692325 -0.052426946866867857
0.86421202442090028 -2.0546614101327121 0.045729099977979151
0.85289706328443005 -2.0547884233202378 0.14324828428377162
0.83209415062683934 -2.054345024025396 0.23919130001448771
0.83943598930271235 -1.9295652126792928 0.24020707627865576
0.809376311038841 -1.9285577441752741 0.33366055562726704
0.77031939989228626 -1.9269939787560013 0.42371754572281289
0.72263931871028819 -1.9248888283441463 0.50950989886484177
0.66679515968139513 -1.9222625283331287 0.59021109490968027
0.60332482502375739 -1.9191403497788257 0.66504370636991261
0.53283968574529117 -1.9155523481791497 0.73328682022706793
0.45601869297171699 -1.9115330729605711 0.79428298004184761
0.37360184933779234 -1.9071212340211134 0.84744452892463307
0.28638308716643945 -1.9023593280733162 0.8922592830765983
0.19520262082355055 -1.897293228357785 0.92829547812088897
0.10093884791909652 -1.8919717417004773 0.955205938739913
0.0044998788400131048 -1.8864461372245156 0.97273143027522879
-0.093185222229806963 -1.8807696513143275 0.98070315939580688
-0.1911753989580714 -1.8749969736631196 0.97904439962167866
-0.28852667957832878 -1.8691837194139833 0.9677712262816609
-0.38430128019382664 -1.8633858925309561 0.9469923543135933
-0.47757664618375423 -1.8576593456104913 0.9169080811350836
-0.56745434406499584 -1.8520592413661636 0.8778083455444422
-0.65306871784147158 -1.8466395209904301 0.83006992218721554
-0.73359522636928132 -1.8414523845178852 0.77415277945873895
-0.80825838154882246 -1.8365477881863872 0.71059563673334603
-0.87633921118429259 -1.8319729636173774 0.64001076444131944
-0.93718217508165291 -1.8277719634170617 0.56307807769200446
-0.99020146833810674 -1.8239852375383692 0.48053858080525647
-1.0348866517509681 -1.820649244442617 0.39318722620673113
-1.0708075557913093 -1.8177961007621668 0.30186525662365943
-1.0976184115776035 -1.8154532727946036 0.2074521043350484
-1.1150611697008814 -1.8136433127578451 0.11085692535461734
-1.1229679755056143 -1.81238364230802 0.013009849809442786
-1.1212627774766633 -1.8116863853714249 -0.085146967594305678
-1.1099620536319386 -1.8115582518724158 -0.1826684112878105
-1.0891746492070304 -1.8120004734549864 -0.2786154959704556
-1.0591007273617856 -1.8130087918015239 -0.37206439816393821
-1.0200298430658548 -1.8145734996522564 -0.46211534179239039
-0.97233815864383122 -1.8166795341283415 -0.5479012527960968
-0.91648482761043493 -1.8193066214648734 -0.62859609998920896
-0.85300758132300858 -1.8224294717722003 -0.70342284235172914
-0.78251756054613608 -1.8260180219696196 -0.77166090667088405
-0.70569344119924005 -1.8300377245787462 -0.83265312388400814
-0.62327491026888882 -1.8344498796293802 -0.88581205757345405
-0.53605555407211902 -1.8392120065213291 -0.93062566379417178
-0.44487522667421742 -1.8442782523061945 -0.96666222769317878
-0.35061197127918148 -1.849599832505008 -0.99357452918860367
-0.25417357175571204 -1.8551255002650695 -1.0111031972302553
-0.15648881510932103 -1.8608020393841065 -1.0190792198163572
-0.058498548624086287 -1.8665747764944505 -1.0174255849286211
0.038853382455989828 -1.8723881075067772 -1.006158035807279
0.13462922948479067 -1.8781860332640032 -0.9853849324474161
0.22790637945722933 -1.8839126992531263 -0.95530621979127861
0.31778625109136227 -1.8895129341681824 -0.91621151174253046
0.40340296166401163 -1.8949327821123145 -0.8684773087515264
0.48393168034408668 -1.9001200232728721 -0.81256337524737521
0.55859658667141066 -1.9050246780020015 -0.74900831151935487
0.62667835661948668 -1.9095994893877613 -0.67842436269623496
0.68752110336018324 -1.913800379611124 -0.60149151511816279
0.74053870538047495 -1.9175868756545884 -0.51895093749285415
0.78522046085321529 -1.9209225002595445 -0.43159783060081419
0.8211360138082443 -1.9237751244124142 -0.34027375480479255
0.84793950418525343 -1.9261172780445766 -0.24585850925584923
0.8653729001409648 -1.9279264160040479 -0.14926164090410218
0.87326847995554757 -1.9291851366692863 -0.05141366586343226
0.87155046209303133 -1.9298813513485995 0.046742912112792911
0.86023593752289729 -1.9300084084067581 0.14426273215801497
0.83943598928650898 -1.9295652126705471 0.24020707635555155
0.84677022274053004 -1.8047851140351026 0.2412208221004935
0.81670952780198536 -1.8037776018909701 0.33467402263268681
0.77765236579372543 -1.8022138072293079 0.4247309624784294
0.72997253710389531 -1.8001086554900634 0.5105235077422926
0.67412868927625458 -1.7974823625941843 0.59122496666054136
0.61065858626261493 -1.7943601912236904 0.66605782268878877
0.54017358061591703 -1.7907721941304686 0.73430112690585714
0.4633526435516625 -1.7867529205152151 0.79529741619496186
0.38093580371368985 -1.7823410809217526 0.84845904004234685
0.29371701488699875 -1.7775791728478061 0.8932738252168102
0.20253650662214018 -1.7725130702005372 0.92931001810584812
0.10827268640317843 -1.767191580297456 0.95622045291724267
0.011833670574693216 -1.7616659725916146 0.9737459029583504
-0.085851473475476642 -1.7559894836658221 0.98171758136560017
-0.18384168811198046 -1.7502168033098955 0.9800587667644729
-0.28119300154636828 -1.7444035466876908 0.96878553834466452
-0.37696763067093469 -1.7386057177308694 0.94800661376202833
-0.47024302209124341 -1.7328791689704852 0.91792229210773801
-0.56012074368531739 -1.7272790630394783 0.87882251292999469
-0.64573514071365812 -1.7218593410496028 0.83108405084926984
-0.72626167300731925 -1.7166722029667931 0.77516687363464021
-0.80092485304598615 -1.7117676049809802 0.71160969962310949
-0.86900570876439853 -1.7071927786915142 0.64102479798908418
-0.92984869965298345 -1.7029917767099843 0.56409208254863674
-0.98286802009527263 -1.6992050490207551 0.4815525564471187
-1.0275532298607204 -1.6958690541386889 0.39420117117861964
-1.0634741581845906 -1.6930159087660266 0.30287916886729244
-1.0902850348591531 -1.6906730792797251 0.20846598156369225
-1.1077278091767102 -1.6888631179791658 0.11187076543568847
-1.1156346253219214 -1.6876034465967742 0.014023651120965378
-1.1139294308554819 -1.6869061891232957 -0.084133205863454533
-1.102628703184986 -1.6867780555299408 -0.1816546889184513
-1.0818412873043148 -1.6872202774855445 -0.27760181159371156
-1.051767346528842 -1.6882285966724866 -0.37105074925539244
-1.0126964363797231 -1.6897933058051704 -0.46110172478674022
-0.96500472009547855 -1.6918993419542567 -0.5468876633213946
-0.90915135240057532 -1.6945264312830444 -0.62758253321074919
-0.84567406605780626 -1.6976492838144446 -0.70240929340402392
-0.77518400330580484 -1.7012378363723311 -0.77064737114599824
-0.6983598414584643 -1.7052575413841888 -0.83163959833181222
-0.61594126866291166 -1.7096696987970801 -0.88479853996242019
-0.52872187201608489 -1.7144318279494073 -0.92961215387310348
-0.43754150586667084 -1.7194980758611353 -0.96564872720145623
-0.34327821313569773 -1.7248196580573101 -0.99256104186472871
-0.24683977683824515 -1.7303453277269223 -1.0100897285875725
-0.14915498262831203 -1.7360218687443902 -1.0180657766765067
-0.051164676094887777 -1.7417946078459836 -1.0164121747293824
0.046187299324906804 -1.7476079410608099 -1.0051446657298642
0.14196319660773454 -1.7534058693476762 -0.98437160843487292
0.23524040384892134 -1.759132538286869 -0.95429294555161093
0.32512033999119966 -1.7647327766216283 -0.91519828784240886
0.41073712132230217 -1.7701526284394256 -0.86746413191194649
0.4912659145084865 -1.7753398738289778 -0.81155023793696968
0.56593089481840775 -1.7802445329476253 -0.74799520191519364
0.63401273194741037 -1.7848193485860953 -0.67741126504166305
0.69485553048960513 -1.7890202425282777 -0.60047841047646844
0.74787315763172413 -1.7928067412761777 -0.51793780491849328
0.79255489707913607 -1.7961423670504484 -0.43058464890016229
0.82847037554802472 -1.7989949903821179 -0.33926050534776947
0.85527371637505201 -1.8013371410588535 -0.24484518047499554
0.87270688414487396 -1.8031462746122013 -0.14824823420643346
0.88060219637623005 -1.8044049918266212 -0.050400198548793837
0.87888400371483488 -1.8051012091826637 0.047756420780914952
0.86756963962016131 -1.8052282822741437 0.14527631057824114
0.84677022272375324 -1.8047851140335334 0.24122082217788812
0.85410346664628944 -1.6800051512646232 0.24223431061863457
0.82404243796345478 -1.6789976271116926 0.33568739974261791
0.78498512713229929 -1.6774338178199804 0.42574427329536685
0.73730544480840099 -1.6753286582106681 0.51153689977804739
0.68146185791052138 -1.6727023642936101 0.59223853748135047
0.617991994981552 -1.6695801948758651 0.66707159344493949
0.54750716013335432 -1.6659921999845424 0.73531506928194834
0.47068632374781161 -1.6619729276044679 0.79631148019028886
0.3882695318652199 -1.6575610881005844 0.84947317307528991
0.30105075809874049 -1.6527991792709784 0.8942879819885694
0.20987024806172175 -1.647733075442541 0.9303241640926122
0.11560642027708568 -1.6424115843019347 0.95723456443867672
0.019167397762660077 -1.6368859755642755 0.97475996579486113
-0.078517748681207866 -1.6312094859636788 0.9827315889665017
-0.17650796026457349 -1.6254368053464934 0.98107271848954281
-0.27385926552402873 -1.6196235488595476 0.96979943787585465
-0.36963388257535951 -1.6138257203652386 0.94902046770415671
-0.46290925970840407 -1.608099172293195 0.91893610877133858
-0.55278696661109139 -1.6024990671608847 0.87983630129193147
-0.63840135022513622 -1.5970793459662354 0.83209781969952079
-0.71892787175049455 -1.5918922085757308 0.77618063091956879
-0.79359104460632801 -1.5869876111035088 0.71262345199234423
-0.86167189718291104 -1.5824127851023753 0.64203855054374925
-0.92251488894398059 -1.5782117831685842 0.5651058387767447
-0.97553421381179373 -1.5744250553010966 0.48256631832004043
-1.0202194307437142 -1.5710890600552438 0.39521493937564844
-1.0561403679176964 -1.5682359141936097 0.30389294308892273
-1.082951253941834 -1.5658930841660237 0.20947976089456455
-1.1003940369143974 -1.5640831223494798 0.11288454871807138
-1.1083008599268247 -1.5628234505509151 0.015037437304981348
-1.1065956696445192 -1.5621261928252532 -0.083119417422617525
-1.0952949428551382 -1.5619980591913485 -0.18064089824096108
-1.0745075242632878 -1.5624402813443194 -0.27658801795218746
-1.044433577255008 -1.5634486009683612 -0.37003695116225288
-1.0053626577820445 -1.5650133107541371 -0.46008792009899607
-0.95767092984187319 -1.5671193477241785 -0.54587384946265649
-0.90181754918132795 -1.5697464379728692 -0.6265687075009938
-0.83834024975053123 -1.5728692914395155 -0.70139545347625076
-0.7678501750138369 -1.5764578448579536 -0.76963351541789027
-0.69102600340101705 -1.5804775505692359 -0.83062572648761024
-0.60860742391060185 -1.5848897084484408 -0.8837846533932765
-0.52138802407914864 -1.589651837787146 -0.92859825601549861
-0.43020765816535167 -1.5947180855927416 -0.96463482371638753
-0.33594436840218805 -1.6000396674181179 -0.99154714060891969
-0.23950593651685409 -1.6055653365225286 -1.0090758393425745
-0.14182114635397927 -1.6112418768899637 -1.0170519106258074
-0.043830841335014005 -1.6170146153969751 -1.0153983436997074
0.053521137383825509 -1.6228279482297494 -1.0041308812427807
0.14929704486010464 -1.628625876502598 -0.98335788064105323
0.24257427070809168 -1.6343525459283286 -0.95327928214041113
0.33245423444072814 -1.6399527853371632 -0.91418469303120897
0.4180710515787423 -1.6453726388364662 -0.86645060562164278
0.49859988631181379 -1.6505598864499464 -0.81053677525366497
0.57326490937866614 -1.655464548174177 -0.7469817929306336
0.64134678359270592 -1.6600393665444242 -0.67639789516611326
0.70218960412370224 -1.6642402630151683 -0.5994650613485426
0.75520722630809156 -1.6680267637373833 -0.51692445610046545
0.799888920491025 -1.6713623906577153 -0.42957128060925975
0.8358043012129116 -1.6742150142636607 -0.33824710239012373
0.86260748672777321 -1.6765571647118247 -0.2438317369820833
0.88004045376421658 -1.6783662984087087 -0.14723475728677896
0.88793556111627281 -1.6796250172655149 -0.04938670663920177
0.88621723093626981 -1.6803212382752999 0.048769909780634307
0.8749028563456126 -1.6804483159103996 0.14628979718451096
0.85410346662915237 -1.6800051512637881 0.24223431069719337
0.86143663477338595 -1.5552253672982352 0.24324778643541151
0.83137545275648539 -1.5542178344142901 0.33670082735736484
0.79231806103948565 -1.5526540147475867 0.42675766698179718
0.74463845906255022 -1.5505488454200085 0.51255034012815692
0.68879505716053158 -1.547922544862204 0.59325210787213478
0.62532539445129953 -1.5448003717074192 0.66808533491420918
0.55484072034289444 -1.5412123747005351 0.73632897732808944
0.47801998863425954 -1.5371931007152941 0.79732552040794158
0.39560325153269121 -1.5327812595537631 0.85048729884359653
0.30838449747878427 -1.5280193489090035 0.89530214741925851
0.21720398714087108 -1.5229532432432906 0.93133833106500119
0.12294015076387665 -1.5176317504447208 0.95824870510574622
0.026501119054722314 -1.5121061403987088 0.97577406240446418
-0.071184032975712422 -1.5064296499399936 0.98374563242031388
-0.16917424490541844 -1.5006569689407874 0.98208670649543173
-0.26652554536682099 -1.49484371250973 0.97081337311975624
-0.36230015361473306 -1.4890458844236973 0.95003435620644583
-0.45557551960341736 -1.4833193369977342 0.91994995848412064
-0.54545321482830689 -1.4777192326231876 0.88085012093953441
-0.6310675879055343 -1.4722995121758651 0.83311161785796228
-0.71159410138670676 -1.467112375416898 0.77719441532934619
-0.78625726960444886 -1.4622077783811738 0.71363722909694283
-0.85433812137340104 -1.4576329525739984 0.64305232524008693
-0.91518111609870312 -1.453431950577748 0.56611961435773306
-0.96820044721218634 -1.4496452224096568 0.48358009657914108
-1.0128856728345392 -1.4463092266711093 0.39622872083815486
-1.0488066200682036 -1.4434560801920127 0.30490672733048269
-1.0756175163240904 -1.4411132495029246 0.21049354690675243
-1.0930603085009782 -1.4393032870664002 0.11389833528364618
-1.1009671385954367 -1.4380436147714133 0.016051223347568627
-1.0992619523798948 -1.4373463567434464 -0.082105632542271365
-1.0879612260269922 -1.4372182230536952 -0.17962711450674304
-1.0671738039586876 -1.4376604454261177 -0.27557423457093017
-1.0370998496394968 -1.4386687655468378 -0.36902316655190937
-0.99802891946112826 -1.4402334760803066 -0.45907413199400665
-0.95033717819087371 -1.4423395139959814 -0.54486005513618974
-0.89448378261143668 -1.4449666053121721 -0.62555490409532732
-0.83100646787750487 -1.4480894598757168 -0.70038163842108625
-0.760516378700127 -1.4516780143205898 -0.76861968690456228
-0.68369219465091868 -1.4556977208914281 -0.82961188395640484
-0.60127360560801435 -1.4601098793822653 -0.8827707979785312
-0.51405419957812171 -1.4648720090306038 -0.92758439089134292
-0.42287383075994767 -1.4699382568267714 -0.96362095428164607
-0.32861054072590568 -1.4752598383504507 -0.99053327446129169
-0.23217210993940046 -1.4807855069339146 -1.0080619860062796
-0.13448732045727044 -1.486462046677276 -1.0160380810198089
-0.036497013556786827 -1.4922347846072994 -1.0143845493623513
0.060854971853305143 -1.4980481170798403 -1.0031171333571276
0.15663089285400747 -1.5038460453790861 -0.98234418893212461
0.24990814047614013 -1.5095727153657696 -0.95226565373849803
0.33978813462705504 -1.5151729559733522 -0.91317113140904682
0.4254049897772117 -1.5205928113472087 -0.86543710972130194
0.5059338672218634 -1.5257800614690682 -0.80952333892751471
0.58059893263149642 -1.530684726209119 -0.74596840483476679
0.64868084140607063 -1.5352595479039362 -0.67538453926833808
0.70952367912240022 -1.539460447773275 -0.59845171824401588
0.7625412901592723 -1.5432469517642466 -0.51591110531769235
0.80722293445199134 -1.5465825817447616 -0.4285579039501497
0.84313822010723216 -1.5494352083402889 -0.3372336879393818
0.86994126775994374 -1.5517773620729087 -0.24281828265901426
0.88737406998317681 -1.5535864997473414 -0.14622127190173176
0.89526901513842472 -1.5548452232350087 -0.048373206269709548
0.8935505580287586 -1.5555414486005397 0.049783409926264469
0.88223610208867675 -1.555668529146224 0.14730328922125757
0.86143663475628973 -1.5552253672973706 0.24324778651381684
0.86876979736020699 -1.4304457502120558 0.24426126741164153
0.83870852358506887 -1.4294382084630164 0.33771428023619676
0.79965109009965352 -1.4278743790394497 0.42777110287277187
0.75197154257768606 -1.4257691991748298 0.51356380744791119
0.69612827529499977 -1.4231428890124993 0.59426566950061988
0.63265877537186299 -1.4200207081761678 0.66909903537558635
0.5621742463795425 -1.4164327053475945 0.73734282788783212
0.48535361920552533 -1.4124134268726873 0.79833950246683616
0.40293694344089348 -1.4080015820622136 0.85150137581877694
0.31571821638067227 -1.4032396683401394 0.89631627710859341
0.22453771116568824 -1.3981735600977065 0.93235247460429005
0.13027386939485025 -1.3928520652559084 0.95926283178928473
0.033834830048769471 -1.3873264537528942 0.97678815121878304
-0.063850326909914046 -1.3816499624458454 0.98475967152425914
-0.16184053887163499 -1.3758772811795441 0.98310069168122971
-0.25919183425847397 -1.3700640249857075 0.97182730593748823
-0.35496643335056016 -1.364266197525849 0.95104824212975214
-0.44824178776281209 -1.3585396509767047 0.92096380529403443
-0.53811947083834133 -1.3529395475847243 0.88186393739151681
-0.62373383291206108 -1.3475198280892882 0.83412541264285733
-0.70426033791809362 -1.3423326921360321 0.77820819631705118
-0.77892350111605091 -1.337428095674386 0.71465100284173189
-0.84700435174572519 -1.3328532701595446 0.64406609672196957
-0.90784734914636667 -1.3286522681606845 0.56713338692655269
-0.96086668625095095 -1.3248655397167597 0.48459387206680965
-1.0055519203374848 -1.3215295434808918 0.39724249979735216
-1.0414728774314459 -1.3186763963576071 0.30592050935864945
-1.0682837837504613 -1.3163335649664147 0.21150733101454711
-1.0857265850002724 -1.3145236018639361 0.11491212027006606
-1.0936334220931934 -1.313263929029139 0.017065008148533584
-1.0919282399179968 -1.3125666706649775 -0.081091848560398333
-1.0806275140394148 -1.3124385369002274 -0.1786133313312043
-1.0598400885993926 -1.3128807594908261 -0.2745604514221579
-1.0297661271385117 -1.3138890801255299 -0.36800938187142967
-0.99069518648058252 -1.3154537914407118 -0.45806034354768022
-0.94300343215144677 -1.3175598303482845 -0.54384626023331872
-0.88715002195560344 -1.3201869227837308 -0.62454109991466911
-0.82367269223888329 -1.323309778492751 -0.69936782242575568
-0.7531825889484457 -1.3268983339995586 -0.76760585731455711
-0.67635839279046683 -1.3309180414421815 -0.82859804023559447
-0.59393979452018275 -1.3353302005241063 -0.8817569412831523
-0.50672038261491104 -1.3400923304211483 -0.92657052442015564
-0.4155400112148448 -1.3451585781019639 -0.96260708346555679
-0.3212767212318669 -1.350480159172418 -0.98951940693971119
-0.22483829186260668 -1.3560058270418942 -1.0070481313507731
-0.12715350337129896 -1.3616823659357358 -1.0150242501887787
-0.029163194890150079 -1.3674551030448876 -1.0133707538993217
0.068188796904332979 -1.3732684349131083 -1.0021033843761102
0.16396473106600695 -1.3790663630161304 -0.98133049596411337
0.25724199993062702 -1.3847930333869645 -0.95125202353828964
0.34712202360079092 -1.3903932750891821 -0.91215756684724614
0.4327389151947279 -1.3958131323367109 -0.86442360890113601
0.51326783273086751 -1.4010003851066066 -0.80850989468941636
0.58793293644727096 -1.4059050531919193 -0.74495500482703791
0.6560148742131291 -1.4104798787978523 -0.67437116677688225
0.71685772252528501 -1.4146807829972179 -0.59743835394215417
0.76987531642275497 -1.4184672916306329 -0.51489772997592975
0.81455690844238893 -1.4218029265558616 -0.42754450185799225
0.85047210418510799 -1.4246555585003629 -0.33622025031729136
0.87727502951083458 -1.4269977181175204 -0.24180480981708347
0.89470769086265101 -1.4288068621563517 -0.14520777274933411
0.90260249582974184 -1.4300655919921714 -0.047359694631633385
0.90088391548358693 -1.4307618228207524 0.050796920607900413
0.88956935701152517 -1.4308889075919291 0.14831678906492007
0.86876979734315884 -1.4304457502112005 0.24426126748986074
0.8761029812652662 -1.3056662860210069 0.24527475991135811
0.84604164258081038 -1.3046587351043992 0.33872775237246883
0.80698418668423055 -1.3030948955490083 0.42878456553013017
0.75930468160902098 -1.3009897043747083 0.51457729368891325
0.70346151651783484 -1.2983633827870911 0.59527922624753149
0.6399921483132478 -1.2952411915502273 0.67011270328940431
0.56950774629148804 -1.29165317990745 0.73835662590331197
0.49268721857439607 -1.2876338942366268 0.7993534242230057
0.41027060712237101 -1.2832220436419102 0.85251539544021959
0.32305191293044416 -1.278460125325811 0.89733035876051437
0.23187141838630462 -1.273394013529983 0.93336658142195084
0.1376075751978853 -1.2680725160916875 0.96027693205938625
0.041168530623427423 -1.262546902891587 0.9778022214956783
-0.056516629912486585 -1.2568704107192343 0.98577369731034548
-0.15450684106844742 -1.2510977293215573 0.9841146665571292
-0.25185813067832247 -1.2452844735982771 0.97284122991939392
-0.34763271986248506 -1.2394866470520165 0.95206211980005961
-0.44090806185243597 -1.2337601016868553 0.92197764402880045
-0.53078573186925093 -1.2281599995778696 0.88287774585079482
-0.61640008201914998 -1.2227402813085977 0.83513919958451743
-0.69692657766354582 -1.2175531463961544 0.77922196973945212
-0.77158973501507744 -1.2126485506971618 0.71566476943166357
-0.83967058374670578 -1.2080737256142511 0.64507986157084851
-0.90051358312918239 -1.2038727237049867 0.56814715347033773
-0.95353292559089986 -1.2000859950347893 0.48560764220344471
-0.99821816756509707 -1.1967499983155514 0.39825627413349723
-1.0341391340048913 -1.193896850534931 0.30693428753955437
-1.0609500499477289 -1.1915540184105433 0.21252111209517241
-1.078392859925922 -1.1897440546021603 0.11592590308870473
-1.0862997037890221 -1.188484381187187 0.018078791670901762
-1.0845945255633982 -1.1877871224531817 -0.080078064952970915
-1.0732938002218311 -1.1876589885919016 -0.17759954763092531
-1.0525063716338658 -1.1881012113945486 -0.27354666687748036
-1.0224324034131627 -1.1891095325534171 -0.36699559497498663
-0.98336145280226606 -1.1906742446751444 -0.45704655213622364
-0.93566968606285805 -1.1927802846098841 -0.54283246170025978
-0.87981626199300744 -1.1954073782036272 -0.62352729152786879
-0.81633891809969417 -1.1985302350921625 -0.69835400173378448
-0.74584880153862043 -1.2021187916796336 -0.76659202261206938
-0.66902459412910964 -1.2061384999864326 -0.82758419104658298
-0.58660598748985093 -1.2105506596148308 -0.88074307880947522
-0.49938657056276914 -1.2153127896698739 -0.92555665189533298
-0.40820619742943542 -1.2203790370924286 -0.96159320635038592
-0.31394290834351712 -1.2257006175127343 -0.9885055329022634
-0.21750448123733968 -1.2312262844209079 -1.0060342699876099
-0.11981969458577607 -1.2369028221773459 -1.0140104124664999
-0.021829385385874044 -1.2426755581534519 -1.0123569513259771
0.075522611888693469 -1.2484888891033612 -1.0010896279452788
0.17129855819606718 -1.2542868167223278 -0.98031679495165214
0.26457584704730874 -1.2600134872483044 -0.95023838426562757
0.35445589853476145 -1.2656137299117656 -0.91114399155619019
0.44007282415540738 -1.2710335890363267 -0.86341009491434206
0.52060177838147337 -1.2762208446408614 -0.80749643404740512
0.59526691589125158 -1.2811255164942588 -0.74394158459818471
0.66334887726641167 -1.2857003467284758 -0.67335777020700616
0.72419173080579946 -1.2899012563242092 -0.59642496250756782
0.77720930389504395 -1.293687771045811 -0.51388432620391544
0.82189084396891332 -1.2970234127101974 -0.42653107245980376
0.85780595619259126 -1.2998760520159442 -0.33520678882234772
0.88460877197973398 -1.3022182195125871 -0.24079131770446727
0.90204130871499622 -1.3040273716452513 -0.14419425835566585
0.90993598717390434 -1.3052861092387813 -0.046346170047972084
0.90821728923797695 -1.3059823469184655 0.051810443216338153
0.89690262759914541 -1.3061094375998978 0.14933029990425994
0.87610298124823383 -1.3056662860201809 0.24527475998950946
0.88343620714280291 -1.1808869611183868 0.24628826875610887
0.8533748176966468 -1.179879400835546 0.33974124521464394
0.8143173479896284 -1.178315550601583 0.42979805249441949
0.76663787699719244 -1.1762103473290277 0.51559079942296648
0.71079479134964141 -1.1735840129692761 0.5962927865099833
0.64732552942810839 -1.1704618093330705 0.6711263529280731
0.57684123577912783 -1.1668737864774144 0.7393703862962353
0.50002079866429083 -1.1628544911934637 0.80036729710626653
0.41760425040391719 -1.1584426326853485 0.85352936430258208
0.33038559201828288 -1.1536807080921521 0.8983443950933544
0.23920511204012168 -1.1486145915364312 0.93438065232424983
0.14494127054992798 -1.1432930907264303 0.96129100667688783
0.048502222559395111 -1.1377674754086129 0.97881627516861114
-0.04918294085550657 -1.1320909822228917 0.98678771337786209
-0.14717315118057456 -1.1263183007427351 0.9851286363370384
-0.24452443525331952 -1.1205050456704211 0.97385515154327618
-0.34029901477117391 -1.1147072202949992 0.95307599650958696
-0.43357434446578058 -1.108980676403708 0.92299148237166884
-0.52345200141949133 -1.1033805758661035 0.88389155404723263
-0.6090663395399033 -1.0979608590852057 0.83615298620158274
-0.68959282565372981 -1.0927737254335954 0.78023574271854168
-0.76425597695269387 -1.0878691306666641 0.71667853545928295
-0.83233682355213368 -1.0832943061323792 0.64609362575274665
-0.89317982465205192 -1.0790933043795266 0.5691609192560203
-0.9461991721706674 -1.0753065755064031 0.48662141150285548
-0.99088442169518121 -1.0719705782924149 0.3992700475687031
-1.0268053971155116 -1.0691174298182919 0.30794806477964265
-1.0536163223089434 -1.0667745969099693 0.21353489222799438
-1.0710591406631298 -1.0649646323401569 0.11693968499068977
-1.0789659909997138 -1.0637049582933664 0.019092574344071415
-1.0772608165160218 -1.0630076991489557 -0.079064282101978578
-1.0659600916190715 -1.0628795651670413 -0.17658576458822406
-1.0451726599207882 -1.063321788177348 -0.27253288290994465
-1.0150986851082402 -1.0643301098766469 -0.36598180861912161
-0.97602772482754951 -1.0658948228403435 -0.45603276129380899
-0.92833594604728753 -1.0680008638528491 -0.54181866384156463
-0.87248250852152631 -1.0706279586641734 -0.62251348399709761
-0.80900515087666336 -1.0737508167914713 -0.6973401821408578
-0.738515021438504 -1.0773393745082231 -0.7655781892853768
-0.66169080310968209 -1.0813590837054412 -0.82657034350701697
-0.57927218835563854 -1.0857712438722471 -0.87972921821590122
-0.49205276657967695 -1.0905333740321821 -0.92454278139959889
-0.4008723918143437 -1.0955996210902865 -0.96057933129878659
-0.30660910367463667 -1.1009212006974811 -0.98749166082257422
-0.21017067885446702 -1.1064468664268929 -1.0050204103117144
-0.11248589407127219 -1.1121234027834537 -1.012996575964864
-0.014495584229123368 -1.1178961373364682 -1.0113431492598501
0.082856418338457832 -1.1237094670759471 -1.0000758709813637
0.17863237639632384 -1.1295073939496327 -0.97930309192767895
0.27190968448640263 -1.1352340644397438 -0.94922474093783726
0.36178976250253719 -1.1408343079879411 -0.91013040949781476
0.44740672012313432 -1.146254169075188 -0.8623965707626714
0.52793570815260016 -1.1514414278113354 -0.80648295930630232
0.60260087580385502 -1.156346103988553 -0.74292814617849279
0.67068285684948814 -1.1609209397046956 -0.67234435180872032
0.73152571237592012 -1.1651218558670933 -0.5954115467988933
0.78454326355426429 -1.1689083781438603 -0.51287089752631188
0.82922475423966024 -1.1722440282333244 -0.4255176195239988
0.86513979005171804 -1.1750966766656943 -0.33419330666709968
0.8919425074044719 -1.1774388537208991 -0.2397778082261077
0.90937493233401168 -1.1792480154352234 -0.14318072911697169
0.91726949572425609 -1.180506762133845 -0.04533263176968616
0.91555068859667232 -1.1812030080432008 0.052823979499564425
0.9042359307420168 -1.1813301060311892 0.15034382514239145
0.88343620712578264 -1.1808869611175821 0.24628826883421062
0.89076948302820647 -1.0561077616409076 0.24730179545540326
0.86070805138430295 -1.0551001918507201 0.34075475873499
0.82165057125919227 -1.0535363304346592 0.43081156172333585
0.77397112717776551 -1.0514311143347335 0.51660432357932462
0.71812810382157222 -1.0488047661194404 0.59730635346443839
0.65465892747191534 -1.0456825485413839 0.67213999184964857
0.58417472484045685 -1.0420945125543537 0.74038411826259676
0.50735436785926447 -1.0380752055884781 0.80138112865782318
0.42493787902095592 -1.0336633371964679 0.85454328629924003
0.33771925710523842 -1.0289014046388831 0.89935838615322161
0.24653879420969799 -1.023835282013102 0.93539468460080555
0.1522749569221454 -1.0185137769146002 0.96230505173840819
0.055835907111684673 -1.012988158921458 0.97983030852459141
-0.041849258632306797 -1.0073116644640379 0.98780171708863851
-0.13983946835557348 -1.0015389828736432 0.98614259981321983
-0.23719074752416283 -0.99572572858746011 0.97486907098891151
-0.33296531810182844 -0.98992790461970637 0.95408987355806529
-0.42624063613265023 -0.98420136248872803 0.92400532239623634
-0.51611828048375274 -0.97860126381708956 0.88490536449921453
-0.60173260685818375 -0.97318154879674468 0.83716677519001148
-0.68225908357219844 -0.96799441663567276 0.78124951793281783
-0.7569222288234384 -0.96308982297732504 0.71769230345410817
-0.82500307318727339 -0.95851499911210158 0.64710739156587005
-0.88584607580132801 -0.95431399758308522 0.57017468630288259
-0.93886542807868212 -0.95052726852871028 0.48763518168151054
-0.9835506847702109 -0.94719127080565824 0.40028382150929764
-1.0194716687223824 -0.94433812159857344 0.30896184217881872
-1.0462826026836765 -0.94199528785258213 0.21454867221751758
-1.0637254289392546 -0.94018532246335407 0.11795346650032207
-1.0716322853293452 -0.93892564773120646 0.020106356427641664
-1.0699271142674212 -0.93822838813430609 -0.078050499999748321
-1.0586263896312171 -0.93810025400623176 -0.17557198244031727
-1.0378389547959257 -0.93854247721834838 -0.27151910000246665
-1.0077649735238163 -0.93955079947290054 -0.36496802354176178
-0.96869400384565274 -0.9411155133128708 -0.45501897203007391
-0.92100221339988964 -0.94322155545342967 -0.5408048679600963
-0.86514876284560938 -0.94584865154278197 -0.62149967893948588
-0.80167139187175196 -0.9489715109713297 -0.69632636559335692
-0.73118124991927347 -0.95256006987174191 -0.76456435961150271
-0.65435702093016823 -0.9565797799939445 -0.82555650020590388
-0.57193839818941361 -0.96099194070157645 -0.87871536235775627
-0.48471897155511473 -0.96575407092499932 -0.9235289159785065
-0.39353859502528893 -0.9708203175240554 -0.9595654614390472
-0.29927530760873916 -0.97614189616525904 -0.98647779377257472
-0.202836884808999 -0.98166756050584791 -1.0040065551754151
-0.10515210164673859 -0.98734409520437649 -1.0119827431387052
-0.0071617910074177728 -0.99311682804630796 -1.0103293495810841
0.090190216823093597 -0.99893015628536497 -0.99906211463501993
0.18596618630055375 -1.0047280821586275 -0.97828938720955883
0.27924351285981369 -1.0104547524368452 -0.94821109302014295
0.3691236160544703 -1.016054996821985 -0.90911681938404454
0.45474060364704438 -1.0214748600028936 -0.86138303464377675
0.53526962280506152 -1.0266621222277454 -0.80546946852030676
0.60993481754285928 -1.0315668033499645 -0.741914687921441
0.67801681542061676 -1.0361416454535308 -0.6713309106346298
0.73885967124817264 -1.040342569364374 -0.59439810677424931
0.79187720110120796 -1.0441291006078239 -0.51185744469895322
0.83655864620154063 -1.0474647606752605 -0.42450414418478977
0.87247361292117787 -1.0503174198118967 -0.33317980481627441
0.89927624198356737 -1.052659607920708 -0.23876428179862616
0.91670856653082866 -1.0544687805818067 -0.14216718488299124
0.92460302591305532 -1.0557275376536315 -0.044319079275951169
0.92288411953609806 -1.0564237930046951 0.053837530313021568
0.91156927470786964 -1.0565508993416626 0.15135736613383874
0.89076948301120185 -1.0561077616401173 0.24730179553344486
0.8981028105561879 -0.93132867365947292 0.2483153398542621
0.86804134235524721 -0.93032109423392106 0.34176829175791129
0.82898385269710773 -0.92875722120209336 0.43182509085284204
0.78130442903766872 -0.92665199163360912 0.51761786407382149
0.72546145433572795 -0.92402562866478688 0.59831992737586137
0.66199234654289929 -0.92090339591565729 0.67315362336370577
0.59150821940678677 -0.91731534525480884 0.74139782688405964
0.51468793181225247 -0.91329602487696226 0.80239492345830277
0.43227149715983887 -0.90888414486202873 0.85555716357402989
0.34505291079160411 -0.90412220275940836 0.90037233082947865
0.25387246641686639 -0.89905607275776855 0.93640867422443619
0.15960863537990108 -0.89373456239517346 0.96331906136110745
0.06316958531486884 -0.88820894108445836 0.98084431506894809
-0.034515582084084846 -0.88253244501353267 0.9888157023653269
-0.13250579135409962 -0.87675976321810678 0.98715655195819751
-0.22985706629751484 -0.87094650980848798 0.97588298451476585
-0.325631628823217 -0.86514868746241413 0.955103748431125
-0.41890693604200691 -0.85942214737346978 0.92501916259140882
-0.50878456846377806 -0.85382205087057816 0.88591917642013374
-0.5943988835314471 -0.84840233789897823 0.83818056622656756
-0.67492535104869567 -0.84321520747773238 0.7822632953148525
-0.74958849024073149 -0.83831061512461458 0.71870607346024562
-0.81766933216982074 -0.83373579206771542 0.64812115907883805
-0.87851233593633182 -0.82953479084666615 0.57118845466175472
-0.93153169247253753 -0.82574806164715664 0.48864895276160453
-0.97621695572162859 -0.82241206341310635 0.40129759595807452
-1.0121379475241605 -0.81955891344417731 0.3099756197412275
-1.0389488895480048 -0.8172160788156454 0.21556245209516253
-1.0563917230321542 -0.81540611255609996 0.11896724770204652
-1.0642985848957256 -0.81414643709005108 0.021120138080971101
-1.0625934168244899 -0.813449177001075 -0.077036718397467438
-1.0512926922113575 -0.81332104270096994 -0.17455820084427198
-1.0305052542211344 -0.81376326610559568 -0.27050531772503839
-1.0004312666929236 -0.81477158892375467 -0.36395423924492065
-0.96136028801884488 -0.81633630366519994 -0.45400518380932653
-0.91366848646034371 -0.8184423469730997 -0.53979107352090094
-0.85781502351641703 -0.82106944438902618 -0.62048587586286774
-0.794337639863686 -0.82419230516965369 -0.69531255168076533
-0.72384748598444637 -0.82778086529774209 -0.76355053328999434
-0.64702324679750089 -0.83180057637124594 -0.82454266096190476
-0.56460461636541293 -0.83621273761636494 -0.8777015111546872
-0.47738518498669141 -0.84097486785840936 -0.92251505560189995
-0.38620480663973156 -0.84604111390198344 -0.95855159670356516
-0.29194151977125132 -0.85136269142301146 -0.98546393152674205
-0.19550309876333585 -0.85688835416283715 -1.0029927040476807
-0.097818317029400026 -0.86256488694192834 -1.0109689129926693
0.00017199445821676303 -0.86833761778013785 -1.0093155506818281
0.097524007343739769 -0.87415094422374551 -0.99804835657715096
0.19329998765048403 -0.87994886883805057 -0.97727567771052037
0.28657733159107984 -0.88567553872919147 -0.94719743673486223
0.37645745830149824 -0.8912757839107186 -0.90810321693780538
0.46207447363852355 -0.89669564932998758 -0.86036948209436082
0.54260352129716449 -0.90188291541707599 -0.80445595743500276
0.61726874047793379 -0.90678760211569387 -0.74090120617965605
0.68535075316135552 -0.91136245150238837 -0.67031744393711035
0.74619360870356322 -0.91556338429848205 -0.59338464067219709
0.79921111892165697 -0.919349925830662 -0.51084396678855659
0.8438925229771238 -0.92268559730017374 -0.42349064600102077
0.87980742802717371 -0.92553826857404464 -0.33216628297092077
0.90660997848661129 -0.927880469101801 -0.23775073807181915
0.92404221352823357 -0.92968965396954995 -0.14115362526226855
0.93193657988359602 -0.93094842256233001 -0.043305512224232956
0.93021758463998905 -0.93164468836325509 0.054851095929291438
0.91890266227360895 -0.93177180380741387 0.15237092307059566
0.89810281053919894 -0.93132867365869454 0.24831533993224528
0.90543619006457965 -0.80654968337533839 0.24932890149148448
0.87537468913804528 -0.80554209417628908 0.34278184316115051
0.83631718950357881 -0.80397820914440965 0.43283863809230844
0.78863778025600895 -0.80187296554327869 0.51863141928083512
0.73279484286309382 -0.79924658705999019 0.59933350810510089
0.66932578934719866 -0.79612433813453976 0.67416724954853613
0.59884172394912694 -0.79253627154640627 0.74241151594402499
0.52202149529080744 -0.7885169363229686 0.80340868552671796
0.43960510879816056 -0.78410504319215468 0.85657099876819909
0.35238655589693979 -0.77934309012644987 0.90138622934584256
0.26120613052786079 -0.77427695151858855 0.93742261882372069
0.16694230727504364 -0.76895543492146279 0.96433303113434865
0.070503258391985971 -0.76342980961102369 0.98185828929332708
-0.027181909920478899 -0.75775331152391656 0.98982966356614288
-0.12517211880917159 -0.75198062936515153 0.98817048773636929
-0.22252339023083867 -0.74616737686782708 0.9768968881088943
-0.31829794574117154 -0.7403695563170497 0.95611761825593644
-0.41157324323329192 -0.73464301852692859 0.92603300112223452
-0.50145086465298838 -0.72904292448457741 0.88693298879389604
-0.58706516906659123 -0.72362321385000172 0.83919435886351068
-0.66759162772177749 -0.71843608542582948 0.78327707475911212
-0.74225476087520836 -0.71353149458750076 0.71971984554018564
-0.81033560010517014 -0.70895667249375915 0.64913492840640663
-0.87117860451549289 -0.7047556716814164 0.57220222443603996
-0.92419796460508563 -0.70096894238946639 0.48966272481232137
-0.96888323356307893 -0.69763294365833162 0.40231137095485758
-1.0048042322849169 -0.69477979291331005 0.31098939749822307
-1.0316151814264387 -0.69243695737032729 0.21657623191172873
-1.049058021254716 -0.69062699020029183 0.11998102869451191
-1.0569648878413382 -0.68936731395974504 0.022133919474256684
-1.0552597222112421 -0.68867005334369613 -0.076022937037696109
-1.0439589973248258 -0.68854191884637439 -0.1735444194502109
-1.0231715561655714 -0.68898414243077732 -0.26949153564188788
-0.99309756265176274 -0.68999246581335016 -0.36294045522586449
-0.95402657550893921 -0.69155718147026579 -0.45299139609211264
-0.90633476356527753 -0.69366322597082053 -0.53877727998669189
-0.85048128908061282 -0.69629032474641717 -0.6194720742750307
-0.7870038936273952 -0.69941318691454302 -0.69429873999687919
-0.71651372863586305 -0.70300174830056494 -0.7625367100312137
-0.63968947991990344 -0.70702146034104496 -0.82352882561313856
-0.55727084226177048 -0.71143362211387018 -0.87668766455538627
-0.4700514063763282 -0.71619575232792687 -0.92150120027578186
-0.37887102623775543 -0.72126199772230037 -0.9575377370640431
-0.28460773978614168 -0.72658357397525197 -0.98445007389417538
-0.18816932037357809 -0.73210923491082436 -1.0019788564206873
-0.090484539925884899 -0.73778576551810116 -1.0099550845398848
0.0075057723609725669 -0.74355849406814267 -1.008301750953609
0.10485778992161256 -0.74937181842771949 -0.9970345944874448
0.2006337802227442 -0.75516974152893845 -0.9762619603936693
0.29391114017157544 -0.76089641086030713 -0.94618376843490848
0.38379128847894339 -0.76649665679811396 -0.90708959812572709
0.469408329206983 -0.77191652459752658 -0.85935590901456882
0.54993740285102899 -0.77710379491065285 -0.80344242224618501
0.62460264425686729 -0.78200848779459908 -0.73988769776796259
0.69268467044948812 -0.7865833453175699 -0.66930394934766946
0.75352752603229378 -0.79078428806728129 -0.59237114695620863
0.80654501917994614 -0.7945708411157546 -0.50983046292819501
0.85122638733011602 -0.79790652529937944 -0.4224771245145546
0.88714123832965941 -0.80075921002852968 -0.33115274084171092
0.91394371973731903 -0.80310142423355868 -0.23673717679747044
0.93137587590593784 -0.80491062246144029 -0.14014005003608962
0.93927016003604202 -0.80616940358873479 -0.042291930459371685
0.93755108609691451 -0.80686568066249797 0.055864676410256719
0.92623609503469062 -0.80699280576569088 0.1533844958506822
0.90543619004760345 -0.80654968337457056 0.24932890156942075
0.91276962204556256 -0.68177077713892864 0.25034247998061721
0.88270809096080205 -0.68076317800820552 0.34379541214412546
0.84365058009491667 -0.67919928061773294 0.4338522022753114
0.7959711795740686 -0.67709402247454553 0.51964498819439564
0.7401282696717969 -0.67446762781517999 0.60034709568244571
0.67665925814015471 -0.67134536187179361 0.67518087210125755
0.60617524222553365 -0.66775727832581067 0.74342518867130936
0.52935506256678522 -0.66373792707355517 0.80442241871515274
0.44693871782624034 -0.65932601956980008 0.85758479511914276
0.35972019547753636 -0.65456405431009812 0.90240008330160226
0.26853978877129225 -0.64949790598713031 0.93843651790265903
0.17427597428198502 -0.64417638224127571 0.96534695863206532
0.077836927776458911 -0.63865075225203938 0.98287222745494385
-0.019848240747020518 -0.63297425171295674 0.99084359642139608
-0.11783844931783828 -0.62720156897997614 0.98918440307489464
-0.21518971798341854 -0.62138831737228639 0.97791077840204554
-0.31096426769595248 -0.61559049873581351 0.95713148061119091
-0.40423955682962165 -0.6098639634561992 0.92704683652970543
-0.49411716850414517 -0.60426387213314003 0.88794680098344703
-0.57973146322748415 -0.59884416410315278 0.84020815306948837
-0.6602579135940877 -0.59365703792373814 0.78429085661343689
-0.73492104086442833 -0.58875244880942468 0.72073362022670151
-0.80300187715372517 -0.58417762784040961 0.65014870012389037
-0.86384488162094641 -0.57997662754922219 0.57321599615601981
-0.91686424440149572 -0.57618989823234623 0.49067649827799653
-0.96154951801170307 -0.57285389903438211 0.40332514685157456
-0.99747052249052814 -0.57000074751551688 0.31200317572459346
-1.0242814775746709 -0.56765791104165408 0.21759001189065749
-1.0417243226528754 -0.56584794293439533 0.12099480967767155
-1.0496311930387838 -0.56458826588914035 0.023147700808236873
-1.0479260291737325 -0.5638910047175405 -0.075009155702364522
-1.0366253036440625 -0.56376286999988146 -0.17253063801614887
-1.0158378592847601 -0.56420509374855188 -0.26847775349183717
-0.98576386009448946 -0.56521341768879363 -0.36192667122027516
-0.94669286509993811 -0.56677813426335411 -0.45197760863750847
-0.89900104363123534 -0.56888417996681806 -0.5377634871745649
-0.84314755861800383 -0.57151128011836072 -0.61845827409012322
-0.77967015242067195 -0.57463414369270938 -0.69328493059019214
-0.7091799773051396 -0.57822270635250173 -0.76152289004513951
-0.63235571987981132 -0.58224241936558507 -0.82251499453884647
-0.5499370755731765 -0.58665458165239648 -0.87567382308793995
-0.46271763548268297 -0.59141671179516497 -0.92048735062013332
-0.37153725359374035 -0.59648295645740523 -0.95652388313541548
-0.2772739674067945 -0.60180453131185274 -0.98343622135009534
-0.18083554935869958 -0.6073301902620255 -1.0009650124704328
-0.083150770037977939 -0.61300671846973109 -1.0089412574932148
0.014839542968387638 -0.6187794444710133 -1.0072879495077176
0.11219156472602707 -0.62459276647802653 -0.99602082679649784
0.20796756402396788 -0.63039068782561314 -0.97524823301936392
0.30124493841579802 -0.63611735642952139 -0.94517008532934299
0.39112510624778896 -0.64171760307827397 -0.90607595982958256
0.47674216998850227 -0.64713747338262428 -0.85834231225692748
0.55727126729281273 -0.65232474825507081 -0.8024288600913857
0.6319365291577056 -0.65722944788720639 -0.73887416036625364
0.70001856825248443 -0.66180431433651743 -0.66829042522549043
0.76086142501991383 -0.66600526802850613 -0.59135762464993713
0.81387890444205624 -0.66979183372826434 -0.50881693266170946
0.85856024240672191 -0.6731275318394635 -0.42146357958343073
0.89447504726765648 -0.67598023124407558 -0.33013917841566187
0.92127746919988429 -0.6783224602882868 -0.23572359798062367
0.93870955696591707 -0.68013167292545451 -0.13912645919185937
0.94660376936380941 -0.68139046747430976 -0.041278333960304531
0.94488462638217896 -0.68208675649331618 0.056878271746877408
0.93356957463426293 -0.68221389166097546 0.15439808434899935
0.91276962202859635 -0.68177077713816936 0.25034248005851839
0.92010310710135479 -0.55699194140308439 0.25135607499122053
0.89004154747682207 -0.55598433215913268 0.34480899809313281
0.85098402355966729 -0.55442042206018605 0.4348657825623618
0.80330462628489319 -0.55231514889962041 0.52065857010395922
0.74746173509146951 -0.54968873747279978 0.60136069012939275
0.68399275470252519 -0.54656645379143132 0.67619449229114337
0.61350877725349118 -0.54297835243179726 0.74443884763223522
0.53668863724783644 -0.53895898417854093 0.80543612635626394
0.45427232774744741 -0.53454706126304175 0.85859855582819489
0.36705383248877077 -0.52978508277400826 0.9034138948769771
0.27587344344931292 -0.52471892377817686 0.9394503720592573
0.18160963819455522 -0.51939739206626823 0.96636084277977963
0.085170594987952236 -0.51387175676297958 0.98388612713851109
-0.012514573132500987 -0.50819525333567372 0.99185749775879739
-0.11050478146730371 -0.50242256978524624 0.99019829467646037
-0.20785604820188322 -0.49660931899320115 0.97892465249103144
-0.30363059349766702 -0.49081150233119192 0.95814533330990193
-0.39690587591309406 -0.48508496971639303 0.92806066745600713
-0.48678347943935157 -0.47948488132169653 0.88896061240430124
-0.57239776578269463 -0.47406517612549992 0.84122194887241697
-0.65292420872806511 -0.46887805241287694 0.78530464131702149
-0.72758733047005353 -0.4639734652185713 0.72174739817793443
-0.79566816366304249 -0.4593986455335774 0.65116247495476065
-0.85651116757557266 -0.45519764588256162 0.5742297705067364
-0.90953053206835133 -0.4514109166212803 0.49169027374964003
-0.95421580909331383 -0.4480749170038093 0.40433892412778083
-0.99013681795141839 -0.4452217647322374 0.31301695479704056
-1.0169477775810318 -0.44287892732975542 0.21860379232852717
-1.0343906266089609 -0.44106895827529247 0.12200859089492484
-1.0422974996958421 -0.43980928040857331 0.024161482297139467
-1.0405923367884236 -0.43911201866193461 -0.073995374189384219
-1.0292916101636616 -0.43898388370454444 -0.1715168563446505
-1.0085041625426463 -0.43942610760005796 -0.26746397108508191
-0.97843015800487276 -0.4404344320836906 -0.36091288705956032
-0.93935915584141882 -0.44199914956549702 -0.45096382132130586
-0.89166732581259633 -0.44410519646561397 -0.53674969503581871
-0.83581383141565213 -0.44673229799063913 -0.617444475370303
-0.77233641567629041 -0.44985516297122202 -0.69227112366754129
-0.70184623156762405 -0.45344372690447809 -0.76050907370917364
-0.62502196637428953 -0.45746344088491192 -0.82150116829530884
-0.5426033160819983 -0.46187560366879932 -0.87465998746871954
-0.45538387212740833 -0.46663773370323008 -0.9194735074579351
-0.36420348852178652 -0.47170397756680243 -0.95551003575446924
-0.26994020240389754 -0.47702555091817139 -0.98242237461677573
-0.17350178543181324 -0.48255120773491439 -0.99995117265149502
-0.075817007036304951 -0.48822773335205599 -1.0079274318839671
0.022173306608569608 -0.49400045657974362 -1.0062741458232314
0.11952533202247816 -0.49981377599530419 -0.99500705236051057
0.21530133920022082 -0.50561169536738526 -0.97423449383695759
0.30857872632730177 -0.51133836307987079 -0.94415638517621681
0.39845891150823809 -0.51693861038039379 -0.90506229952359174
0.48407599589725481 -0.5223584832819973 -0.85732868927764927
0.5646051147384169 -0.52754576299634626 -0.80141526867860791
0.6392703957201249 -0.53245046987245459 -0.73786059214710453
0.70735244773097306 -0.53702534595785678 -0.66727687031456961
0.76819530755743481 -0.54122631149165923 -0.59034407305241465
0.82121277731085374 -0.54501289088497706 -0.50780337572594103
0.86589409137667184 -0.5483486040455563 -0.42045001121630704
0.90180885835025693 -0.55120131925705118 -0.32912559581714018
0.92861123047126126 -0.55354356421342477 -0.2347100017538416
0.94604326015341933 -0.55535279221275724 -0.13811285282054936
0.95393741092914475 -0.55661160096107676 -0.040264722775987867
0.95221820793717482 -0.55730790248096429 0.057891881889485075
0.94090310266633814 -0.55743504801403898 0.15541168843098402
0.92010310708439624 -0.55699194140233188 0.25135607506909535
0.9274366457894091 -0.43221316268433552 0.25236968620171873
0.89737505849401622 -0.43120554312141057 0.34582260046334096
0.85831751926800359 -0.42964161996172812 0.43587937823503448
0.81063811986570944 -0.42753633132688407 0.52167216436414066
0.75479523930672332 -0.4249099025898983 0.60237429130241038
0.69132628028385923 -0.42178760054214615 0.67720811089116417
0.62084233128677702 -0.41819948065274914 0.7454524946524278
0.54402222218537566 -0.4141800946057177 0.80644981104721436
0.46160594149605588 -0.4097681554391398 0.85961228364618558
0.37438746955667612 -0.40500616288054603 0.90442766626012228
0.2832070967227997 -0.39993999242264711 0.94046418236229512
0.18894330076231045 -0.39461845205418844 0.96737468329516052
0.09250426152613915 -0.38909281088022862 0.98489998683107771
-0.005180905670358023 -0.38341630416031042 0.99287136521973529
-0.10317111386477966 -0.37764361954143888 0.99121215983938915
-0.20052237952275082 -0.37183036945404097 0.97993850780775593
-0.29629692189557499 -0.36603255477178254 0.95915917426566599
-0.38957219945000948 -0.36030602491411828 0.92907449247547869
-0.47944979672258714 -0.35470593959672042 0.88997442231130119
-0.56506407632363187 -0.3492862374118329 0.84223574611150298
-0.64559051301431936 -0.34409911634886198 0.78631842913475669
-0.72025362980635899 -0.33919453124557619 0.72276117991298972
-0.78833445986796324 -0.33461971299285143 0.65217625352276853
-0.84917746262626004 -0.33041871410220364 0.57524354810753087
-0.90219682776872379 -0.32663198498786133 0.49270405177749954
-0.94688210681631402 -0.32329598501565454 0.40535270323892947
-0.98280311847970581 -0.32044283203356694 0.31403073507840507
-1.0096140810482268 -0.3180999937265882 0.21961757351402084
-1.0270569325265186 -0.31629002373523185 0.12302237258522944
-1.0349638070458573 -0.31503034504701338 0.025175264153337894
-1.0332586441582909 -0.3143330827175348 -0.072981592296193359
-1.0219579159016681 -0.31420494750670491 -0.17050307423491726
-1.0011704649199604 -0.31464717153079763 -0.26645018822423527
-0.97109645537225375 -0.31565549653621999 -0.35989910256091018
-0.93202544677378651 -0.31722021490163577 -0.44995003399540268
-0.88433360923650695 -0.31932626297422118 -0.53573590348430178
-0.82848010671373518 -0.32195336584952483 -0.61643067812292318
-0.76500268276186179 -0.3250762322152701 -0.69125731936146861
-0.69451249091787748 -0.32866479740323146 -0.75949526130602762
-0.617688219009355 -0.33268451233308055 -0.82048734732657302
-0.53526956347581944 -0.33709667559324336 -0.87364615829092296
-0.44805011604013967 -0.34185880548953207 -0.91845967148840801
-0.35686973075234163 -0.34692504850744676 -0.95449619564806354
-0.26260644447585618 -0.35224662028250309 -0.98140853433660424
-0.16616802824517449 -0.35777227485844865 -0.99893733738628543
-0.068483250538588836 -0.36344879773955913 -1.0069136077750669
0.029507063660997927 -0.36922151801314523 -1.0052603394859416
0.12685909213419233 -0.37503483463453485 -0.99399327022253137
0.22263510596836256 -0.38083275183041293 -0.97322074135715897
0.31591250399557214 -0.38655941848811576 -0.94314266605226638
0.40579270425470326 -0.3921596663578974 -0.90404861502802447
0.4914098069319518 -0.39757954190129779 -0.85631503786847463
0.5719389453503777 -0.40276682667043007 -0.80040164600220598
0.64660424446136855 -0.40767154119978388 -0.736846991492206
0.71468630993125215 -0.41224642753452834 -0.66626328348186126
0.77552917532908194 -0.41644740571049726 -0.58933049151401073
0.82854664011505486 -0.42023399974386849 -0.50678979186716355
0.87322793711153279 -0.42356972898664691 -0.41943641942120508
0.90914267480273514 -0.42642246105371223 -0.32811199317910866
0.93594500688982529 -0.42876472291455853 -0.23369638826999756
0.95337698866114939 -0.43057396714498675 -0.1370992310387133
0.96127108752772306 -0.43183279078158326 -0.039251096982347626
0.95955183293883217 -0.43252910526930222 0.058905506760555275
0.94823668052818211 -0.43265626139279773 0.15642530794097012
0.92743664577245666 -0.43221316268358811 0.25236968627957396
0.93477023863384967 -0.30743442754312977 0.25338331329765329
0.90470862391437368 -0.30642679743099394 0.34683621874720516
0.86565106674554149 -0.30486286084861502 0.43689298862847659
0.81797165986435649 -0.302757556289798 0.52268577032632857
0.7621287823334516 -0.30013110973292589 0.60338789887921962
0.69865983567463252 -0.29700878876064135 0.67822172823828031
0.62817590591799222 -0.29342064973938109 0.74646613090051506
0.55135581953405399 -0.28940124526025812 0.80746347466967372
0.46893956142300885 -0.28498928918503452 0.86062598076819363
0.38172110890610111 -0.28022728190627794 0.9054413994173196
0.29054075051900247 -0.27516109937391942 0.94147795005466051
0.19627696360808164 -0.26983954980504327 0.96838848040520054
0.099837928809382345 -0.26431390230901719 0.98591380572022513
0.002152762975951412 -0.25863739195170898 0.99388519716780721
-0.095837445177335417 -0.25286470602964833 0.9922259964665987
-0.19318871061224568 -0.24705145651589175 0.98095234218970739
-0.28896325161510467 -0.24125364377249972 0.96017300158171237
-0.38223852631617877 -0.23552711670311166 0.93008831016716986
-0.47211611946337317 -0.22992703454638985 0.89098822983533699
-0.55773039423940474 -0.22450733548926616 0.84324954443310041
-0.63825682611682577 -0.2193202172086606 0.78733222011959014
-0.71291993876012794 -0.21441563433188612 0.72377496575302835
-0.78100076579408451 -0.20984081763991441 0.65319003628525729
-0.84184376684047879 -0.20563981962489583 0.57625732944769503
-0.89486313152076846 -0.20185309075629426 0.49371783281556114
-0.93954841107756881 -0.19851709051067354 0.40636648457189217
-0.97546942380557156 -0.19566393688228836 0.31504451688436846
-1.0022803875207849 -0.19332109771901365 0.22063135570457823
-1.0197232397697251 -0.19151112682413046 0.12403615496847331
-1.0276301142954436 -0.19025144733394408 0.026189046579743622
-1.0259249503662593 -0.18955418442808478 -0.071967809821206985
-1.0146242198576367 -0.18942604895780099 -0.16948929147853731
-0.99383676537467314 -0.18986827309272281 -0.26543640469431223
-0.96376275115318677 -0.19087659859166051 -0.35888531751122815
-0.92469173688869533 -0.19244131780379106 -0.44893624646451713
-0.87699989296076464 -0.19454736700609426 -0.53472211236463829
-0.82114638366035042 -0.19717447118653328 -0.6154168822590409
-0.75766895293075376 -0.20029733889367177 -0.69024351767719971
-0.68717875471850687 -0.20388590529729547 -0.7584814529595304
-0.61035447724806513 -0.20790562114428032 -0.81947353188935002
-0.52793581729741179 -0.21231778485495389 -0.87263233594117784
-0.44071636681334886 -0.2170799145905814 -0.91744584320015399
-0.34953597989435092 -0.22214615673700758 -0.95348236334904246
-0.25527269321999513 -0.227467726897325 -0.98039470099910553
-0.15883427737036263 -0.23299337917103907 -0.99792350701011567
-0.061149500097313236 -0.23866989922272305 -1.0058997852279246
0.036840814563400305 -0.24444261641275122 -1.0042465301780021
0.13419284544480747 -0.25025593007878572 -0.99297947961840605
0.22996886461353039 -0.25605384492120997 -0.97220697436345194
0.32324627158412583 -0.26178051035900285 -0.94212892635587897
0.41312648454867645 -0.26738075868436295 -0.9030349044929461
0.49874360312746235 -0.27280063685330463 -0.85530135611496649
0.57927275926701327 -0.2779879268037761 -0.79938799027935559
0.65393807578634244 -0.28289264929152325 -0.7358333569157276
0.72202015568614863 -0.28746754637686039 -0.66524966364040372
0.7828630297117779 -0.29166853788527419 -0.58831687936690835
0.83588049481193216 -0.29545514740448692 -0.50577618078182618
0.88056178208694524 -0.29879089367413514 -0.4184228041535798
0.91647649946404364 -0.30164364356841089 -0.32709837059588798
0.94327880143368625 -0.30398592325532231 -0.23268275766081986
0.96071074535049539 -0.30579518451645676 -0.13608559395637093
0.9686048016563823 -0.30705402366051454 -0.038237456659752297
0.96688550331797785 -0.30775035151647145 0.059919146271160295
0.95557030946033816 -0.30787751839876115 0.15743894271367212
0.93477023861690201 -0.30743442754238581 0.25338331337549458
0.94210388620527541 -0.18265572257361809 0.25439695598876982
0.91204224376270515 -0.18164808165680335 0.34784985247987116
0.87298466566134414 -0.18008413127481912 0.43790661312378282
0.82530524589169851 -0.17797881034154056 0.52369938733815613
0.76946236406624835 -0.17535234547708736 0.60440151240156559
0.70599342131666676 -0.17223000507738997 0.67923534433580846
0.63550950221509994 -0.1686418464177179 0.74747975702442404
0.55868943086462541 -0.1646224230035957 0.80847711850399884
0.47627318935426538 -0.16021044952851995 0.86163964887201239
0.3890547523653764 -0.15544842706084683 0.90645509603765584
0.29787440650389502 -0.15038223202045972 0.9424916764298148
0.20361062819110901 -0.14506067286536184 0.9694022347081781
0.10717159814036263 -0.13953501871937932 0.98692758359494759
0.0094864340407717126 -0.13385850446088987 0.99489899266586812
-0.088503774169101379 -0.12808581703765742 0.99323980312454407
-0.18585504021456453 -0.12227256796305067 0.98196615400354248
-0.28162958141713063 -0.1164747570821201 0.9611868137073355
-0.37490485536080959 -0.11074823277526447 0.93110211927174846
-0.46478244667564778 -0.10514815379564156 0.89200203411694212
-0.55039671876205454 -0.099728457916044261 0.84426334338947917
-0.6309231475001259 -0.094541342492273098 0.78834601417618333
-0.70558625700093602 -0.089636761933147971 0.72478875585703861
-0.77366708125533168 -0.08506194690252003 0.65420382354967566
-0.83451008009857475 -0.08086094986693905 0.57727111489271021
-0.88752944319226035 -0.077074221345870594 0.49473161722383791
-0.93221472166571329 -0.073738220922303421 0.40738026844684783
-0.96813573359212191 -0.070885066733274146 0.31605830048532041
-0.99494669651347545 -0.068542226786706337 0.22164513912773265
-1.0123895477036657 -0.066732255046276306 0.12504993824464089
-1.020296420674597 -0.065472574795210361 0.027202829765455218
-1.0185912545335125 -0.064775311335695848 -0.070954026572709425
-1.0072905210752277 -0.064647175609496912 -0.16847550787339757
-0.98650306290543976 -0.065089399839595025 -0.2644226202814674
-0.95642904433291065 -0.066097725798316562 -0.35787153169000396
-0.91735802518619924 -0.0676624458078601 -0.44792245851209617
-0.86966617602501328 -0.06976849607899499 -0.53370832147994263
-0.81381266135492913 -0.07239560149748922 -0.61440308762115048
-0.75033522535665398 -0.07551847047913933 -0.68922971851866743
-0.67984502222480847 -0.079107038038330496 -0.75746764865674121
-0.60302074042634324 -0.083126754754820259 -0.8184597220711336
-0.52060207695294825 -0.087538918884328409 -0.87161852061412459
-0.43338262390511267 -0.092301048443537384 -0.91643202288514536
-0.34220223543467421 -0.097367289714169372 -0.95246853921445318
-0.24793894812972098 -0.1026888582578208 -0.9793808749685663
-0.15150053229332325 -0.10821450821703955 -0.99690968181386408
-0.053815755191643423 -0.11389102540262495 -1.0048859643652728
0.044174559824833891 -0.11966373943614025 -1.00323271776004
0.14152659241779419 -0.12547705003228202 -0.99196568007406483
0.23730261551445794 -0.13127496237070346 -0.97119319201559651
0.33058002935865777 -0.13700162642151612 -0.94111516490511393
0.42046025254436742 -0.14260187505281313 -0.90202116647952924
0.50607738457289708 -0.14802175576053608 -0.85428764245522293
0.58660655660865901 -0.15320905091878181 -0.79837429998391873
0.66127188998320452 -0.15811378155011319 -0.73481968707888135
0.72935398560300757 -0.16268868976011755 -0.66423600975055008
0.79019687176183007 -0.166889695169427 -0.58730323591992495
0.84321434297717024 -0.17067632091323928 -0.50476254210834515
0.88789562837943337 -0.17401208506624236 -0.41740916530662897
0.92381033479525032 -0.17686485368835911 -0.32608472811281913
0.95061261674963304 -0.17920715206352422 -0.23166911002706286
0.96804453280959446 -0.18101643110103083 -0.13507194166737244
0.97593855560368603 -0.182275286319803 -0.037223801881546892
0.97421922087220403 -0.18297162789506613 0.060932800336732165
0.96290399065711618 -0.18309880566095424 0.15845259259355593
0.94210388618833096 -0.18265572257287618 0.25439695606660284
0.94943758917939736 -0.057877034395401115 0.25541061402071791
0.91937591820835851 -0.056869382391783095 0.34886350124348392
0.88031831582158415 -0.055305417814192306 0.4389202511446309
0.83263887761873123 -0.053200080049641739 0.5247130147466107
0.77679598431115371 -0.050573596404730088 0.60541513130792224
0.71332703738211112 -0.047451236120239076 0.68024895893089399
0.64284312082638773 -0.04386305739869107 0.74849337326193055
0.5660230572604622 -0.039843614668343602 0.80949074333611437
0.48360682665356591 -0.035431623456246661 0.86265328918071305
0.39638840138944414 -0.030669585504713555 0.90746875752814371
0.30520806607599488 -0.025603377699863872 0.94350536276506625
0.21094429578729262 -0.020281808736045209 0.97041594707573875
0.11450527068417017 -0.014756147746881726 0.98794132075981989
0.016820108633980597 -0.0090796294192213561 0.99591275143443547
-0.08117009972819296 -0.0033069403493696816 0.99425357906258882
-0.17852136718888376 0.0025063084098772706 0.98297994222149754
-0.27429591014674742 0.0083041175295351412 0.96220060955201192
-0.36757118546350265 0.014030639150165119 0.93211591881890754
-0.45744877733554573 0.019630715001386776 0.89301583442523047
-0.54306304901734381 0.025050407722414909 0.84527714253608266
-0.62358947646666718 0.030237520277912544 0.78935981113058007
-0.69825258400276591 0.035142098478924085 0.72580255026568108
-0.76633340586252685 0.039716911782196135 0.65521761549832069
-0.82717640209438692 0.043917907752125285 0.57828490469690019
-0.8801957624993636 0.047704635825855962 0.49574540527464345
-0.92488103826354662 0.051040636321285429 0.40839405512070903
-0.96080204744643649 0.053893790965953883 0.31707208610883758
-0.98761300753313586 0.05623663159886208 0.22265892398249915
-1.0050558557262252 0.058046604102050751 0.12606372259297699
-1.0129627254789049 0.059306285050535826 0.028216613881727665
-1.0112575558683274 0.060003549023431899 -0.069940242377074233
-0.99995681869568975 0.060131684990947995 -0.16746172323659714
-0.97916935660773474 0.059689460677611036 -0.26340883479076571
-0.9490953339811542 0.058681134296620772 -0.35685774489141708
-0.91002431072873158 0.057116413549761984 -0.44690866992625966
-0.86233245750040521 0.055010362287310023 -0.53269453062020766
-0.80647893889169198 0.052383255718496904 -0.61338929401236464
-0.74300149916967084 0.049260385551444401 -0.68821592171687451
-0.67251129261319997 0.045671816917492447 -0.7564538482743024
-0.59568700777300998 0.041652099394704746 -0.81744591781259168
-0.51326834172468527 0.037239934884728008 -0.87060471233105552
-0.42604888664568202 0.032477805512023436 -0.91541821065467832
-0.33486849674009467 0.027411565100946032 -0.95145472344167781
-0.24060520859341145 0.022089998139697455 -0.97836705650532962
-0.14416679241056252 0.016564350457151277 -0.99589586207564884
-0.046482015220199617 0.010887836115114629 -1.0038721454166573
0.051508300037651215 0.0051151252505393556 -1.0022189023329096
0.14886033361441506 -0.00069818221272539491 -0.99095187148146657
0.24463635916769361 -0.0064960919278363701 -0.97017939393490116
0.33791377771607828 -0.012222754425178442 -0.94010138102492513
0.42779400851857874 -0.017823003175655272 -0.9010074000394559
0.51341115143719451 -0.023242886258975803 -0.85327389574368628
0.59394033749439967 -0.028430186540596494 -0.79736057389072545
0.6686056872282401 -0.033334925366545434 -0.73380598081419113
0.73668780005712298 -0.037909844932927102 -0.66322232082759991
0.79753070220042888 -0.042110864676723293 -0.58628956045458447
0.85054818578894187 -0.04589750726886669 -0.5037488754171624
0.89522947765925176 -0.049233290072445396 -0.41639550270079606
0.93114418289136558 -0.052086078258075728 -0.3250710657182187
0.95794645519120181 -0.05442839613613551 -0.23065544543304667
0.97537835342043722 -0.056237693657010271 -0.13405827424464564
0.98327235154031145 -0.057496565481593362 -0.036210132707041348
0.98155298736456786 -0.058192921091256865 0.061946468888110846
0.97023772535437425 -0.058320109830686369 0.15946625744858881
0.94943758916245491 -0.057877034394659931 0.25541061409854837
0.95677134836184852 0.066901650354917214 0.2564242871779161
0.92670964756117458 0.067909313756326403 0.34987716466257829
0.88765201714627628 0.069473292947996534 0.43993390214616723
0.83997255475407739 0.071578648010546281 0.52572665188918022
0.78412964278792963 0.07420515089798943 0.60642875494370718
0.72066068381149195 0.077327531484501347 0.68126257155719605
0.65017676204503527 0.080915730615588419 0.74950697951312872
0.573356699385418 0.084935192930561329 0.81050434953683947
0.49094047427238652 0.089347202071769355 0.86366690251732059
0.40372205708333742 0.094109255635389827 0.90848238502067624
0.31254173036758853 0.0991754762875105 0.94451901027716356
0.21827796747850919 0.10449705511824466 0.97142961857353871
0.12183894745423109 0.11002272300375882 0.98895501794664453
0.024153787727142044 0.11569924546395675 0.99692647378414334
-0.07383642088240773 0.12147193626264727 0.99526732418492891
-0.17118769053113989 0.12728518480876122 0.98399370643737583
-0.26696223676403091 0.13308299228357995 0.96321438853831343
-0.36023751557294476 0.13880951133770064 0.9331297082012544
-0.45011511042333902 0.14440958417011948 0.89402963023575166
-0.53572938406285364 0.14982927381899999 0.84629094149900763
-0.61625581218559622 0.15501638355916988 0.79037361078087709
-0.69091891905982283 0.15992095941559042 0.72681634893348279
-0.75899973902606488 0.16449577096460349 0.65623141220491732
-0.81984273232669713 0.16869676580520018 0.57929869900857278
-0.87286208899197504 0.1724834933385658 0.49675919715163336
-0.91754736043254348 0.17581949379330503 0.40940784478386949
-0.95346836490779907 0.17867264877251768 0.31808587393625359
-0.98027932007237439 0.18101548997307434 0.22367271043601289
-0.99772216327106322 0.18282546313274733 0.12707750816886867
-1.0056290280792761 0.18408514469320075 0.029230399077959109
-1.0039238536826744 0.1847824091213173 -0.068926457084372311
-0.99262311197947284 0.18491054530353246 -0.16644793741218719
-0.97183564569873038 0.18446832091370197 -0.26239504805626479
-0.94176161927922042 0.18345999414982925 -0.35584395693685145
-0.90269059266814178 0.18189527273428499 -0.44589488051408865
-0.85499873651586156 0.1797892205722276 -0.53168073957802608
-0.7991452153840789 0.17716211295908749 -0.61237550121281503
-0.73566777347736378 0.17403924171586896 -0.68720212704543726
-0.66517756499712755 0.17045067210717665 -0.75544005159080196
-0.58835327842092833 0.16643095385634626 -0.81643211891620293
-0.50593461077706325 0.16201878901154437 -0.86959091094335395
-0.41871515423901307 0.15725665983141238 -0.91440440643714105
-0.32753476305529616 0.15219042024548377 -0.9504409160614522
-0.23327147389010991 0.14686885479864581 -0.97735324575686566
-0.13683305702342408 0.14134320930653624 -0.9948820480538999
-0.0391482794941286 0.13566669772630052 -1.0028583287189798
0.058842035886465055 0.12989398998037241 -1.0012050842507856
0.15619406970637736 0.12408068565704733 -0.98993805412806646
0.25197009620523064 0.11828277864762989 -0.96916558024877086
0.3452475172070435 0.1125561178643385 -0.93908757460203374
0.4351277528964666 0.10695586921570606 -0.89999360477386869
0.52074490399318263 0.1015359839980555 -0.85226011530447821
0.60127410205822285 0.09634867879554801 -0.79634681111533345
0.67593946758674261 0.09144393187056167 -0.73279223714531061
0.74402159917391442 0.086869000873877666 -0.66220859594162906
0.80486452137980069 0.082667966511665664 -0.58527585221028022
0.85788202398705282 0.078881306572787649 -0.50273518018931684
0.90256333115469811 0.075545504443624428 -0.41538181606284491
0.93847804546527269 0.072692695918515182 -0.32405738332809092
0.96528031883248533 0.070350357758653462 -0.2296417638979204
0.98271220940128257 0.068541041071213615 -0.13304459173491201
0.99060619157973606 0.067282152131751399 -0.035196449176219995
0.9888868045870769 0.066585782198098895 0.062960151878274626
0.9775715148794375 0.066458582424573545 0.16047993717687792
0.9567713483449064 0.066901650355658968 0.25642428725574978
0.9641051646940213 0.19168034503249565 0.25743797528142703
0.93404343225320052 0.19268802017452077 0.35089084239449297
0.89498576963420984 0.19425201442398699 0.4409475655984717
0.84730627700888128 0.1963573872628652 0.52674029807761891
0.79146333911422595 0.19898390984505934 0.6074423825587244
0.72799436032692055 0.20210631111206664 0.68227618155732594
0.65751042584651198 0.20569453092742968 0.75052057538820371
0.58069035753074283 0.20971401298716777 0.81151793712196107
0.4982741327903068 0.21412604011013733 0.86468048935513142
0.4110557202264406 0.21888810925290322 0.90949597939161242
0.31987540025246408 0.22395434266567438 0.94553262010105898
0.22561164414976193 0.22927593125909451 0.97244325040433843
0.12917262930601087 0.23480160595318258 0.9899686762405282
0.031487472147268478 0.24047813250111771 0.99794016054523482
-0.066502736805868864 0.2462508250419547 0.99628103900177523
-0.16385400938408293 0.25206407344856485 0.98500744684823727
-0.25962856036018095 0.25786187940274669 0.96422815061267964
-0.3529038447298869 0.26358839604646744 0.93414348720689966
-0.44278144495074406 0.26918846602479662 0.8950434212731897
-0.52839572291546211 0.27460815275143174 0.84730474001771761
-0.60892215371514058 0.27979525979171299 0.79138741293199455
-0.68358526129995001 0.28469983337122262 0.72783015175231891
-0.75166607995821744 0.28927464318013979 0.65724521364661637
-0.81250907009276008 0.29347563685360373 0.58031249787437544
-0.86552842203934155 0.2972623637644104 0.49777299294848659
-0.91021368759423793 0.30059836406372448 0.41042163755629124
-0.94613468542813783 0.30345151924433572 0.31909966409809254
-0.97294563359315778 0.30579436087555517 0.2246864986196738
-0.99038846979368156 0.30760433456450781 0.12809129510032247
-0.99829532791362552 0.3088640166311542 0.030244185478536686
-0.99659014738893237 0.30956128143913048 -0.067912670571733488
-0.9852894003071172 0.30968941779711767 -0.16543415027517686
-0.96450192952187541 0.30924719333118034 -0.26138125994603101
-0.93442789952785965 0.30823886622372509 -0.35483016768123699
-0.89535687025659649 0.30667414421400296 -0.4448810901096002
-0.84766501227095081 0.30456809125509576 -0.53066694815801796
-0.79181148997883322 0.30194098271852177 -0.61136170899027409
-0.72833404737921836 0.29881811052533652 -0.68618833423189873
-0.65784383844116556 0.29522954005864616 -0.75442625829806087
-0.58101955141828621 0.29120982117172706 -0.8154183250543422
-0.49860088316403561 0.28679765604524826 -0.86857711613473032
-0.41138142576575548 0.28203552706172541 -0.91339060997205102
-0.32020103350199508 0.27696928825193617 -0.94942711692251713
-0.22593774318588589 0.27164772422227712 -0.97633944273355822
-0.12949932533306857 0.26612208079026806 -0.99386823995759321
-0.031814547231576409 0.26044557183369849 -1.0018445146867299
0.066175768154382031 0.25467286709348691 -1.00019126409856
0.1635278014842429 0.24885956585792607 -0.98892422868808449
0.2593038274077375 0.24306166159323972 -0.96815175160208611
0.3525812485561215 0.23733500267064367 -0.93807374611698768
0.44246148627805298 0.23173475437205976 -0.89897978088001007
0.52807864264658977 0.22631486733622186 -0.85124630098299636
0.60860785047232224 0.22112755753645888 -0.7953330111580128
0.68327323102190463 0.21622280276464761 -0.73177845531450214
0.75135538281546088 0.21164786043693537 -0.66119483422346237
0.81219832924477431 0.20744681133904477 -0.58426211037020115
0.86521585781749666 0.20366013369393327 -0.50172145579090932
0.9098971895970005 0.20032431166224027 -0.41436810499986221
0.9458119238116004 0.19747148207782231 -0.32304368076698353
0.97261420946222077 0.19512912288174336 -0.22862806538462055
0.99004610283282191 0.19331978635370156 -0.13203089415311392
0.99794007782375871 0.19206087979927519 -0.034182751305498679
0.9962206744058435 0.19136449526938831 0.063973849286757992
0.98490536068072276 0.19123728442786483 0.16149363170946673
0.96410516467707796 0.19168034503323927 0.2574379753592696
0.97143903925017938 0.31645906299355697 0.25845167818446885
0.94137727281221772 0.31746675025462529 0.35190453411703182
0.90231957332189205 0.3190307600327128 0.44196124096770856
0.85464004405648564 0.32113615113721283 0.52775395257939495
0.79879707278005319 0.32376269385433065 0.60845601329871557
0.73532806643088133 0.32688511613929677 0.6832897880947495
0.66484411191047543 0.33047335683977525 0.7515341602427591
0.5880240316499562 0.33449285869708673 0.81253150580336364
0.50560780244961379 0.33890490371774024 0.86569404986786336
0.41838939129783126 0.34366698824939834 0.91050954129344297
0.32720907635978386 0.34873323417097235 0.9465461932922753
0.23294532649422639 0.3540548322642203 0.97345684387934162
0.13650631693795628 0.35958051354085802 0.99098229702820684
0.038821162577277087 0.36525704402461284 0.998953813007457
-0.059169046818287004 0.37102973825102437 0.99729472457460777
-0.15652032303794655 0.37684298656007403 0.98602116421634689
-0.2522948801623312 0.38264079112063787 0.96524189622917
-0.3455701720776897 0.3883673055402419 0.93515725602275745
-0.43544777997730189 0.39396737287768102 0.89605720752912477
-0.52106206457108839 0.39938705688935289 0.84831853796939216
-0.60158850002177011 0.40457416140291919 0.79240121741940939
-0.67625160969998899 0.4094787328245581 0.72884395857072992
-0.74433242768231855 0.41405354094798769 0.65825901971732492
-0.80517541448814844 0.41825453344376351 0.58132630124522544
-0.85819476082317292 0.42204125966368461 0.49878679267057791
-0.90288001901790005 0.42537725969473189 0.41143543348652389
-0.93880100835567093 0.42823041493599828 0.32011345667170465
-0.96561194750836854 0.43057325684690523 0.22570028862646979
-0.98305477475420788 0.43238323092071679 0.12910508348583985
-0.99096162447045066 0.43364291337020461 0.031257973181129654
-0.9892564364857277 0.43434017846714845 -0.066898882744726038
-0.97795568316905823 0.43446831495019189 -0.16442036173304519
-0.95716820754047949 0.43402609040148926 -0.26036747036421165
-0.92709417414448703 0.43301776298783917 -0.3538163770160942
-0.88802314284818151 0.43145304046152183 -0.44386729857854584
-0.84033128404201529 0.4293469868159725 -0.52965315618402731
-0.78447776186602292 0.4267198774876973 -0.61034791710991787
-0.72100031997944813 0.42359700448364274 -0.68517454296962765
-0.65051011197504438 0.42000843328895487 -0.75341246801390227
-0.57368582574256299 0.41598871386941305 -0.81440453578134697
-0.49126715784100722 0.41157654852161873 -0.86756332742928688
-0.4040477001916713 0.40681441973874022 -0.91237682081019722
-0.31286730708293142 0.40174818164582188 -0.94841332567927161
-0.21860401553384107 0.39642661891299807 -0.97532564728092763
-0.12216559643816406 0.3909009773734165 -0.99285443790428507
-0.024480817554693633 0.38522447085169276 -1.0008307037607975
0.073509497726124556 0.37945176894442939 -0.99917744264083086
0.17086152986208619 0.37363847068362377 -0.98791039618281928
0.26663755371407544 0.3678405691529123 -0.96713790913912268
0.35991497268049794 0.3621139122134534 -0.93705989665471046
0.44979520946901919 0.35651366452887839 -0.89796592919037577
0.53541236797667358 0.35109377605710423 -0.85023245320393115
0.61594158298909096 0.34590646210257253 -0.79431917396506613
0.69060697742371202 0.34100169989931584 -0.7307646348297534
0.7586891505823995 0.33642674652788795 -0.66018103488659385
0.81953212530116937 0.3322256827630935 -0.58324833405716003
0.87254968697195301 0.32843898720899911 -0.50070770145043009
0.9172310531491995 0.32510314480608182 -0.41335436897106503
0.95314581875042059 0.32225029349787243 -0.32202995774556675
0.97994812856267144 0.31990791252520168 -0.2276143497874755
0.99738003567365763 0.31809855547699778 -0.13101718147674671
1.0052740123997832 0.31683963080401822 -0.033169039084027137
1.0035545987999357 0.31614323141664452 0.064987561123112075
0.99223926434981125 0.31601600949980563 0.16250734101155895
0.9714390392332336 0.31645906299430393 0.2584516782623259
0.97877297321559109 0.44123781760668163 0.25946539576272309
0.94871116981637527 0.44224551740523027 0.35291823950949247
0.90965342822625006 0.44380954321006011 0.44297492769042141
0.86197385547681715 0.44591495307664247 0.52876761459141985
0.806130843108256 0.44854151635087547 0.60946964618853483
0.74266180138957838 0.45166395994445124 0.68430339015428299
0.67217781962635148 0.45525222165281237 0.75254773319872736
0.59535772137823106 0.45927174325124831 0.81354505502433105
0.51294148317932386 0.46368380594900227 0.86670758396885339
0.42572307049711161 0.46844590552414583 0.91152307118420428
0.33454275908804398 0.47351216354126896 0.94755973083481793
0.24027901502148646 0.47883377071789296 0.974470400400686
0.14384001089688037 0.48435945821836285 0.99199588195646082
0.046154859561621568 0.49003599238391232 0.99996743286208034
-0.051835350377578485 0.49580868817275209 0.99830838245298059
-0.14918663092187059 0.50162193639516695 0.98703485981063277
-0.24496119552569273 0.50741973968955711 0.96625562630259343
-0.33823649685764046 0.51314625209631692 0.9361710152033168
-0.42811411461008347 0.51874631704743557 0.89707098924532014
-0.51372840800887853 0.52416599860100077 0.84933233536376285
-0.59425484998812872 0.52935310081160558 0.79341502411222464
-0.66891796309402418 0.53425767024031134 0.72985776919968892
-0.73699878103785432 0.53883247677020274 0.65927283023243011
-0.79784176440754151 0.54303346810444875 0.58234010897941801
-0.85086110433115791 0.54682019358078837 0.49980059623506401
-0.89554635380619907 0.55015619323611042 0.41244923254938465
-0.93146733291458828 0.55300934839423732 0.32112725167819739
-0.95827826115633208 0.55535219042469319 0.22671408050804862
-0.97572107758801963 0.55716216472622071 0.13011887339240844
-0.98362791725870979 0.55842184742133694 0.032271762256253916
-0.98192272052773477 0.55911911270336612 -0.065885093536158026
-0.97062196013583957 0.55924724925016567 -0.16340657172293496
-0.94983447931048481 0.55880502460482917 -0.25935367924709618
-0.91976044264048096 0.55779669691897238 -0.35280258486536181
-0.880689409881659 0.55623197395400947 -0.44285350581491895
-0.83299755117121854 0.55412591973573877 -0.52863936349740959
-0.77714403027532586 0.55149880975393306 -0.6093341253358372
-0.71366659039031088 0.54837593608640955 -0.68416075292339007
-0.64317638460279813 0.5447873643028559 -0.75239868029163004
-0.56635210031291339 0.54076764446274295 -0.81339075054458987
-0.48393343367757424 0.53635547896027014 -0.86654954420007591
-0.39671397637788514 0.5315933503837651 -0.91136303831340593
-0.30553358268844949 0.52652711294283172 -0.94739954177711816
-0.21127028987699487 0.52120555137065205 -0.97431185904522888
-0.11483186933538655 0.51567991152731263 -0.9918406418628346
-0.017147089490070502 0.5100034072094789 -0.99981689633154014
0.080843225586103282 0.50423070790847713 -0.99816362073357578
0.17819525587507257 0.49841741244959004 -0.98689655789752528
0.27397127622266448 0.49261951358692452 -0.96612405444257687
0.36724869070172994 0.48689285871728238 -0.93604602787933677
0.45712892350850298 0.48129261191107714 -0.89695205118803834
0.54274608078152919 0.47587272243694789 -0.84921857302182091
0.62327529999609022 0.47068540488012556 -0.79330529999715771
0.69794070665715346 0.46578063582539386 -0.72975077552872547
0.76602290183375099 0.46120567189867367 -0.65916719726672091
0.82686590858986397 0.4570045937434723 -0.58223452233924533
0.87988351051619973 0.45321788025756909 -0.49969391623687204
0.92456492130803214 0.4498820171392201 -0.41234060725385324
0.96047973053549607 0.4470291435015446 -0.32101621383066092
0.98728207725499373 0.44468674001679137 -0.22660061691430211
1.0047140097530154 0.44287736174800935 -0.13000345363803889
1.0126079974860285 0.44161841843661404 -0.032155312469967626
1.0108885798887774 0.44092200393692521 0.066001287429175395
0.99957322762767797 0.44079477096719633 0.16352106508068953
0.97877297319864132 0.44123781760743341 0.25946539584060047
0.98610696783084228 0.56601662226802496 0.26047912789527933
0.95604512381198414 0.567024335067285 0.35393195822064349
0.91698733425409151 0.56858837742128432 0.44398862513363035
0.86930771067513846 0.57069380654486257 0.5297812832010067
0.81346464919383932 0.57332039076989716 0.61048328010254416
0.74999556419733338 0.57644285590672317 0.68531698652810358
0.67951154807902636 0.58003113866112599 0.75356129314584019
0.60269142603370307 0.58405067983095538 0.81455858397345826
0.52027517460373052 0.58846275984692109 0.86772109132828923
0.43305675775449315 0.59322487396544599 0.91253656933874883
0.34187644861406818 0.59829114350653811 0.9485732336387851
0.24761271006461991 0.60361275920234692 0.9754839214375981
0.15117371158501822 0.60913845244316056 0.99300943288474841
0.053488563515851316 0.61481498994285289 1.0009810221324169
-0.044501647065680196 0.62058768711148804 0.99932201458948489
-0.1418529325845978 0.6264009352311225 0.98804853531549963
-0.23762750591078097 0.63219873738702093 0.96726934212180982
-0.33090281838545882 0.63792524801286887 0.93718476559570263
-0.42078044798278652 0.64352531086606224 0.89808476685539396
-0.50639475217493723 0.64894499025871322 0.85034613230174905
-0.58692120240067946 0.65413209043142173 0.79442883288480726
-0.66158432016380764 0.65903665807024303 0.73087158339398361
-0.72966513867088745 0.66361146313057617 0.66028664491598477
-0.79050811853134018 0.66781245334378059 0.58335392083208637
-0.84352745133697371 0.67159917803988656 0.50081440346100847
-0.88821269086723909 0.67493517722012886 0.41346303463662853
-0.92413365816756254 0.67778833215250844 0.32214104907379665
-0.95094457375548147 0.68013117413820878 0.22772787426817676
-0.96838737765389349 0.68194114850254028 0.13113266485203992
-0.97629420575034498 0.68320083129648179 0.033285552747605217
-0.97458899906576923 0.68389809664994072 -0.064871302901429576
-0.9632882307986308 0.68402623319048306 -0.16239278020275938
-0.94250074442334708 0.6835840084278505 -0.25833988655041334
-0.91242670456815056 0.68257568049933026 -0.35178879116961581
-0.87335567083342325 0.68101095717162585 -0.44183971172325931
-0.82566381302835201 0.67890490249475433 -0.52762556993958498
-0.76981029444761029 0.67627779199967275 -0.60832033341545189
-0.70633285771425769 0.67315491781968062 -0.68314696371745776
-0.63584265529435569 0.66956634559106298 -0.75138489461205804
-0.55901837398945731 0.66554662544758458 -0.8123769686795197
-0.47659970946170349 0.66113445986181119 -0.86553576566377854
-0.38938025308698543 0.65637233150029706 -0.91034926164322294
-0.29819985910166558 0.65130609464532918 -0.94638576442632483
-0.2039365650516213 0.6459845340895557 -0.97329807742398644
-0.10749814292200847 0.6404588957280859 -0.99082685157412642
-0.0098133619732431905 0.6347823933522001 -0.9988030926290431
0.088176952809494599 0.62900969638621218 -0.99714979919284497
0.18552898066597001 0.62319640350112759 -0.98588271524278948
0.28130499617781657 0.61739850718255362 -0.96511018941048765
0.37458240394094394 0.6116718544223434 -0.93503214194990458
0.4644626296839961 0.60607160874100008 -0.89593814897694213
0.55007978211833364 0.60065171872864176 -0.84820466214542545
0.63060900207769888 0.59546439821533215 -0.79229139029278595
0.70527441862611873 0.59055962304800702 -0.72873687765263107
0.77335663572334457 0.58598464926493921 -0.65815332087606904
0.83419967766797187 0.58178355722670771 -0.58122067424636936
0.88721732680339516 0.57799682599554658 -0.4986800990376325
0.93189879276660337 0.57466094196647766 -0.41132681890021749
0.96781365870934055 0.57180804546220876 -0.32000244840286057
0.99461605619299687 0.56946561872762691 -0.22558686645923334
1.012048026726468 0.5676562185002797 -0.12898971051212266
1.0199420353120345 0.56639725600043112 -0.0311415713862923
1.0182226199380893 0.56570082613738559 0.067015028279385769
1.0069072523847764 0.56557358217448706 0.16453480393985231
0.98610696781388685 0.56601662226878335 0.26047912797318351
0.99344102431630266 0.69079549042099242 0.26149287443993263
0.96337913521041962 0.691803216733205 0.354945689830716
0.92432129109768746 0.69336727617410698 0.4450023325522211
0.87664160879780351 0.69547272503180813 0.53079495735025295
0.82079848984804382 0.6980993305568185 0.61149691374336801
0.75732935354519515 0.70122181740380407 0.68633057580878287
0.68684529603522926 0.70481012115029351 0.75457483874553954
0.61002514461400859 0.70882968160350213 0.81557209159342514
0.52760887604606144 0.71324177843693604 0.8687345713847634
0.4403904527391182 0.71800390644261058 0.91355003586025629
0.34921014490298879 0.72307018677995483 0.94958670254470401
0.25494641179060662 0.72839181028962119 0.97649740851620925
0.15850741927096493 0.73391750867284822 0.99402295185200396
0.06082227474021995 0.73959404907727511 1.0019945831149959
-0.037167936569818281 0.74536674739416153 1.0003356232570375
-0.13451922766938063 0.75117999537456204 0.98906219273326246
-0.23029381085281536 0.75697779652140063 0.96828304524809894
-0.32356913601854925 0.76270430561510438 0.93819850824601736
-0.41344677922486278 0.76830436668452784 0.8990985409068053
-0.4990610959566702 0.77372404424328511 0.85135992891622403
-0.57958755593159395 0.77891114267356742 0.79544264357656325
-0.65425067942681081 0.78381570875407247 0.73188540082640119
-0.7223314990257389 0.78839051249384495 0.66130046338480974
-0.78317447531644979 0.79259150164693448 0.58436773644440287
-0.83619380038641244 0.79637822554143711 0.5018282140609297
-0.88087902889242242 0.79971422415722693 0.41447683954924963
-0.91679998298433596 0.80256737872623285 0.32315484874322387
-0.94361088436224583 0.80491022050351979 0.22874166985764652
-0.96105367418269927 0.80672019476302292 0.1321464578595189
-0.96896048932261003 0.80797987750401745 0.034299344673761403
-0.96725527158408053 0.80867714280907577 -0.063857510812252313
-0.95595449470440075 0.80880527926699286 -0.16137898714012125
-0.93516700244174755 0.80836305436051481 -0.25732609223371783
-0.90509295945954771 0.80735472621385063 -0.35077499586669353
-0.86602192516308973 0.80579000259537337 -0.44082591619734085
-0.81833006896461613 0.80368394757113459 -0.52661177533025638
-0.76247655359963562 0.80105683670116479 -0.60730654106004989
-0.6989991210202956 0.79793396215884849 -0.68213317492048497
-0.62850892297372163 0.79434538962922085 -0.75037111037452153
-0.55168464557190233 0.79032566930108716 -0.81136318940695984
-0.46926598390602697 0.7859135037060957 -0.86452199088181636
-0.38204652899314812 0.78115137557154968 -0.90933548975943501
-0.2908661350091028 0.77608513923918387 -0.94537199258869586
-0.19660283979656773 0.77076357955506269 -0.97228430152974921
-0.10016441600447591 0.76523794245386578 -0.98981306648232859
-0.002479633859044328 0.75956144174003004 -0.9977892926150963
0.095510680546596893 0.75378874680583985 -0.99613597864950043
0.19286270546262735 0.74797545621983486 -0.98486886958679776
0.28863871494398247 0.74217756226447062 -0.96409631609161406
0.38191611390000174 0.73645091159711507 -0.93401824138886924
0.47179632953479589 0.73085066724979331 -0.89492422521095505
0.55741347334355762 0.72543077716767834 -0.84719072294131781
0.63794269009375415 0.72024345441150039 -0.7912774465357697
0.71260811337306229 0.71533867401399309 -0.72772294194685894
0.78069035128289055 0.7107636912866937 -0.6571394054958708
0.8415334306298754 0.70656258612639156 -0.58020678882046717
0.89455113340301351 0.70277583758194684 -0.49766624855518232
0.93923266525953431 0.69943993263092097 -0.41031300269537158
0.97514760191681238 0.69658701281043156 -0.31898866060736025
1.0019500654175395 0.69424456208198526 -0.22457309796981492
1.0193820880142344 0.69243513910124843 -0.12797595190387656
1.0272761281654663 0.6911761568160264 -0.030127815717367137
1.0255567213754109 0.69047971134216068 0.068028783780408913
1.0142413405946225 0.6903524564977751 0.16554855762806112
0.993441024299339 0.69079549042175925 0.26149287451787245
1.0007751438651404 0.81557443557712206 0.26250663522640866
0.97071320424831853 0.8165821759652957 0.35595943384124307
0.93165529821015902 0.81814625302566546 0.44601604909362436
0.88397554874809248 0.82025172204909758 0.53180863587146177
0.82813236365025955 0.82287834915712121 0.61251054570958863
0.76466316788840183 0.82600085780168087 0.68734415647693248
0.69417906200866786 0.82958918238846191 0.75558836852388966
0.61735887585510418 0.8336087617140705 0.81658557667590181
0.5349425865828954 0.83802087471729225 0.8697480234461813
0.44772415491035111 0.84278301579446147 0.9145634707905973
0.35654384775498654 0.8478493060459098 0.9506001384406183
0.26228012023899139 0.85317093653132203 0.97751086333064585
0.16584113411887788 0.85869663935846841 0.99503644116764556
0.068155993440657939 0.8643731821726155 1.0030081184387081
-0.029834218666741606 0.87014588137174997 1.0013492110759172
-0.12718551590129021 0.87595912916571228 0.99007583438589652
-0.22296010995288432 0.88175692943773931 0.96929673750579737
-0.31623544915439944 0.8874834372615964 0.93921224439230411
-0.4061131074719655 0.89308349687892086 0.90011231206621722
-0.49172743820993903 0.89850317294962811 0.85237372539503142
-0.57225390918371166 0.90369026995177049 0.79645645603025006
-0.6469170392986191 0.90859483472379521 0.7328992211375116
-0.71499786042015534 0.91316963730932843 0.66231428520247582
-0.77584083307925633 0.91737062547915815 0.58538155539623404
-0.82886014988224199 0.9211573485646537 0.50284202768757447
-0.87354536643870728 0.92449334653806037 0.41549064703612021
-0.90946630611765455 0.92734650061455259 0.32416865052925725
-0.9362771919393954 0.92968934202511155 0.22975546719525064
-0.95371996633731393 0.9314993160144972 0.13316025238554799
-0.96162676730971774 0.93275899855052391 0.035313138034463724
-0.95992153754678833 0.93345626368509371 -0.06284371725643112
-0.94862075139746438 0.93358439998029608 -0.16036519251770115
-0.92783325293833818 0.93314217489877904 -0.25631229627143487
-0.89775920686551147 0.93213384655334197 -0.34976119890930857
-0.85868817235296824 0.93056912271059622 -0.43981211914476159
-0.81099631835463148 0.92846306744462526 -0.52559797950060994
-0.75514280696940228 0.9258359563326346 -0.6062927479880349
-0.69166537939416506 0.92271308157304943 -0.68111938610127643
-0.62117518657433823 0.91912450888233699 -0.74935732696732915
-0.54435091385862089 0.91510478848579446 -0.81034941191868315
-0.46193225570774121 0.91069262295555276 -0.86350821885901141
-0.37471280273944452 0.90593049506257028 -0.90832172152734947
-0.28353240905114357 0.900864259194326 -0.94435822508385847
-0.1892691127934088 0.89554270024254512 -0.9712705302811766
-0.092830687327384087 0.89001706418276127 -0.98879928579520782
0.004854096058435787 0.88434056484634349 -0.99677549599971038
0.10284441000761373 0.87856787162324301 -0.99512215951565008
0.20019643156406089 0.87275458302728848 -0.98385502218038523
0.29597243399414719 0.86695669120296504 -0.9630824365896915
0.38924982226240817 0.86123004255034108 -0.93300432900173869
0.4791300248845754 0.85562979969015807 -0.89391028306781273
0.5647471561994043 0.85020990998068513 -0.84617675849005425
0.64527636533395072 0.84502258572788558 -0.79026347119849849
0.7199417912908489 0.84011780109776801 -0.7267089698636926
0.78802404764826928 0.83554281054258372 -0.65612545138657197
0.84886716528076256 0.83134169329279084 -0.57919286527784064
0.90188492716286783 0.82755492815384646 -0.49665236339107777
0.94656653550058556 0.82421900250196056 -0.40929915717090098
0.98248155777595969 0.82136605903539905 -0.31797484933379699
1.0092841042651202 0.81902358356391314 -0.22355931083130617
1.0267161948288293 0.8172141369542687 -0.12696217754791303
1.0346102785248144 0.81595513421719079 -0.029114045311141062
1.0328908869329678 0.81525867289148723 0.069042554076136076
1.0215754944038444 0.81513140735609657 0.16656232620381778
1.0007751438481656 0.81557443557789921 0.26250663530439583
1.0081093278041555 0.94035347133553904 0.26352041009407629
0.97804733112304143 0.94136122640761766 0.35697318973948805
0.93898935499881397 0.94292532157243536 0.44702977392462007
0.89130952945396547 0.94503081110332077 0.53282231769251909
0.83546626924941536 0.94765745998658057 0.61352417476087118
0.77199700573004593 0.95077999043049033 0.68835772718965993
0.70151284450116635 0.95436833560783829 0.75660188116022342
0.6246926184332422 0.95838793326849347 0.81759903815351831
0.54227630522025405 0.96280006163976417 0.87076144700397717
0.45505786367474083 0.96756221480821913 0.91557687446076819
0.36387755693921164 0.9726285139399643 0.95161354264285314
0.26961383542516404 0.97795015044291111 0.97852428813167192
0.17317485625639181 0.98347585693504469 0.99604990377989866
0.07548971976222052 0.98915240162072915 1.0040216313946555
-0.022500493220098457 0.99492510142114687 1.0023627812997857
-0.11985179711276139 1.000738348983661 0.99108946316692581
-0.21562640293191865 1.0065361485250037 0.97031042121396793
-0.30890175731649555 1.0122626553527407 0.94022597569098121
-0.39877943198861154 1.0178627138598695 0.90112608135068317
-0.48439377792118987 1.0232823887971494 0.85338752221819847
-0.56492026089354586 1.0284694846937987 0.79747027033316542
-0.63958339833335176 1.0333740484163565 0.73391304417267877
-0.70766422131830853 1.0379488500247407 0.66332811010438253
-0.76850719029365722 1.0421498373005631 0.58639537741107151
-0.82152649839912351 1.0459365595830528 0.50385584411227768
-0.86621170225242472 1.0492725568495647 0.41650445694138416
-0.90213262652967552 1.0521257103167323 0.32518245434705945
-0.92894349568094714 1.0544685512125604 0.23076926624865421
-0.94638625353398886 1.056278524774225 0.13417404842465058
-0.95429303931881915 1.0575382069579964 0.036326932826130212
-0.95258779670617832 1.0582354718018216 -0.061829922254072023
-0.94128700072050375 1.0583636078533432 -0.15935139638068002
-0.92049949578864709 1.0579213825623619 -0.2552984987311222
-0.89042544663714873 1.0569130540321834 -0.3487474003730725
-0.85135441217856855 1.0553483300246049 -0.43879832062486884
-0.80366256085589372 1.053242274614135 -0.52458418246153171
-0.7478090540644079 1.0506151633836658 -0.60527895412425481
-0.68433163217393267 1.0474922885422004 -0.68010559705945228
-0.61384144526067841 1.0439037158212168 -0.74834354403024583
-0.53701717785229786 1.0398839954650678 -0.80933563567166389
-0.45459852373559195 1.0354718300690529 -0.86249444886835336
-0.36737907310129236 1.0307097024317935 -0.90730795606693282
-0.27619867995734593 1.0256434669733194 -0.94334446095371205
-0.18193538276944338 1.0203219086225424 -0.97025676276884065
-0.085496955641305383 1.014796273394579 -0.98778550883022664
0.012187829012218317 1.0091197751568954 -0.9957617025471216
0.11017814245891343 1.0033470833203584 -0.99410834223447198
0.20753016036046537 0.99753379638492479 -0.98284117434107565
0.30330615495109065 0.99173590641749432 -0.96206855319543971
0.39658353096241822 0.98600925963904251 -0.931990407989161
0.48646371795845278 0.9804090183469818 -0.89289632638812844
0.57208083301080881 0.97498912939361237 -0.84516277280015495
0.65261002982428706 0.96980180437813657 -0.78924946785636863
0.72727545354400214 0.96489701658336136 -0.72569496396326238
0.79535772455536047 0.96032201949364993 -0.65511145971874529
0.85620087961834679 0.95612089146448986 -0.5781789033906557
0.90921870457056087 0.95233411077929697 -0.49563844231343318
0.95390039936774695 0.94899816494335787 -0.40828528074578663
0.98981552293781316 0.94614519767243077 -0.31696101327292991
1.016618171454071 0.94380269671407324 -0.22254550429807152
1.0340503484339247 0.94199322548787734 -0.12594838714036319
1.0419444894920573 0.94073420152736176 -0.028100259994034728
1.0402251200890154 0.94003772412115438 0.070056339365601267
1.0289097164270893 0.93991044821313474 0.16757610977922752
1.0081093277871662 0.94035347133632796 0.26352041017212219
1.0154435776479458 1.0651326114236723 0.2645341988996352
0.98538151607281499 1.066140381806137 0.35798695705962508
0.94632346108592125 1.0677044954277115 0.44804350641778268
0.89864355028670151 1.0698100056506867 0.53383600215436744
0.84280020581273973 1.0724366763904407 0.61453780019730253
0.7793308659967928 1.0755592285584683 0.68937128714373752
0.70884664228672711 1.0791475939871211 0.75761537581239324
0.63202637119199145 1.083167209314237 0.81861247542292281
0.54961003109952411 1.0875793520850081 0.87177484210527867
0.4623915785798608 1.0923415161920162 0.91659024793382049
0.37121127236408613 1.0974078230242539 0.95262691739151961
0.27694755747227628 1.1027294644864636 0.97953768623366921
0.18050858586065846 1.1082551738130317 0.99706334375400185
0.082823453830115468 1.1139317198186991 1.0050351263623318
-0.015166760179903789 1.1197044199488091 1.0033763381887337
-0.11251807128039354 1.1255176672525316 0.99210308287329119
-0.20829268970587914 1.1313154662234484 0.97132409949790366
-0.30156806027153615 1.1370419723389473 0.941239704523399
-0.3914457523318175 1.1426420300818747 0.90213985043800005
-0.47706011442099272 1.1480617042408077 0.85440132047432216
-0.55758661019373301 1.1532487993546399 0.79848408713317554
-0.63224975553131957 1.1581533622891105 0.73492687028907711
-0.70033058067586851 1.1627281631037183 0.66434193828492805
-0.76117354596475018 1.1669291495853327 0.58740920261446428
-0.81419284507775669 1.1707158710849428 0.5048696634485581
-0.85887803567621523 1.1740518675963225 0.41751826938914183
-0.89479894380577052 1.1769050203541285 0.326196260327971
-0.92160979542764809 1.1792478606028833 0.23178306713640898
-0.93905253585436299 1.1810578335924033 0.13518784605524031
-0.94695930563689701 1.1823175152864802 0.037340729060751462
-0.94525404950186598 1.1830147797252604 -0.060816125879134583
-0.93395324320385176 1.1831429154540796 -0.15833759889792204
-0.91316573154772063 1.1827006899172139 -0.25428469987326857
-0.88309167929093568 1.1816923612107413 -0.34773360059503083
-0.84402064505991148 1.1801276370889673 -0.43778452102543303
-0.79632879674279167 1.1780215816197026 -0.52357038461704863
-0.74047529497593279 1.1753944703807027 -0.60426515984913232
-0.67699787924413513 1.1722715955779863 -0.67909180811078562
-0.60650769870063947 1.1686830229427172 -0.74732976177594312
-0.52968343700934784 1.1646633027223183 -0.80832186074630552
-0.44726478725374302 1.160251137519583 -0.86148068084516827
-0.36004533918176923 1.155489010146445 -0.90629419318103188
-0.26886494670854894 1.1504227750435898 -0.94233069991775353
-0.174601648621486 1.1451012171689192 -0.96924299872404329
-0.078163219785102017 1.1395755825744689 -0.98677173547962593
0.0195215662224218 1.1338990851691602 -0.99474791251096872
0.11751187922147729 1.1281263944015476 -0.99309452765724249
0.21486389336273898 1.1223131087899698 -0.9818273277546512
0.3106398796405781 1.1165152203753901 -0.96105466860753919
0.40391724226242753 1.1107885752726498 -0.93097648210827966
0.49379741150242967 1.1051883355471612 -0.89188235982659492
0.57941450688464036 1.0997684476434144 -0.84414877101313757
0.65994368665610925 1.0945811225354618 -0.78823544150397429
0.73460910256267298 1.0896763326524728 -0.72468092835888531
0.80269138297931653 1.0851013304468877 -0.65409743310314661
0.86353457251760801 1.0809001932098607 -0.57716490400364628
0.9165524623239184 1.0771133983920813 -0.49462448465339315
0.9612342522225652 1.0737774332638794 -0.40727137194770302
0.99714949316422508 1.0709244422836044 -0.31594715099684983
1.0239522651317483 1.0685819151303022 -0.22153167752250635
1.0413845504407437 1.0667724181464266 -0.12493458037508601
1.0492787653958495 1.0655133720234247 -0.027086459595596371
1.0475594256849685 1.0648168783253238 0.071070139918424785
1.0362440100557264 1.0646895925818536 0.16858990854193387
1.0154435776309416 1.0651326114244755 0.2645341989777415
1.0227778936615346 1.1899118698544875 0.26554800112095234
0.99271575817945557 1.1909196561105062 0.35900073500059748
0.9536576156455685 1.1924837882396178 0.44905724592926466
0.90597761073985139 1.1945893190890433 0.53484968888738849
0.85013417272473435 1.197216011657507 0.61555142164635568
0.78666474760881711 1.200338585430581 0.69038483565135156
0.71618045390121998 1.2039269706925979 0.75862885151270087
0.63936013266749347 1.2079466028664025 0.81962588768536782
0.55694376312881433 1.2123587588716487 0.87278820874169138
0.46972529905923038 1.2171209325756418 0.91760359246968437
0.37854499391039953 1.2221872457894052 0.95364026535191637
0.28428128650821693 1.2275088910784169 0.98055106148949323
0.18784232311095106 1.2330346023910352 0.99807676567685566
0.090157195761497361 1.2387111491826277 1.0060486081349753
-0.0078330195056559946 1.2444838494014652 1.0043898862757341
-0.10518433838158103 1.2502970964464244 0.9931166974497293
-0.20095897017964404 1.2560948950229411 0.9723377755444127
-0.29423435776829027 1.2618214007129012 0.94225343328948885
-0.38411206804239095 1.267421458030658 0.9031536210133535
-0.46972644703292765 1.2728411317546873 0.85541512126527941
-0.5502529562228673 1.2780282263971605 0.79949790710236746
-0.62491610990950774 1.2829327887978774 0.73594069987486366
-0.6929969374717122 1.2875075890014027 0.66535576997110479
-0.75383989912168115 1.2917085747947519 0.58842303116118988
-0.80685918907838472 1.2954952955437198 0.50588348583264064
-0.85154436606530137 1.2988312912681041 0.41853208451929896
-0.88746525753640426 1.3016844432350441 0.32721006861308477
-0.91427609101936125 1.3040272827229507 0.23279686998222343
-0.93171881337681994 1.3058372550126665 0.13620164535773671
-0.93962556654683227 1.3070969360930571 0.038354526749690691
-0.93792029637120555 1.3077942000216982 -0.059802328208671526
-0.92661947937823086 1.3079223353532257 -0.1573238002440448
-0.90583196077442019 1.3074801095336053 -0.25327089996718294
-0.87575790535024356 1.3064717806541821 -0.34671979992439728
-0.83668687142757692 1.304907056459554 -0.43677072075043422
-0.7889950263054365 1.302801001004362 -0.52255658639290614
-0.73314152981873459 1.3001738898513227 -0.60325136557312542
-0.66966412052215096 1.2970510151909769 -0.67807801961240743
-0.59917394660585677 1.2934624427401809 -0.74631598047359959
-0.52234969083984706 1.2894427227350187 -0.80730808729647119
-0.43993104558639201 1.2850305577719083 -0.86046691481307658
-0.35271160014468744 1.2802684306636767 -0.90528043276745251
-0.26153120833964433 1.2752021958614821 -0.94131694177885372
-0.16726790928797958 1.269880638345116 -0.96822923792292515
-0.070829478625189207 1.2643550042005645 -0.98575796560759144
0.026855308890703901 1.2586785073810423 -0.99373412601235234
0.12484562159673886 1.2529058173840408 -0.99208071638236128
0.22219763205260451 1.2470925327697411 -0.98081348375140109
0.31797360985586193 1.2412946455936071 -0.96004078513278168
0.41125095842653853 1.2355680019264721 -0.92996255480700207
0.50113110837758146 1.2299677636877764 -0.89086838796537682
0.586748181267014 1.2245478770197618 -0.84313475857912434
0.66727733958084001 1.2193605523801734 -0.78722139789228718
0.74194274175790187 1.2144557614237572 -0.72366686829172022
0.81002502500899132 1.2098807555708451 -0.65308337540880501
0.87086824369191218 1.2056796109124146 -0.57615086900699664
0.92388619716942466 1.2018928037595833 -0.49361049028045134
0.96856808836765185 1.1985568207000528 -0.40625742926709157
1.0044834623061563 1.1957038064878303 -0.31493326069106475
1.0312863816375757 1.1933612525435096 -0.22051782929200978
1.0487188018951494 1.1915517284620334 -0.12392075681264406
1.0566131114768635 1.1902926589538603 -0.026072643944867156
1.0548938097048766 1.1895961487544395 0.072083956007517463
1.0435783785615917 1.1894688541008889 0.16960372254506523
1.0227778936445184 1.1899118698553122 0.26554800119910821
1.0301122697813558 1.3146912613510577 0.26656181447604504
1.0000500512079491 1.3156990637493953 0.36001452101611819
0.96099181461679839 1.3172632138109424 0.45007099061454048
0.91331170822737995 1.319368764870618 0.53586337652491622
0.85746816724873431 1.3219954791928226 0.61656503722782541
0.79399864690438871 1.3251180744697999 0.69139836964154067
0.72351427510892252 1.3287064790563718 0.75964230422737367
0.64669389886786921 1.3327261270413047 0.82063927085877131
0.56427749818267292 1.3371382948540724 0.87380154377877284
0.47705902303295389 1.3419004765914175 0.91861690646889727
0.38587872038241872 1.3469667947307615 0.95465358648845677
0.29161502193926575 1.3522884426624233 0.98156441502320357
0.19517606778424917 1.3578141551193978 0.99909017123401533
0.097490945593649542 1.3634907021943681 1.0070620783820625
-0.00049927089887079063 1.3692634022905139 1.0054034267859986
-0.097850597790749255 1.3750766490892599 0.99413030743904596
-0.19362524331845213 1.3808744474386934 0.97335144914733351
-0.28690064829920475 1.3866009529630474 0.94326716109346997
-0.37677837711272039 1.3922010101566247 0.90416739162751147
-0.46239277326272149 1.3976206837473848 0.85642892275955851
-0.54291929604967204 1.402807778190746 0.80051172820232519
-0.61758245817795099 1.4077123402799585 0.73695453084567797
-0.68566328815235356 1.4122871400325312 0.66636960316576155
-0.74650624604965277 1.4164881252311092 0.58943686124246131
-0.79952552662349796 1.4202748452584821 0.50689730971202929
-0.84421068966625312 1.4236108401683218 0.41954590107345024
-0.88013156406023629 1.4264639912724058 0.32822387825082616
-0.90694237893317586 1.4288068298980365 0.23381067413632581
-0.92438508274068631 1.4306168013732805 0.13721544596871546
-0.93229181885375079 1.4318764817278327 0.039368325796988166
-0.9305865342714621 1.4325737450505547 -0.05878852908783385
-0.91928570632819606 1.4327018799161602 -0.15631000002371692
-0.89849818065084741 1.4322596537792263 -0.25225709837914606
-0.86842412206512809 1.4312513247289325 -0.34570599748274955
-0.8293530885755318 1.4296866004984563 -0.43575691866374439
-0.78166124686812277 1.4275805451236718 -0.52154278637918239
-0.72580775594378155 1.4249534341433066 -0.60223756959562991
-0.66233035339412083 1.4218305597211922 -0.67706422955995227
-0.59184018641670544 1.418241987547294 -0.74530219780876628
-0.51501593686593938 1.414222267833491 -0.80629431270065643
-0.43259729637147382 1.4098101031576866 -0.85945314785901128
-0.34537785378145541 1.4050479763229826 -0.90426667165231178
-0.25419746283398093 1.399981741782536 -0.9403031831525035
-0.15993416297981056 1.3946601845322406 -0.96721547684629738
-0.063495730627320363 1.3891345506894524 -0.98474419567154126
0.034189058286386485 1.3834580542531598 -0.99272033964305506
0.13217937060982241 1.3776853647769454 -0.99106690535004793
0.22953137727909506 1.3718720808785119 -0.97979963988822349
0.32530734639895592 1.3660741946564887 -0.95902690124878676
0.41858468039757013 1.3603475521853094 -0.92894862577255566
0.50846480987636422 1.3547473153110305 -0.88985441188738157
0.59408185793686408 1.3493274299741689 -0.84212073794546827
0.67461099077313147 1.3441401062387015 -0.78620734047391494
0.74927637319762663 1.3392353151067313 -0.72265278749050077
0.8173586515772826 1.3346603070403336 -0.65206928964421751
0.87820189150740269 1.3304591568840882 -0.57513679972110565
0.93121990360731177 1.3266723395637887 -0.49259645832939275
0.97590189823628193 1.3233363405013958 -0.40524345000759704
1.011817418630399 1.3204833041125295 -0.31391933902618624
1.0386205111714104 1.3181407230666613 -0.21950395705710729
1.0560530992681771 1.3163311703332641 -0.1229069153150654
1.0639475311288176 1.3150720757183765 -0.02505881277136977
1.0622282770546054 1.314375548704271 0.073097787660282965
1.0509128214136807 1.3142482467586289 0.17061755096111786
1.0301122697643228 1.3146912613519115 0.26656181455426847
1.0374466874373309 1.4394708019116171 0.26757563323605066
1.0073843804503859 1.4404786197882944 0.36102831000906588
0.96832605059298316 1.4420427860115079 0.45108473772510943
0.92064583820489576 1.4441483565136999 0.53687706283029535
0.86480218348175886 1.4467750926717153 0.61757864259173512
0.80133255574846174 1.449897709455416 0.6924118817279975
0.73084809694499675 1.4534861326946189 0.76065572458532538
0.65402766169122761 1.4575057951117512 0.8216526154407886
0.57161122994012248 1.4619179729519589 0.87481483903778001
0.48439274605361571 1.4666801609097324 0.91963018361478788
0.39321244886821149 1.4717464823995756 0.95566687608022483
0.29894876199828663 1.4770681317687608 0.98257774303038181
0.20250981900535517 1.4825938445546869 1.0001035568181629
0.10482470325451414 1.4882703914406719 1.0080755331541347
0.0068344863928869997 1.4940430912110176 1.0064169551363531
-0.090516847866393468 1.4998563377535681 0.99514390755248894
-0.18629150653249726 1.5056541359923672 0.97436511439419493
-0.27956692829700897 1.5113806415401476 0.94428088156822976
-0.36944467500669781 1.5169806988295029 0.90518115566578761
-0.45505908764987213 1.5224003725064212 0.85744271830737262
-0.53558562336459026 1.5275874669464953 0.80152554394874376
-0.61024879327750048 1.5324920288804154 0.73796835706112429
-0.67832962502571936 1.5370668282889661 0.66738343222363028
-0.73917257855024776 1.5412678129465744 0.59045068782971166
-0.79219184913742124 1.5450545322545395 0.50791113076638383
-0.8368769976504884 1.5483905263066338 0.42055971550232385
-0.87279785440927748 1.551243676469251 0.32923768650039237
-0.89960865015908908 1.5535865141311731 0.23482447768281658
-0.91705133497304814 1.5553964846815374 0.13822924679852275
-0.92495805368308626 1.5566561642045802 0.040382125931461843
-0.92325275447227007 1.5573534268327009 -0.057774727981021491
-0.9119519155026784 1.5574815611704325 -0.15529619690638163
-0.89116438283367638 1.5570393346873248 -0.25124329299346576
-0.86109032132821772 1.5560310054730231 -0.34469219037713983
-0.82201928866412854 1.5544662812479939 -0.43474311110250768
-0.77432745089699428 1.5523602260245588 -0.52052898015240612
-0.71847396617081083 1.5497331153096983 -0.60122376674828515
-0.65499657108911291 1.5466102412305893 -0.67605043206498461
-0.58450641183433427 1.5430216694391847 -0.74428840721042933
-0.50768216932720045 1.5390019501117729 -0.80528052975710385
-0.425263534452748 1.5345897857970643 -0.85843937221660249
-0.33804409560172294 1.529827659279251 -0.90325290158480531
-0.24686370642196184 1.5247614250063541 -0.93928941539800626
-0.15260040669362251 1.5194398679856751 -0.96620170657413218
-0.056161973587811546 1.5139142343638916 -0.98373041660432425
0.041522815797022702 1.5082377381866334 -0.99170654435233729
0.13951312684187858 1.5024650490680445 -0.99005308573444706
0.23686512886823549 1.4966517656930898 -0.978785787831843
0.33264108845409834 1.4908538802218623 -0.95801300944739354
0.42591840690991717 1.4851272387646821 -0.92793468869824303
0.51579851454894321 1.4795270031481094 -0.88884042685001974
0.60141553554195759 1.4741071191946018 -0.84110670617241379
0.6819446391356131 1.4689197966923386 -0.78519326807759615
0.75660999583590816 1.4640150061356789 -0.72163868609980297
0.82469226085116865 1.4594399971686056 -0.65105517635134114
0.88553551173386225 1.4552388434557055 -0.574122695869549
0.93855357293932151 1.4514520184208746 -0.49158238664871412
0.98323566721118971 1.4481160059006348 -0.40422942988864163
1.01915134257928 1.4452629492100704 -0.31290538058522721
1.0459546341847228 1.442920341371638 -0.21849005617261461
1.0633874308448563 1.4411107583300939 -0.1218930534809234
1.0712820248634904 1.4398516360256024 -0.024044965588441526
1.0695628328567879 1.4391550913662186 0.07411163456078429
1.058247332572172 1.4390277849121784 0.17163139147849168
1.037446687420247 1.4394708019124802 0.26757563331445949
1.0447811220245744 1.5642505086594147 0.26858944992317613
1.0147187403052973 1.5652583386118541 0.36204210191706049
0.97566033653668305 1.5668225172118486 0.45209849591886286
0.92798001519852802 1.5689281064554763 0.53789075769298778
0.87213622886638942 1.5715548651629785 0.61859224327883489
0.80866647527113911 1.5746775036516392 0.69342537296415907
0.73818191813992773 1.5782659445795548 0.76166911220713862
0.66136142030891254 1.5822856196000634 0.82266592267747307
0.57894495889160036 1.5866978053518823 0.87582809884901502
0.49172646958307686 1.5914599975886001 0.92064343118950853
0.40054618111846019 1.5965263208970761 0.95668014336510754
0.30628250819898245 1.6018479706326401 0.98359105555975024
0.20984357779691926 1.6073736830847938 1.0011169323993265
0.11215846922339628 1.6130502294372968 1.0090889818190221
0.01416825234911499 1.618822928765226 1.0074304798741558
-0.083183089064141721 1.6246361750877467 0.99615750548884785
-0.17895776066077909 1.630433973347577 0.97537877819678331
-0.27223319895248504 1.6361604791036592 0.94529460092511308
-0.36211096325099423 1.6417605366956249 0.90619491871829738
-0.44772539205124012 1.6471802106640701 0.85845651294048109
-0.52825194035497236 1.6523673052871584 0.8025393588611256
-0.60291511773065121 1.6572718672202649 0.73898218256128678
-0.67099595095646225 1.6618466663991176 0.66839726072656058
-0.73183889983785355 1.6660476505859674 0.59146451405739109
-0.78485816018863908 1.6698343692008788 0.50892495168299579
-0.82954329393694337 1.6731703623818477 0.4215735300359395
-0.86546413283759105 1.676023511557301 0.33025149511611956
-0.89227490925560682 1.6783663481872813 0.2358382818764812
-0.9097175748885914 1.6801763177330709 0.13924304857708805
-0.91762427604050367 1.6814359963446939 0.04139592733619922
-0.91591896209070267 1.6821332582083512 -0.056760925266304392
-0.90461811203950582 1.6822613919666856 -0.15428239183445597
-0.88383057238623108 1.6818191651098573 -0.25022948530709099
-0.85375650803335679 1.6808108357304818 -0.34367838063591299
-0.8146854763297845 1.6792461115356545 -0.43372930059199655
-0.76699364269300374 1.6771400565103916 -0.51951517069138997
-0.71114016440038852 1.6745129461236685 -0.60020996041493813
-0.64766277705669584 1.6713900724578858 -0.67503663086669907
-0.5771726258196237 1.6678015011178122 -0.74327461272486672
-0.50034839066947923 1.6637817822348151 -0.80426674277465293
-0.41792976174308089 1.6593696183197404 -0.85742559241669825
-0.33071032697291763 1.6546074921305933 -0.90223912727983968
-0.23952993991701477 1.6495412581049662 -0.9382756433778483
-0.1452666406832554 1.6442197012585158 -0.96518793208016518
-0.048828207198549939 1.6386940677665711 -0.98271663345674443
0.048856582291977334 1.6330175717230542 -0.9906927452440647
0.1468468917233568 1.6272448828067232 -0.98903926269406128
0.24419888882263058 1.621431599776828 -0.97777193284511377
0.33997483863869232 1.6156337148666793 -0.95699911521641523
0.43325214129970741 1.6099070742427497 -0.92692074950625103
0.52313222664216597 1.6043068397475488 -0.88782643949392748
0.60874921951848437 1.598886957145901 -0.84009267091514028
0.6892782915804474 1.5936996360469922 -0.78417918954478305
0.76394361814543876 1.58879484657829 -0.7206245739955508
0.83202586237846654 1.5842198377428169 -0.65004104576292387
0.89286911350242104 1.5800186821956188 -0.57310856677128375
0.94588721119891794 1.5762318519198342 -0.49056828203940861
0.99056939504286468 1.5728958289443764 -0.40321537195974927
1.0264852261661541 1.5700427547775433 -0.3118913847556013
1.053288738868972 1.5677001215546578 -0.21747612422588747
1.0707217927124604 1.5658905069029703 -0.12087916964116244
1.0786166102181858 1.5646313530659821 -0.023031102038596651
1.0768975101868818 1.5639347881849957 0.075125497612479997
1.0655819233482697 1.5638074815475005 0.17264524325753722
1.0447811220074454 1.5642505086602483 0.26858945000173734
1.0521155057242317 1.6890304019359235 0.26960324526520529
1.0220531482826578 1.6900382323337619 0.36305590916674713
0.98299473438219098 1.6916024167374228 0.4531122999390616
0.93531429353822748 1.6937080253108647 0.53890449536583818
0.8794703385904844 1.696334808437171 0.61960586532108075
0.81600042902745407 1.6994574688205415 0.69443886541938282
0.74551575851708152 1.7030459259039901 0.76268249163789659
0.66869519394323795 1.7070656112287905 0.82367922300995111
0.58627870342209398 1.7114778026612409 0.87684135956498022
0.49906020987404787 1.7162399974328804 0.92165668965299752
0.40787993018473467 1.7213063213938775 0.95769343081215241
0.31361626986370772 1.7266279708316743 0.9846043954868503
0.21717734962824753 1.7321536826623969 1.0021303403107824
0.11949224518320441 1.7378302284537586 1.0101024657143898
0.021502024981093108 1.7436029274825933 1.0084440411545648
-0.075849326938502076 1.7494161738369676 0.99717114012216879
-0.1716240147310775 1.7552139724354017 0.97639247803779583
-0.26489947267227809 1.7609404787527081 0.94630835509781297
-0.35477725751956607 1.7665405370127707 0.90720871496645461
-0.4403917052704428 1.7719602116326818 0.85947033885504986
-0.52091826878834369 1.7771473067784038 0.8035532029065513
-0.59558145607654234 1.7820518690181733 0.73999603484362242
-0.66366229303958224 1.7866266682338399 0.6694111134744779
-0.72450523932668187 1.7908276521699524 0.59247836181753699
-0.77752449125338086 1.7946143702630979 0.50993879125485486
-0.82220961178611573 1.7979503626964928 0.42258736019779608
-0.85813043409080181 1.8008035109645177 0.33126531620379346
-0.88494119213279232 1.8031463466046316 0.23685209528184115
-0.90238383922040133 1.8049563151578352 0.14025685623193093
-0.91029052312158965 1.8062159928480184 0.042409731237254264
-0.90858519440918706 1.8069132539228505 -0.055747123448710856
-0.89728433292314758 1.8070413870695283 -0.15326859103605431
-0.87649678560649935 1.8065991598033677 -0.24921568522388723
-0.84642271740733854 1.8055908302222541 -0.34266458175177483
-0.80735168535329394 1.8040261060198135 -0.43271550408811843
-0.75965985423255489 1.8019200511513391 -0.51850137825317344
-0.70380638046831234 1.7992929410435892 -0.59919617395875946
-0.64032899868081272 1.7961700677285422 -0.67402285220921421
-0.56983885302142567 1.7925814967574705 -0.7422608432251282
-0.49301462255297263 1.7885617782106136 -0.80325298297896397
-0.41059599669154739 1.7841496145555531 -0.85641184173910434
-0.32337656294259665 1.7793874885201402 -0.90122538375175354
-0.232196174807863 1.77432125452948 -0.93726190349958061
-0.13793287275707014 1.7689996976077482 -0.96417419080342204
-0.041494435505057985 1.7634740639613451 -0.98170288432004715
0.05619035752872352 1.7577975677370166 -0.98967898067228
0.15418066881143236 1.7520248786844996 -0.98802547446108513
0.25153266445736955 1.7462115956453763 -0.97675811268303214
0.34730860796180052 1.7404137109363635 -0.95598525554261327
0.44058589821675759 1.734687070794197 -0.92590684422934721
0.5304659644532761 1.7290868370995396 -0.88681248485020059
0.6160829319290706 1.723666955597873 -0.83907866629287919
0.69661197417994025 1.7184796357862968 -0.7831651382430691
0.77127727048189076 1.7135748475371169 -0.71961048385562953
0.83935949078758298 1.7089998393829098 -0.64902692955581065
0.90020273481420854 1.7047986831944035 -0.57209444211158489
0.95322085718747696 1.7010118497402857 -0.48955417039386556
0.99790311671151932 1.6976758193183459 -0.40220129607452998
1.0338190952237927 1.694822731267009 -0.3108773637557542
1.0606228406660596 1.6924800756513376 -0.21646216631002593
1.0780562009365136 1.6906704296447566 -0.11986526469127858
1.0859513319960679 1.6894112397755328 -0.022017221418173305
1.084232397933157 1.6887146479915676 0.076139380889778938
1.0729166496990665 1.6885873456280027 0.17365910919669716
1.0521155057074583 1.6890304019374913 0.26960324534260088
1.059448926822361 1.813810550088309 0.27061677279917679
1.0293871119602809 1.814818342500089 0.36406955817452369
0.99032887193178742 1.8163825225583121 0.45412596903517366
0.94264830148577916 1.8184881523733067 0.53991804107105057
0.88680414628155135 1.8211149605754677 0.62061922436607297
0.82333407890742183 1.8242376400879585 0.69545204249813586
0.75284931906354458 1.82782610878142 0.76369552492466375
0.67602872415551984 1.8318457996766786 0.82469216016919134
0.59361224447898742 1.8362579925950955 0.87785424607801787
0.50639378673258262 1.8410201863574205 0.92266956454634708
0.41521355542503663 1.8460865079297855 0.95870632563972358
0.32094994729854032 1.851408154342673 0.98561733439114529
0.22451107723992791 1.8569338629935557 1.0031433403758594
0.12682601748842259 1.8626104057468231 1.0111155374676548
0.028835834945953844 1.8683831020393629 1.0094571892628494
-0.068515486387131938 1.874196346015518 0.99818436430945012
-0.16429014959732424 1.8799941425732545 0.9774057741934945
-0.25756558719050232 1.8857206471150403 0.94732171649343011
-0.34744335384673214 1.8913207037643949 0.90822213347864122
-0.43305778353024754 1.8967403768315243 0.86048380609227482
-0.51358432740184967 1.901927470386986 0.80456671115470324
-0.58824749229569095 1.9068320309284372 0.74100957776925969
-0.65632830359283612 1.911406828300181 0.67042468655601517
-0.71717122108669618 1.9156078102452341 0.59349196250303071
-0.7701904418471317 1.9193945262329088 0.5109524188722504
-0.81487553008463309 1.922730516507857 0.4236010156641391
-0.85079632053773424 1.9255836626464125 0.3322790015938783
-0.87760704889464636 1.927926496278997 0.237865813322099
-0.89504967015971038 1.9297364630408285 0.14127060978191672
-0.90295633361519678 1.9309961392424901 0.043423522814103173
-0.90125099104383222 1.9316933992036196 -0.054733292060937667
-0.88995012310662869 1.9318215316633909 -0.15225471906396801
-0.8691625771372985 1.9313793041661493 -0.2482017730550318
-0.83908851804093665 1.9303709748149631 -0.34165063095578868
-0.80001750239926606 1.9288062512857584 -0.43170151731668277
-0.75232569421171758 1.9267001974958675 -0.51748735903449361
-0.69647224885167247 1.92407308881771 -0.59818212640740742
-0.63299489972777545 1.920950217217511 -0.67300878067727576
-0.56250478972632523 1.9173616481750186 -0.74124675192251055
-0.48568059670386887 1.91334193169922 -0.80223887559353968
-0.40326200903924903 1.9089297701929442 -0.85539772109054624
-0.31604261346842988 1.9041676463316706 -0.90021125151246695
-0.22486226306986798 1.8991014145055567 -0.93624776001461607
-0.13059899828543337 1.8937798597249915 -0.96316003503863012
-0.034160598207567172 1.8882542282055101 -0.98068871395951429
0.063524156998003234 1.8825777341252143 -0.98866479237647109
0.16151442877260472 1.8768050472837634 -0.9870112642828277
0.25886638206807694 1.8709917665843894 -0.97574387662349549
0.35464227927509923 1.8651938844070588 -0.95497099021471188
0.44791951848012579 1.8594672470399918 -0.92489254758329242
0.53779952869036252 1.8538670163869175 -0.88579815690796659
0.62341643584257633 1.8484471381676679 -0.83806430983092739
0.70394541542927025 1.8432598217795295 -0.78215075937693312
0.77861065041546462 1.8383550368871162 -0.71859609247161782
0.84669281676892605 1.8337800316594461 -0.64801253953422422
0.90753602334991768 1.829578877376707 -0.57108007123934235
0.96055413808572776 1.825792043886495 -0.48853983974776288
1.0052364382784218 1.8224560101001321 -0.4011870284309631
1.0411525295676607 1.8196029133823297 -0.30986318027816467
1.0679564854903416 1.8172602412986294 -0.21544808065202134
1.0853901678379927 1.8154505687255265 -0.11885127468571563
1.0932856984896624 1.8141913426481202 -0.021003303129965824
1.091567077460468 1.8134947150701932 0.07715325910349341
1.0802510863714498 1.8133674135634736 0.17467290469742394
1.0594489268061558 1.8138105500970529 0.2706167728760715
1.066774770043746 1.938591336508279 0.27162824644472416
1.0367161882460376 1.9395989546749586 0.36508137059671708
0.99765864521421399 1.9411631095069366 0.45513745059214272
0.94997817521184291 1.9432687488262319 0.54092896671327184
0.89413409729924975 1.9458955641159894 0.62162957845640654
0.83066420914324812 1.9490182410754568 0.69646188579125079
0.76017972968182657 1.9526066987473669 0.76470493579825827
0.68335949224540626 1.956626372502744 0.82570121524712958
0.60094342554319136 1.961038543985558 0.87886301669909039
0.51372542030067092 1.9658007132348307 0.92367811765905228
0.42254566902257912 1.9708670080536108 0.95971472489804699
0.3282825588272571 1.9761886261039674 0.98662564049829726
0.23184419654612085 1.9817143052996393 1.0041516108821826
0.13415964762216279 1.9873908179415125 1.0121238264288082
0.036169973290524196 1.9931634838356829 1.010465547042332
-0.061180847115152592 1.9989766974358552 0.99919283762875011
-0.15695502053094529 2.0047744638988521 0.9784144064124779
-0.25022998272305519 2.0105009388477098 0.94833054804141448
-0.34010729128452288 2.0161009666019889 0.90923120233788268
-0.42572128296946204 2.0215206116568241 0.86149314824248735
-0.50624741178652855 2.0267076782680209 0.80557636090483598
-0.5809101875977235 2.0316122131271186 0.74201956792755608
-0.64899063904580989 2.0361869862854691 0.67143504841241886
-0.70983322940709581 2.0403879457069469 0.59450272562431072
-0.76285215938223683 2.0441746410924977 0.51196361072975227
-0.80753699684063784 2.0475106129232343 0.4246126611322355
-0.8434575800554075 2.0503637430085484 0.333291122366699
-0.87026814796141871 2.0527065631993091 0.23887842730336217
-0.88771065836055862 2.0545165193290909 0.14228373049961632
-0.89561726273969078 2.055776187875956 0.044437158906790966
-0.89391191437798367 2.0564734432887088 -0.053719137248573516
-0.88261109464514897 2.0566015743917823 -0.15124004774980956
-0.86182365075315337 2.0561593487673 -0.24718659313759161
-0.83174974664949852 2.0551510245071163 -0.34063495597711918
-0.79267893715226001 2.0535863092275011 -0.430685366275181
-0.74498738375042772 2.0514802667400112 -0.5164707560598879
-0.68913423864551704 2.0488531722691281 -0.597165100316844
-0.62565723151711339 2.0457303175961874 -0.67199136443541063
-0.55516750108438651 2.0421417679854224 -0.74022898203334475
-0.47834372072396009 2.0381220732065448 -0.80122079145240632
-0.39592557415012863 2.0337099354067347 -0.85437936432965578
-0.30870664337002923 2.0289478369966214 -0.8991926653706982
-0.21752677677592125 2.0238816320990094 -0.93522898876378446
-0.12326401024983834 2.0185601054600393 -0.96214112349281411
-0.026826118504670246 2.0130345030381847 -0.97966970709034651
0.070858122476381458 2.0073580387637278 -0.98764573504738495
0.16884787814480681 2.0015853821974257 -0.98599220110532015
0.2661993173581651 1.9957721320095951 -0.9747248519262206
0.36197470641815754 1.9899742803477094 -0.95395204810324719
0.45525144747479251 1.9842476732598278 -0.92387373205742684
0.54513097392981913 1.9786474723914866 -0.88477951199360905
0.63074741664927492 1.9732276231738752 -0.83704587967839728
0.71127595681592426 1.9680403346706938 -0.78113258827516185
0.78594078410275847 1.9631355761507334 -0.71757822473197097
0.85402258251046226 1.958560595303044 -0.64699501919619373
0.91486547066052482 1.954359462813253 -0.57006294154762693
0.96788332853633108 1.9505726477743701 -0.48752314232278898
1.0125654485953226 1.9472366281138291 -0.40017080198950183
1.0484814557518587 1.9443835398850573 -0.30884745862905794
1.0752854476040012 1.9420408689182824 -0.21443288948663838
1.0927193120938461 1.9402311880341492 -0.11783662658497596
1.1006151801850403 1.9389719430187182 -0.019989191706823891
1.0988969540027584 1.9382752911674286 0.078166853097941594
1.0875808059002756 1.9381479952539795 0.17568590921214072
1.066774770021973 1.9385913365011092 0.27162824653864176
3 0 1 66
3 0 66 65
3 1 2 67
3 1 67 66
3 2 3 68
3 2 68 67
3 3 4 69
3 3 69 68
3 4 5 70
3 4 70 69
3 5 6 71
3 5 71 70
3 6 7 72
3 6 72 71
3 7 8 73
3 7 73 72
3 8 9 74
3 8 74 73
3 9 10 75
3 9 75 74
3 10 11 76
3 10 76 75
3 11 12 77
3 11 77 76
3 12 13 78
3 12 78 77
3 13 14 79
3 13 79 78
3 14 15 80
3 14 80 79
3 15 16 81
3 15 81 80
3 16 17 82
3 16 82 81
3 17 18 83
3 17 83 82
3 18 19 84
3 18 84 83
3 19 20 85
3 19 85 84
3 20 21 86
3 20 86 85
3 21 22 87
3 21 87 86
3 22 23 88
3 22 88 87
3 23 24 89
3 23 89 88
3 24 25 90
3 24 90 89
3 25 26 91
3 25 91 90
3 26 27 92
3 26 92 91
3 27 28 93
3 27 93 92
3 28 29 94
3 28 94 93
3 29 30 95
3 29 95 94
3 30 31 96
3 30 96 95
3 31 32 97
3 31 97 96
3 32 33 98
3 32 98 97
3 33 34 99
3 33 99 98
3 34 35 100
3 34 100 99
3 35 36 101
3 35 101 100
3 36 37 102
3 36 102 101
3 37 38 103
3 37 103 102
3 38 39 104
3 38 104 103
3 39 40 105
3 39 105 104
3 40 41 106
3 40 106 105
3 41 42 107
3 41 107 106
3 42 43 108
3 42 108 107
3 43 44 109
3 43 109 108
3 44 45 110
3 44 110 109
3 45 46 111
3 45 111 110
3 46 47 112
3 46 112 111
3 47 48 113
3 47 113 112
3 48 49 114
3 48 114 113
3 49 50 115
3 49 115 114
3 50 51 116
3 50 116 115
3 51 52 117
3 51 117 116
3 52 53 118
3 52 118 117
3 53 54 119
3 53 119 118
3 54 55 120
3 54 120 119
3 55 56 121
3 55 121 120
3 56 57 122
3 56 122 121
3 57 58 123
3 57 123 122
3 58 59 124
3 58 124 123
3 59 60 125
3 59 125 124
3 60 61 126
3 60 126 125
3 61 62 127
3 61 127 126
3 62 63 128
3 62 128 127
3 63 64 129
3 63 129 128
3 65 66 131
3 65 131 130
3 66 67 132
3 66 132 131
3 67 68 133
3 67 133 132
3 68 69 134
3 68 134 133
3 69 70 135
3 69 135 134
3 70 71 136
3 70 136 135
3 71 72 137
3 71 137 136
3 72 73 138
3 72 138 137
3 73 74 139
3 73 139 138
3 74 75 140
3 74 140 139
3 75 76 141
3 75 141 140
3 76 77 142
3 76 142 141
3 77 78 143
3 77 143 142
3 78 79 144
3 78 144 143
3 79 80 145
3 79 145 144
3 80 81 146
3 80 146 145
3 81 82 147
3 81 147 146
3 82 83 148
3 82 148 147
3 83 84 149
3 83 149 148
3 84 85 150
3 84 150 149
3 85 86 151
3 85 151 150
3 86 87 152
3 86 152 151
3 87 88 153
3 87 153 152
3 88 89 154
3 88 154 153
3 89 90 155
3 89 155 154
3 90 91 156
3 90 156 155
3 91 92 157
3 91 157 156
3 92 93 158
3 92 158 157
3 93 94 159
3 93 159 158
3 94 95 160
3 94 160 159
3 95 96 161
3 95 161 160
3 96 97 162
3 96 162 161
3 97 98 163
3 97 163 162
3 98 99 164
3 98 164 163
3 99 100 165
3 99 165 164
3 100 101 166
3 100 166 165
3 101 102 167
3 101 167 166
3 102 103 168
3 102 168 167
3 103 104 169
3 103 169 168
3 104 105 170
3 104 170 169
3 105 106 171
3 105 171 170
3 106 107 172
3 106 172 171
3 107 108 173
3 107 173 172
3 108 109 174
3 108 174 173
3 109 110 175
3 109 175 174
3 110 111 176
3 110 176 175
3 111 112 177
3 111 177 176
3 112 113 178
3 112 178 177
3 113 114 179
3 113 179 178
3 114 115 180
3 114 180 179
3 115 116 181
3 115 181 180
3 116 117 182
3 116 182 181
3 117 118 183
3 117 183 182
3 118 119 184
3 118 184 183
3 119 120 185
3 119 185 184
3 120 121 186
3 120 186 185
3 121 122 187
3 121 187 186
3 122 123 188
3 122 188 187
3 123 124 189
3 123 189 188
3 124 125 190
3 124 190 189
3 125 126 191
3 125 191 190
3 126 127 192
3 126 192 191
3 127 128 193
3 127 193 192
3 128 129 194
3 128 194 193
3 130 131 196
3 130 196 195
3 131 132 197
3 131 197 196
3 132 133 198
3 132 198 197
3 133 134 199
3 133 199 198
3 134 135 200
3 134 200 199
3 135 136 201
3 135 201 200
3 136 137 202
3 136 202 201
3 137 138 203
3 137 203 202
3 138 139 204
3 138 204 203
3 139 140 205
3 139 205 204
3 140 141 206
3 140 206 205
3 141 142 207
3 141 207 206
3 142 143 208
3 142 208 207
3 143 144 209
3 143 209 208
3 144 145 210
3 144 210 209
3 145 146 211
3 145 211 210
3 146 147 212
3 146 212 211
3 147 148 213
3 147 213 212
3 148 149 214
3 148 214 213
3 149 150 215
3 149 215 214
3 150 151 216
3 150 216 215
3 151 152 217
3 151 217 216
3 152 153 218
3 152 218 217
3 153 154 219
3 153 219 218
3 154 155 220
3 154 220 219
3 155 156 221
3 155 221 220
3 156 157 222
3 156 222 221
3 157 158 223
3 157 223 222
3 158 159 224
3 158 224 223
3 159 160 225
3 159 225 224
3 160 161 226
3 160 226 225
3 161 162 227
3 161 227 226
3 162 163 228
3 162 228 227
3 163 164 229
3 163 229 228
3 164 165 230
3 164 230 229
3 165 166 231
3 165 231 230
3 166 167 232
3 166 232 231
3 167 168 233
3 167 233 232
3 168 169 234
3 168 234 233
3 169 170 235
3 169 235 234
3 170 171 236
3 170 236 235
3 171 172 237
3 171 237 236
3 172 173 238
3 172 238 237
3 173 174 239
3 173 239 238
3 174 175 240
3 174 240 239
3 175 176 241
3 175 241 240
3 176 177 242
3 176 242 241
3 177 178 243
3 177 243 242
3 178 179 244
3 178 244 243
3 179 180 245
3 179 245 244
3 180 181 246
3 180 246 245
3 181 182 247
3 181 247 246
3 182 183 248
3 182 248 247
3 183 184 249
3 183 249 248
3 184 185 250
3 184 250 249
3 185 186 251
3 185 251 250
3 186 187 252
3 186 252 251
3 187 188 253
3 187 253 252
3 188 189 254
3 188 254 253
3 189 190 255
3 189 255 254
3 190 191 256
3 190 256 255
3 191 192 257
3 191 257 256
3 192 193 258
3 192 258 257
3 193 194 259
3 193 259 258
3 195 196 261
3 195 261 260
3 196 197 262
3 196 262 261
3 197 198 263
3 197 263 262
3 198 199 264
3 198 264 263
3 199 200 265
3 199 265 264
3 200 201 266
3 200 266 265
3 201 202 267
3 201 267 266
3 202 203 268
3 202 268 267
3 203 204 269
3 203 269 268
3 204 205 270
3 204 270 269
3 205 206 271
3 205 271 270
3 206 207 272
3 206 272 271
3 207 208 273
3 207 273 272
3 208 209 274
3 208 274 273
3 209 210 275
3 209 275 274
3 210 211 276
3 210 276 275
3 211 212 277
3 211 277 276
3 212 213 278
3 212 278 277
3 213 214 279
3 213 279 278
3 214 215 280
3 214 280 279
3 215 216 281
3 215 281 280
3 216 217 282
3 216 282 281
3 217 218 283
3 217 283 282
3 218 219 284
3 218 284 283
3 219 220 285
3 219 285 284
3 220 221 286
3 220 286 285
3 221 222 287
3 221 287 286
3 222 223 288
3 222 288 287
3 223 224 289
3 223 289 288
3 224 225 290
3 224 290 289
3 225 226 291
3 225 291 290
3 226 227 292
3 226 292 291
3 227 228 293
3 227 293 292
3 228 229 294
3 228 294 293
3 229 230 295
3 229 295 294
3 230 231 296
3 230 296 295
3 231 232 297
3 231 297 296
3 232 233 298
3 232 298 297
3 233 234 299
3 233 299 298
3 234 235 300
3 234 300 299
3 235 236 301
3 235 301 300
3 236 237 302
3 236 302 301
3 237 238 303
3 237 303 302
3 238 239 304
3 238 304 303
3 239 240 305
3 239 305 304
3 240 241 306
3 240 306 305
3 241 242 307
3 241 307 306
3 242 243 308
3 242 308 307
3 243 244 309
3 243 309 308
3 244 245 310
3 244 310 309
3 245 246 311
3 245 311 310
3 246 247 312
3 246 312 311
3 247 248 313
3 247 313 312
3 248 249 314
3 248 314 313
3 249 250 315
3 249 315 314
3 250 251 316
3 250 316 315
3 251 252 317
3 251 317 316
3 252 253 318
3 252 318 317
3 253 254 319
3 253 319 318
3 254 255 320
3 254 320 319
3 255 256 321
3 255 321 320
3 256 257 322
3 256 322 321
3 257 258 323
3 257 323 322
3 258 259 324
3 258 324 323
3 260 261 326
3 260 326 325
3 261 262 327
3 261 327 326
3 262 263 328
3 262 328 327
3 263 264 329
3 263 329 328
3 264 265 330
3 264 330 329
3 265 266 331
3 265 331 330
3 266 267 332
3 266 332 331
3 267 268 333
3 267 333 332
3 268 269 334
3 268 334 333
3 269 270 335
3 269 335 334
3 270 271 336
3 270 336 335
3 271 272 337
3 271 337 336
3 272 273 338
3 272 338 337
3 273 274 339
3 273 339 338
3 274 275 340
3 274 340 339
3 275 276 341
3 275 341 340
3 276 277 342
3 276 342 341
3 277 278 343
3 277 343 342
3 278 279 344
3 278 344 343
3 279 280 345
3 279 345 344
3 280 281 346
3 280 346 345
3 281 282 347
3 281 347 346
3 282 283 348
3 282 348 347
3 283 284 349
3 283 349 348
3 284 285 350
3 284 350 349
3 285 286 351
3 285 351 350
3 286 287 352
3 286 352 351
3 287 288 353
3 287 353 352
3 288 289 354
3 288 354 353
3 289 290 355
3 289 355 354
3 290 291 356
3 290 356 355
3 291 292 357
3 291 357 356
3 292 293 358
3 292 358 357
3 293 294 359
3 293 359 358
3 294 295 360
3 294 360 359
3 295 296 361
3 295 361 360
3 296 297 362
3 296 362 361
3 297 298 363
3 297 363 362
3 298 299 364
3 298 364 363
3 299 300 365
3 299 365 364
3 300 301 366
3 300 366 365
3 301 302 367
3 301 367 366
3 302 303 368
3 302 368 367
3 303 304 369
3 303 369 368
3 304 305 370
3 304 370 369
3 305 306 371
3 305 371 370
3 306 307 372
3 306 372 371
3 307 308 373
3 307 373 372
3 308 309 374
3 308 374 373
3 309 310 375
3 309 375 374
3 310 311 376
3 310 376 375
3 311 312 377
3 311 377 376
3 312 313 378
3 312 378 377
3 313 314 379
3 313 379 378
3 314 315 380
3 314 380 379
3 315 316 381
3 315 381 380
3 316 317 382
3 316 382 381
3 317 318 383
3 317 383 382
3 318 319 384
3 318 384 383
3 319 320 385
3 319 385 384
3 320 321 386
3 320 386 385
3 321 322 387
3 321 387 386
3 322 323 388
3 322 388 387
3 323 324 389
3 323 389 388
3 325 326 391
3 325 391 390
3 326 327 392
3 326 392 391
3 327 328 393
3 327 393 392
3 328 329 394
3 328 394 393
3 329 330 395
3 329 395 394
3 330 331 396
3 330 396 395
3 331 332 397
3 331 397 396
3 332 333 398
3 332 398 397
3 333 334 399
3 333 399 398
3 334 335 400
3 334 400 399
3 335 336 401
3 335 401 400
3 336 337 402
3 336 402 401
3 337 338 403
3 337 403 402
3 338 339 404
3 338 404 403
3 339 340 405
3 339 405 404
3 340 341 406
3 340 406 405
3 341 342 407
3 341 407 406
3 342 343 408
3 342 408 407
3 343 344 409
3 343 409 408
3 344 345 410
3 344 410 409
3 345 346 411
3 345 411 410
3 346 347 412
3 346 412 411
3 347 348 413
3 347 413 412
3 348 349 414
3 348 414 413
3 349 350 415
3 349 415 414
3 350 351 416
3 350 416 415
3 351 352 417
3 351 417 416
3 352 353 418
3 352 418 417
3 353 354 419
3 353 419 418
3 354 355 420
3 354 420 419
3 355 356 421
3 355 421 420
3 356 357 422
3 356 422 421
3 357 358 423
3 357 423 422
3 358 359 424
3 358 424 423
3 359 360 425
3 359 425 424
3 360 361 426
3 360 426 425
3 361 362 427
3 361 427 426
3 362 363 428
3 362 428 427
3 363 364 429
3 363 429 428
3 364 365 430
3 364 430 429
3 365 366 431
3 365 431 430
3 366 367 432
3 366 432 431
3 367 368 433
3 367 433 432
3 368 369 434
3 368 434 433
3 369 370 435
3 369 435 434
3 370 371 436
3 370 436 435
3 371 372 437
3 371 437 436
3 372 373 438
3 372 438 437
3 373 374 439
3 373 439 438
3 374 375 440
3 374 440 439
3 375 376 441
3 375 441 440
3 376 377 442
3 376 442 441
3 377 378 443
3 377 443 442
3 378 379 444
3 378 444 443
3 379 380 445
3 379 445 444
3 380 381 446
3 380 446 445
3 381 382 447
3 381 447 446
3 382 383 448
3 382 448 447
3 383 384 449
3 383 449 448
3 384 385 450
3 384 450 449
3 385 386 451
3 385 451 450
3 386 387 452
3 386 452 451
3 387 388 453
3 387 453 452
3 388 389 454
3 388 454 453
3 390 391 456
3 390 456 455
3 391 392 457
3 391 457 456
3 392 393 458
3 392 458 457
3 393 394 459
3 393 459 458
3 394 395 460
3 394 460 459
3 395 396 461
3 395 461 460
3 396 397 462
3 396 462 461
3 397 398 463
3 397 463 462
3 398 399 464
3 398 464 463
3 399 400 465
3 399 465 464
3 400 401 466
3 400 466 465
3 401 402 467
3 401 467 466
3 402 403 468
3 402 468 467
3 403 404 469
3 403 469 468
3 404 405 470
3 404 470 469
3 405 406 471
3 405 471 470
3 406 407 472
3 406 472 471
3 407 408 473
3 407 473 472
3 408 409 474
3 408 474 473
3 409 410 475
3 409 475 474
3 410 411 476
3 410 476 475
3 411 412 477
3 411 477 476
3 412 413 478
3 412 478 477
3 413 414 479
3 413 479 478
3 414 415 480
3 414 480 479
3 415 416 481
3 415 481 480
3 416 417 482
3 416 482 481
3 417 418 483
3 417 483 482
3 418 419 484
3 418 484 483
3 419 420 485
3 419 485 484
3 420 421 486
3 420 486 485
3 421 422 487
3 421 487 486
3 422 423 488
3 422 488 487
3 423 424 489
3 423 489 488
3 424 425 490
3 424 490 489
3 425 426 491
3 425 491 490
3 426 427 492
3 426 492 491
3 427 428 493
3 427 493 492
3 428 429 494
3 428 494 493
3 429 430 495
3 429 495 494
3 430 431 496
3 430 496 495
3 431 432 497
3 431 497 496
3 432 433 498
3 432 498 497
3 433 434 499
3 433 499 498
3 434 435 500
3 434 500 499
3 435 436 501
3 435 501 500
3 436 437 502
3 436 502 501
3 437 438 503
3 437 503 502
3 438 439 504
3 438 504 503
3 439 440 505
3 439 505 504
3 440 441 506
3 440 506 505
3 441 442 507
3 441 507 506
3 442 443 508
3 442 508 507
3 443 444 509
3 443 509 508
3 444 445 510
3 444 510 509
3 445 446 511
3 445 511 510
3 446 447 512
3 446 512 511
3 447 448 513
3 447 513 512
3 448 449 514
3 448 514 513
3 449 450 515
3 449 515 514
3 450 451 516
3 450 516 515
3 451 452 517
3 451 517 516
3 452 453 518
3 452 518 517
3 453 454 519
3 453 519 518
3 455 456 521
3 455 521 520
3 456 457 522
3 456 522 521
3 457 458 523
3 457 523 522
3 458 459 524
3 458 524 523
3 459 460 525
3 459 525 524
3 460 461 526
3 460 526 525
3 461 462 527
3 461 527 526
3 462 463 528
3 462 528 527
3 463 464 529
3 463 529 528
3 464 465 530
3 464 530 529
3 465 466 531
3 465 531 530
3 466 467 532
3 466 532 531
3 467 468 533
3 467 533 532
3 468 469 534
3 468 534 533
3 469 470 535
3 469 535 534
3 470 471 536
3 470 536 535
3 471 472 537
3 471 537 536
3 472 473 538
3 472 538 537
3 473 474 539
3 473 539 538
3 474 475 540
3 474 540 539
3 475 476 541
3 475 541 540
3 476 477 542
3 476 542 541
3 477 478 543
3 477 543 542
3 478 479 544
3 478 544 543
3 479 480 545
3 479 545 544
3 480 481 546
3 480 546 545
3 481 482 547
3 481 547 546
3 482 483 548
3 482 548 547
3 483 484 549
3 483 549 548
3 484 485 550
3 484 550 549
3 485 486 551
3 485 551 550
3 486 487 552
3 486 552 551
3 487 488 553
3 487 553 552
3 488 489 554
3 488 554 553
3 489 490 555
3 489 555 554
3 490 491 556
3 490 556 555
3 491 492 557
3 491 557 556
3 492 493 558
3 492 558 557
3 493 494 559
3 493 559 558
3 494 495 560
3 494 560 559
3 495 496 561
3 495 561 560
3 496 497 562
3 496 562 561
3 497 498 563
3 497 563 562
3 498 499 564
3 498 564 563
3 499 500 565
3 499 565 564
3 500 501 566
3 500 566 565
3 501 502 567
3 501 567 566
3 502 503 568
3 502 568 567
3 503 504 569
3 503 569 568
3 504 505 570
3 504 570 569
3 505 506 571
3 505 571 570
3 506 507 572
3 506 572 571
3 507 508 573
3 507 573 572
3 508 509 574
3 508 574 573
3 509 510 575
3 509 575 574
3 510 511 576
3 510 576 575
3 511 512 577
3 511 577 576
3 512 513 578
3 512 578 577
3 513 514 579
3 513 579 578
3 514 515 580
3 514 580 579
3 515 516 581
3 515 581 580
3 516 517 582
3 516 582 581
3 517 518 583
3 517 583 582
3 518 519 584
3 518 584 583
3 520 521 586
3 520 586 585
3 521 522 587
3 521 587 586
3 522 523 588
3 522 588 587
3 523 524 589
3 523 589 588
3 524 525 590
3 524 590 589
3 525 526 591
3 525 591 590
3 526 527 592
3 526 592 591
3 527 528 593
3 527 593 592
3 528 529 594
3 528 594 593
3 529 530 595
3 529 595 594
3 530 531 596
3 530 596 595
3 531 532 597
3 531 597 596
3 532 533 598
3 532 598 597
3 533 534 599
3 533 599 598
3 534 535 600
3 534 600 599
3 535 536 601
3 535 601 600
3 536 537 602
3 536 602 601
3 537 538 603
3 537 603 602
3 538 539 604
3 538 604 603
3 539 540 605
3 539 605 604
3 540 541 606
3 540 606 605
3 541 542 607
3 541 607 606
3 542 543 608
3 542 608 607
3 543 544 609
3 543 609 608
3 544 545 610
3 544 610 609
3 545 546 611
3 545 611 610
3 546 547 612
3 546 612 611
3 547 548 613
3 547 613 612
3 548 549 614
3 548 614 613
3 549 550 615
3 549 615 614
3 550 551 616
3 550 616 615
3 551 552 617
3 551 617 616
3 552 553 618
3 552 618 617
3 553 554 619
3 553 619 618
3 554 555 620
3 554 620 619
3 555 556 621
3 555 621 620
3 556 557 622
3 556 622 621
3 557 558 623
3 557 623 622
3 558 559 624
3 558 624 623
3 559 560 625
3 559 625 624
3 560 561 626
3 560 626 625
3 561 562 627
3 561 627 626
3 562 563 628
3 562 628 627
3 563 564 629
3 563 629 628
3 564 565 630
3 564 630 629
3 565 566 631
3 565 631 630
3 566 567 632
3 566 632 631
3 567 568 633
3 567 633 632
3 568 569 634
3 568 634 633
3 569 570 635
3 569 635 634
3 570 571 636
3 570 636 635
3 571 572 637
3 571 637 636
3 572 573 638
3 572 638 637
3 573 574 639
3 573 639 638
3 574 575 640
3 574 640 639
3 575 576 641
3 575 641 640
3 576 577 642
3 576 642 641
3 577 578 643
3 577 643 642
3 578 579 644
3 578 644 643
3 579 580 645
3 579 645 644
3 580 581 646
3 580 646 645
3 581 582 647
3 581 647 646
3 582 583 648
3 582 648 647
3 583 584 649
3 583 649 648
3 585 586 651
3 585 651 650
3 586 587 652
3 586 652 651
3 587 588 653
3 587 653 652
3 588 589 654
3 588 654 653
3 589 590 655
3 589 655 654
3 590 591 656
3 590 656 655
3 591 592 657
3 591 657 656
3 592 593 658
3 592 658 657
3 593 594 659
3 593 659 658
3 594 595 660
3 594 660 659
3 595 596 661
3 595 661 660
3 596 597 662
3 596 662 661
3 597 598 663
3 597 663 662
3 598 599 664
3 598 664 663
3 599 600 665
3 599 665 664
3 600 601 666
3 600 666 665
3 601 602 667
3 601 667 666
3 602 603 668
3 602 668 667
3 603 604 669
3 603 669 668
3 604 605 670
3 604 670 669
3 605 606 671
3 605 671 670
3 606 607 672
3 606 672 671
3 607 608 673
3 607 673 672
3 608 609 674
3 608 674 673
3 609 610 675
3 609 675 674
3 610 611 676
3 610 676 675
3 611 612 677
3 611 677 676
3 612 613 678
3 612 678 677
3 613 614 679
3 613 679 678
3 614 615 680
3 614 680 679
3 615 616 681
3 615 681 680
3 616 617 682
3 616 682 681
3 617 618 683
3 617 683 682
3 618 619 684
3 618 684 683
3 619 620 685
3 619 685 684
3 620 621 686
3 620 686 685
3 621 622 687
3 621 687 686
3 622 623 688
3 622 688 687
3 623 624 689
3 623 689 688
3 624 625 690
3 624 690 689
3 625 626 691
3 625 691 690
3 626 627 692
3 626 692 691
3 627 628 693
3 627 693 692
3 628 629 694
3 628 694 693
3 629 630 695
3 629 695 694
3 630 631 696
3 630 696 695
3 631 632 697
3 631 697 696
3 632 633 698
3 632 698 697
3 633 634 699
3 633 699 698
3 634 635 700
3 634 700 699
3 635 636 701
3 635 701 700
3 636 637 702
3 636 702 701
3 637 638 703
3 637 703 702
3 638 639 704
3 638 704 703
3 639 640 705
3 639 705 704
3 640 641 706
3 640 706 705
3 641 642 707
3 641 707 706
3 642 643 708
3 642 708 707
3 643 644 709
3 643 709 708
3 644 645 710
3 644 710 709
3 645 646 711
3 645 711 710
3 646 647 712
3 646 712 711
3 647 648 713
3 647 713 712
3 648 649 714
3 648 714 713
3 650 651 716
3 650 716 715
3 651 652 717
3 651 717 716
3 652 653 718
3 652 718 717
3 653 654 719
3 653 719 718
3 654 655 720
3 654 720 719
3 655 656 721
3 655 721 720
3 656 657 722
3 656 722 721
3 657 658 723
3 657 723 722
3 658 659 724
3 658 724 723
3 659 660 725
3 659 725 724
3 660 661 726
3 660 726 725
3 661 662 727
3 661 727 726
3 662 663 728
3 662 728 727
3 663 664 729
3 663 729 728
3 664 665 730
3 664 730 729
3 665 666 731
3 665 731 730
3 666 667 732
3 666 732 731
3 667 668 733
3 667 733 732
3 668 669 734
3 668 734 733
3 669 670 735
3 669 735 734
3 670 671 736
3 670 736 735
3 671 672 737
3 671 737 736
3 672 673 738
3 672 738 737
3 673 674 739
3 673 739 738
3 674 675 740
3 674 740 739
3 675 676 741
3 675 741 740
3 676 677 742
3 676 742 741
3 677 678 743
3 677 743 742
3 678 679 744
3 678 744 743
3 679 680 745
3 679 745 744
3 680 681 746
3 680 746 745
3 681 682 747
3 681 747 746
3 682 683 748
3 682 748 747
3 683 684 749
3 683 749 748
3 684 685 750
3 684 750 749
3 685 686 751
3 685 751 750
3 686 687 752
3 686 752 751
3 687 688 753
3 687 753 752
3 688 689 754
3 688 754 753
3 689 690 755
3 689 755 754
3 690 691 756
3 690 756 755
3 691 692 757
3 691 757 756
3 692 693 758
3 692 758 757
3 693 694 759
3 693 759 758
3 694 695 760
3 694 760 759
3 695 696 761
3 695 761 760
3 696 697 762
3 696 762 761
3 697 698 763
3 697 763 762
3 698 699 764
3 698 764 763
3 699 700 765
3 699 765 764
3 700 701 766
3 700 766 765
3 701 702 767
3 701 767 766
3 702 703 768
3 702 768 767
3 703 704 769
3 703 769 768
3 704 705 770
3 704 770 769
3 705 706 771
3 705 771 770
3 706 707 772
3 706 772 771
3 707 708 773
3 707 773 772
3 708 709 774
3 708 774 773
3 709 710 775
3 709 775 774
3 710 711 776
3 710 776 775
3 711 712 777
3 711 777 776
3 712 713 778
3 712 778 777
3 713 714 779
3 713 779 778
3 715 716 781
3 715 781 780
3 716 717 782
3 716 782 781
3 717 718 783
3 717 783 782
3 718 719 784
3 718 784 783
3 719 720 785
3 719 785 784
3 720 721 786
3 720 786 785
3 721 722 787
3 721 787 786
3 722 723 788
3 722 788 787
3 723 724 789
3 723 789 788
3 724 725 790
3 724 790 789
3 725 726 791
3 725 791 790
3 726 727 792
3 726 792 791
3 727 728 793
3 727 793 792
3 728 729 794
3 728 794 793
3 729 730 795
3 729 795 794
3 730 731 796
3 730 796 795
3 731 732 797
3 731 797 796
3 732 733 798
3 732 798 797
3 733 734 799
3 733 799 798
3 734 735 800
3 734 800 799
3 735 736 801
3 735 801 800
3 736 737 802
3 736 802 801
3 737 738 803
3 737 803 802
3 738 739 804
3 738 804 803
3 739 740 805
3 739 805 804
3 740 741 806
3 740 806 805
3 741 742 807
3 741 807 806
3 742 743 808
3 742 808 807
3 743 744 809
3 743 809 808
3 744 745 810
3 744 810 809
3 745 746 811
3 745 811 810
3 746 747 812
3 746 812 811
3 747 748 813
3 747 813 812
3 748 749 814
3 748 814 813
3 749 750 815
3 749 815 814
3 750 751 816
3 750 816 815
3 751 752 817
3 751 817 816
3 752 753 818
3 752 818 817
3 753 754 819
3 753 819 818
3 754 755 820
3 754 820 819
3 755 756 821
3 755 821 820
3 756 757 822
3 756 822 821
3 757 758 823
3 757 823 822
3 758 759 824
3 758 824 823
3 759 760 825
3 759 825 824
3 760 761 826
3 760 826 825
3 761 762 827
3 761 827 826
3 762 763 828
3 762 828 827
3 763 764 829
3 763 829 828
3 764 765 830
3 764 830 829
3 765 766 831
3 765 831 830
3 766 767 832
3 766 832 831
3 767 768 833
3 767 833 832
3 768 769 834
3 768 834 833
3 769 770 835
3 769 835 834
3 770 771 836
3 770 836 835
3 771 772 837
3 771 837 836
3 772 773 838
3 772 838 837
3 773 774 839
3 773 839 838
3 774 775 840
3 774 840 839
3 775 776 841
3 775 841 840
3 776 777 842
3 776 842 841
3 777 778 843
3 777 843 842
3 778 779 844
3 778 844 843
3 780 781 846
3 780 846 845
3 781 782 847
3 781 847 846
3 782 783 848
3 782 848 847
3 783 784 849
3 783 849 848
3 784 785 850
3 784 850 849
3 785 786 851
3 785 851 850
3 786 787 852
3 786 852 851
3 787 788 853
3 787 853 852
3 788 789 854
3 788 854 853
3 789 790 855
3 789 855 854
3 790 791 856
3 790 856 855
3 791 792 857
3 791 857 856
3 792 793 858
3 792 858 857
3 793 794 859
3 793 859 858
3 794 795 860
3 794 860 859
3 795 796 861
3 795 861 860
3 796 797 862
3 796 862 861
3 797 798 863
3 797 863 862
3 798 799 864
3 798 864 863
3 799 800 865
3 799 865 864
3 800 801 866
3 800 866 865
3 801 802 867
3 801 867 866
3 802 803 868
3 802 868 867
3 803 804 869
3 803 869 868
3 804 805 870
3 804 870 869
3 805 806 871
3 805 871 870
3 806 807 872
3 806 872 871
3 807 808 873
3 807 873 872
3 808 809 874
3 808 874 873
3 809 810 875
3 809 875 874
3 810 811 876
3 810 876 875
3 811 812 877
3 811 877 876
3 812 813 878
3 812 878 877
3 813 814 879
3 813 879 878
3 814 815 880
3 814 880 879
3 815 816 881
3 815 881 880
3 816 817 882
3 816 882 881
3 817 818 883
3 817 883 882
3 818 819 884
3 818 884 883
3 819 820 885
3 819 885 884
3 820 821 886
3 820 886 885
3 821 822 887
3 821 887 886
3 822 823 888
3 822 888 887
3 823 824 889
3 823 889 888
3 824 825 890
3 824 890 889
3 825 826 891
3 825 891 890
3 826 827 892
3 826 892 891
3 827 828 893
3 827 893 892
3 828 829 894
3 828 894 893
3 829 830 895
3 829 895 894
3 830 831 896
3 830 896 895
3 831 832 897
3 831 897 896
3 832 833 898
3 832 898 897
3 833 834 899
3 833 899 898
3 834 835 900
3 834 900 899
3 835 836 901
3 835 901 900
3 836 837 902
3 836 902 901
3 837 838 903
3 837 903 902
3 838 839 904
3 838 904 903
3 839 840 905
3 839 905 904
3 840 841 906
3 840 906 905
3 841 842 907
3 841 907 906
3 842 843 908
3 842 908 907
3 843 844 909
3 843 909 908
3 845 846 911
3 845 911 910
3 846 847 912
3 846 912 911
3 847 848 913
3 847 913 912
3 848 849 914
3 848 914 913
3 849 850 915
3 849 915 914
3 850 851 916
3 850 916 915
3 851 852 917
3 851 917 916
3 852 853 918
3 852 918 917
3 853 854 919
3 853 919 918
3 854 855 920
3 854 920 919
3 855 856 921
3 855 921 920
3 856 857 922
3 856 922 921
3 857 858 923
3 857 923 922
3 858 859 924
3 858 924 923
3 859 860 925
3 859 925 924
3 860 861 926
3 860 926 925
3 861 862 927
3 861 927 926
3 862 863 928
3 862 928 927
3 863 864 929
3 863 929 928
3 864 865 930
3 864 930 929
3 865 866 931
3 865 931 930
3 866 867 932
3 866 932 931
3 867 868 933
3 867 933 932
3 868 869 934
3 868 934 933
3 869 870 935
3 869 935 934
3 870 871 936
3 870 936 935
3 871 872 937
3 871 937 936
3 872 873 938
3 872 938 937
3 873 874 939
3 873 939 938
3 874 875 940
3 874 940 939
3 875 876 941
3 875 941 940
3 876 877 942
3 876 942 941
3 877 878 943
3 877 943 942
3 878 879 944
3 878 944 943
3 879 880 945
3 879 945 944
3 880 881 946
3 880 946 945
3 881 882 947
3 881 947 946
3 882 883 948
3 882 948 947
3 883 884 949
3 883 949 948
3 884 885 950
3 884 950 949
3 885 886 951
3 885 951 950
3 886 887 952
3 886 952 951
3 887 888 953
3 887 953 952
3 888 889 954
3 888 954 953
3 889 890 955
3 889 955 954
3 890 891 956
3 890 956 955
3 891 892 957
3 891 957 956
3 892 893 958
3 892 958 957
3 893 894 959
3 893 959 958
3 894 895 960
3 894 960 959
3 895 896 961
3 895 961 960
3 896 897 962
3 896 962 961
3 897 898 963
3 897 963 962
3 898 899 964
3 898 964 963
3 899 900 965
3 899 965 964
3 900 901 966
3 900 966 965
3 901 902 967
3 901 967 966
3 902 903 968
3 902 968 967
3 903 904 969
3 903 969 968
3 904 905 970
3 904 970 969
3 905 906 971
3 905 971 970
3 906 907 972
3 906 972 971
3 907 908 973
3 907 973 972
3 908 909 974
3 908 974 973
3 910 911 976
3 910 976 975
3 911 912 977
3 911 977 976
3 912 913 978
3 912 978 977
3 913 914 979
3 913 979 978
3 914 915 980
3 914 980 979
3 915 916 981
3 915 981 980
3 916 917 982
3 916 982 981
3 917 918 983
3 917 983 982
3 918 919 984
3 918 984 983
3 919 920 985
3 919 985 984
3 920 921 986
3 920 986 985
3 921 922 987
3 921 987 986
3 922 923 988
3 922 988 987
3 923 924 989
3 923 989 988
3 924 925 990
3 924 990 989
3 925 926 991
3 925 991 990
3 926 927 992
3 926 992 991
3 927 928 993
3 927 993 992
3 928 929 994
3 928 994 993
3 929 930 995
3 929 995 994
3 930 931 996
3 930 996 995
3 931 932 997
3 931 997 996
3 932 933 998
3 932 998 997
3 933 934 999
3 933 999 998
3 934 935 1000
3 934 1000 999
3 935 936 1001
3 935 1001 1000
3 936 937 1002
3 936 1002 1001
3 937 938 1003
3 937 1003 1002
3 938 939 1004
3 938 1004 1003
3 939 940 1005
3 939 1005 1004
3 940 941 1006
3 940 1006 1005
3 941 942 1007
3 941 1007 1006
3 942 943 1008
3 942 1008 1007
3 943 944 1009
3 943 1009 1008
3 944 945 1010
3 944 1010 1009
3 945 946 1011
3 945 1011 1010
3 946 947 1012
3 946 1012 1011
3 947 948 1013
3 947 1013 1012
3 948 949 1014
3 948 1014 1013
3 949 950 1015
3 949 1015 1014
3 950 951 1016
3 950 1016 1015
3 951 952 1017
3 951 1017 1016
3 952 953 1018
3 952 1018 1017
3 953 954 1019
3 953 1019 1018
3 954 955 1020
3 954 1020 1019
3 955 956 1021
3 955 1021 1020
3 956 957 1022
3 956 1022 1021
3 957 958 1023
3 957 1023 1022
3 958 959 1024
3 958 1024 1023
3 959 960 1025
3 959 1025 1024
3 960 961 1026
3 960 1026 1025
3 961 962 1027
3 961 1027 1026
3 962 963 1028
3 962 1028 1027
3 963 964 1029
3 963 1029 1028
3 964 965 1030
3 964 1030 1029
3 965 966 1031
3 965 1031 1030
3 966 967 1032
3 966 1032 1031
3 967 968 1033
3 967 1033 1032
3 968 969 1034
3 968 1034 1033
3 969 970 1035
3 969 1035 1034
3 970 971 1036
3 970 1036 1035
3 971 972 1037
3 971 1037 1036
3 972 973 1038
3 972 1038 1037
3 973 974 1039
3 973 1039 1038
3 975 976 1041
3 975 1041 1040
3 976 977 1042
3 976 1042 1041
3 977 978 1043
3 977 1043 1042
3 978 979 1044
3 978 1044 1043
3 979 980 1045
3 979 1045 1044
3 980 981 1046
3 980 1046 1045
3 981 982 1047
3 981 1047 1046
3 982 983 1048
3 982 1048 1047
3 983 984 1049
3 983 1049 1048
3 984 985 1050
3 984 1050 1049
3 985 986 1051
3 985 1051 1050
3 986 987 1052
3 986 1052 1051
3 987 988 1053
3 987 1053 1052
3 988 989 1054
3 988 1054 1053
3 989 990 1055
3 989 1055 1054
3 990 991 1056
3 990 1056 1055
3 991 992 1057
3 991 1057 1056
3 992 993 1058
3 992 1058 1057
3 993 994 1059
3 993 1059 1058
3 994 995 1060
3 994 1060 1059
3 995 996 1061
3 995 1061 1060
3 996 997 1062
3 996 1062 1061
3 997 998 1063
3 997 1063 1062
3 998 999 1064
3 998 1064 1063
3 999 1000 1065
3 999 1065 1064
3 1000 1001 1066
3 1000 1066 1065
3 1001 1002 1067
3 1001 1067 1066
3 1002 1003 1068
3 1002 1068 1067
3 1003 1004 1069
3 1003 1069 1068
3 1004 1005 1070
3 1004 1070 1069
3 1005 1006 1071
3 1005 1071 1070
3 1006 1007 1072
3 1006 1072 1071
3 1007 1008 1073
3 1007 1073 1072
3 1008 1009 1074
3 1008 1074 1073
3 1009 1010 1075
3 1009 1075 1074
3 1010 1011 1076
3 1010 1076 1075
3 1011 1012 1077
3 1011 1077 1076
3 1012 1013 1078
3 1012 1078 1077
3 1013 1014 1079
3 1013 1079 1078
3 1014 1015 1080
3 1014 1080 1079
3 1015 1016 1081
3 1015 1081 1080
3 1016 1017 1082
3 1016 1082 1081
3 1017 1018 1083
3 1017 1083 1082
3 1018 1019 1084
3 1018 1084 1083
3 1019 1020 1085
3 1019 1085 1084
3 1020 1021 1086
3 1020 1086 1085
3 1021 1022 1087
3 1021 1087 1086
3 1022 1023 1088
3 1022 1088 1087
3 1023 1024 1089
3 1023 1089 1088
3 1024 1025 1090
3 1024 1090 1089
3 1025 1026 1091
3 1025 1091 1090
3 1026 1027 1092
3 1026 1092 1091
3 1027 1028 1093
3 1027 1093 1092
3 1028 1029 1094
3 1028 1094 1093
3 1029 1030 1095
3 1029 1095 1094
3 1030 1031 1096
3 1030 1096 1095
3 1031 1032 1097
3 1031 1097 1096
3 1032 1033 1098
3 1032 1098 1097
3 1033 1034 1099
3 1033 1099 1098
3 1034 1035 1100
3 1034 1100 1099
3 1035 1036 1101
3 1035 1101 1100
3 1036 1037 1102
3 1036 1102 1101
3 1037 1038 1103
3 1037 1103 1102
3 1038 1039 1104
3 1038 1104 1103
3 1040 1041 1106
3 1040 1106 1105
3 1041 1042 1107
3 1041 1107 1106
3 1042 1043 1108
3 1042 1108 1107
3 1043 1044 1109
3 1043 1109 1108
3 1044 1045 1110
3 1044 1110 1109
3 1045 1046 1111
3 1045 1111 1110
3 1046 1047 1112
3 1046 1112 1111
3 1047 1048 1113
3 1047 1113 1112
3 1048 1049 1114
3 1048 1114 1113
3 1049 1050 1115
3 1049 1115 1114
3 1050 1051 1116
3 1050 1116 1115
3 1051 1052 1117
3 1051 1117 1116
3 1052 1053 1118
3 1052 1118 1117
3 1053 1054 1119
3 1053 1119 1118
3 1054 1055 1120
3 1054 1120 1119
3 1055 1056 1121
3 1055 1121 1120
3 1056 1057 1122
3 1056 1122 1121
3 1057 1058 1123
3 1057 1123 1122
3 1058 1059 1124
3 1058 1124 1123
3 1059 1060 1125
3 1059 1125 1124
3 1060 1061 1126
3 1060 1126 1125
3 1061 1062 1127
3 1061 1127 1126
3 1062 1063 1128
3 1062 1128 1127
3 1063 1064 1129
3 1063 1129 1128
3 1064 1065 1130
3 1064 1130 1129
3 1065 1066 1131
3 1065 1131 1130
3 1066 1067 1132
3 1066 1132 1131
3 1067 1068 1133
3 1067 1133 1132
3 1068 1069 1134
3 1068 1134 1133
3 1069 1070 1135
3 1069 1135 1134
3 1070 1071 1136
3 1070 1136 1135
3 1071 1072 1137
3 1071 1137 1136
3 1072 1073 1138
3 1072 1138 1137
3 1073 1074 1139
3 1073 1139 1138
3 1074 1075 1140
3 1074 1140 1139
3 1075 1076 1141
3 1075 1141 1140
3 1076 1077 1142
3 1076 1142 1141
3 1077 1078 1143
3 1077 1143 1142
3 1078 1079 1144
3 1078 1144 1143
3 1079 1080 1145
3 1079 1145 1144
3 1080 1081 1146
3 1080 1146 1145
3 1081 1082 1147
3 1081 1147 1146
3 1082 1083 1148
3 1082 1148 1147
3 1083 1084 1149
3 1083 1149 1148
3 1084 1085 1150
3 1084 1150 1149
3 1085 1086 1151
3 1085 1151 1150
3 1086 1087 1152
3 1086 1152 1151
3 1087 1088 1153
3 1087 1153 1152
3 1088 1089 1154
3 1088 1154 1153
3 1089 1090 1155
3 1089 1155 1154
3 1090 1091 1156
3 1090 1156 1155
3 1091 1092 1157
3 1091 1157 1156
3 1092 1093 1158
3 1092 1158 1157
3 1093 1094 1159
3 1093 1159 1158
3 1094 1095 1160
3 1094 1160 1159
3 1095 1096 1161
3 1095 1161 1160
3 1096 1097 1162
3 1096 1162 1161
3 1097 1098 1163
3 1097 1163 1162
3 1098 1099 1164
3 1098 1164 1163
3 1099 1100 1165
3 1099 1165 1164
3 1100 1101 1166
3 1100 1166 1165
3 1101 1102 1167
3 1101 1167 1166
3 1102 1103 1168
3 1102 1168 1167
3 1103 1104 1169
3 1103 1169 1168
3 1105 1106 1171
3 1105 1171 1170
3 1106 1107 1172
3 1106 1172 1171
3 1107 1108 1173
3 1107 1173 1172
3 1108 1109 1174
3 1108 1174 1173
3 1109 1110 1175
3 1109 1175 1174
3 1110 1111 1176
3 1110 1176 1175
3 1111 1112 1177
3 1111 1177 1176
3 1112 1113 1178
3 1112 1178 1177
3 1113 1114 1179
3 1113 1179 1178
3 1114 1115 1180
3 1114 1180 1179
3 1115 1116 1181
3 1115 1181 1180
3 1116 1117 1182
3 1116 1182 1181
3 1117 1118 1183
3 1117 1183 1182
3 1118 1119 1184
3 1118 1184 1183
3 1119 1120 1185
3 1119 1185 1184
3 1120 1121 1186
3 1120 1186 1185
3 1121 1122 1187
3 1121 1187 1186
3 1122 1123 1188
3 1122 1188 1187
3 1123 1124 1189
3 1123 1189 1188
3 1124 1125 1190
3 1124 1190 1189
3 1125 1126 1191
3 1125 1191 1190
3 1126 1127 1192
3 1126 1192 1191
3 1127 1128 1193
3 1127 1193 1192
3 1128 1129 1194
3 1128 1194 1193
3 1129 1130 1195
3 1129 1195 1194
3 1130 1131 1196
3 1130 1196 1195
3 1131 1132 1197
3 1131 1197 1196
3 1132 1133 1198
3 1132 1198 1197
3 1133 1134 1199
3 1133 1199 1198
3 1134 1135 1200
3 1134 1200 1199
3 1135 1136 1201
3 1135 1201 1200
3 1136 1137 1202
3 1136 1202 1201
3 1137 1138 1203
3 1137 1203 1202
3 1138 1139 1204
3 1138 1204 1203
3 1139 1140 1205
3 1139 1205 1204
3 1140 1141 1206
3 1140 1206 1205
3 1141 1142 1207
3 1141 1207 1206
3 1142 1143 1208
3 1142 1208 1207
3 1143 1144 1209
3 1143 1209 1208
3 1144 1145 1210
3 1144 1210 1209
3 1145 1146 1211
3 1145 1211 1210
3 1146 1147 1212
3 1146 1212 1211
3 1147 1148 1213
3 1147 1213 1212
3 1148 1149 1214
3 1148 1214 1213
3 1149 1150 1215
3 1149 1215 1214
3 1150 1151 1216
3 1150 1216 1215
3 1151 1152 1217
3 1151 1217 1216
3 1152 1153 1218
3 1152 1218 1217
3 1153 1154 1219
3 1153 1219 1218
3 1154 1155 1220
3 1154 1220 1219
3 1155 1156 1221
3 1155 1221 1220
3 1156 1157 1222
3 1156 1222 1221
3 1157 1158 1223
3 1157 1223 1222
3 1158 1159 1224
3 1158 1224 1223
3 1159 1160 1225
3 1159 1225 1224
3 1160 1161 1226
3 1160 1226 1225
3 1161 1162 1227
3 1161 1227 1226
3 1162 1163 1228
3 1162 1228 1227
3 1163 1164 1229
3 1163 1229 1228
3 1164 1165 1230
3 1164 1230 1229
3 1165 1166 1231
3 1165 1231 1230
3 1166 1167 1232
3 1166 1232 1231
3 1167 1168 1233
3 1167 1233 1232
3 1168 1169 1234
3 1168 1234 1233
3 1170 1171 1236
3 1170 1236 1235
3 1171 1172 1237
3 1171 1237 1236
3 1172 1173 1238
3 1172 1238 1237
3 1173 1174 1239
3 1173 1239 1238
3 1174 1175 1240
3 1174 1240 1239
3 1175 1176 1241
3 1175 1241 1240
3 1176 1177 1242
3 1176 1242 1241
3 1177 1178 1243
3 1177 1243 1242
3 1178 1179 1244
3 1178 1244 1243
3 1179 1180 1245
3 1179 1245 1244
3 1180 1181 1246
3 1180 1246 1245
3 1181 1182 1247
3 1181 1247 1246
3 1182 1183 1248
3 1182 1248 1247
3 1183 1184 1249
3 1183 1249 1248
3 1184 1185 1250
3 1184 1250 1249
3 1185 1186 1251
3 1185 1251 1250
3 1186 1187 1252
3 1186 1252 1251
3 1187 1188 1253
3 1187 1253 1252
3 1188 1189 1254
3 1188 1254 1253
3 1189 1190 1255
3 1189 1255 1254
3 1190 1191 1256
3 1190 1256 1255
3 1191 1192 1257
3 1191 1257 1256
3 1192 1193 1258
3 1192 1258 1257
3 1193 1194 1259
3 1193 1259 1258
3 1194 1195 1260
3 1194 1260 1259
3 1195 1196 1261
3 1195 1261 1260
3 1196 1197 1262
3 1196 1262 1261
3 1197 1198 1263
3 1197 1263 1262
3 1198 1199 1264
3 1198 1264 1263
3 1199 1200 1265
3 1199 1265 1264
3 1200 1201 1266
3 1200 1266 1265
3 1201 1202 1267
3 1201 1267 1266
3 1202 1203 1268
3 1202 1268 1267
3 1203 1204 1269
3 1203 1269 1268
3 1204 1205 1270
3 1204 1270 1269
3 1205 1206 1271
3 1205 1271 1270
3 1206 1207 1272
3 1206 1272 1271
3 1207 1208 1273
3 1207 1273 1272
3 1208 1209 1274
3 1208 1274 1273
3 1209 1210 1275
3 1209 1275 1274
3 1210 1211 1276
3 1210 1276 1275
3 1211 1212 1277
3 1211 1277 1276
3 1212 1213 1278
3 1212 1278 1277
3 1213 1214 1279
3 1213 1279 1278
3 1214 1215 1280
3 1214 1280 1279
3 1215 1216 1281
3 1215 1281 1280
3 1216 1217 1282
3 1216 1282 1281
3 1217 1218 1283
3 1217 1283 1282
3 1218 1219 1284
3 1218 1284 1283
3 1219 1220 1285
3 1219 1285 1284
3 1220 1221 1286
3 1220 1286 1285
3 1221 1222 1287
3 1221 1287 1286
3 1222 1223 1288
3 1222 1288 1287
3 1223 1224 1289
3 1223 1289 1288
3 1224 1225 1290
3 1224 1290 1289
3 1225 1226 1291
3 1225 1291 1290
3 1226 1227 1292
3 1226 1292 1291
3 1227 1228 1293
3 1227 1293 1292
3 1228 1229 1294
3 1228 1294 1293
3 1229 1230 1295
3 1229 1295 1294
3 1230 1231 1296
3 1230 1296 1295
3 1231 1232 1297
3 1231 1297 1296
3 1232 1233 1298
3 1232 1298 1297
3 1233 1234 1299
3 1233 1299 1298
3 1235 1236 1301
3 1235 1301 1300
3 1236 1237 1302
3 1236 1302 1301
3 1237 1238 1303
3 1237 1303 1302
3 1238 1239 1304
3 1238 1304 1303
3 1239 1240 1305
3 1239 1305 1304
3 1240 1241 1306
3 1240 1306 1305
3 1241 1242 1307
3 1241 1307 1306
3 1242 1243 1308
3 1242 1308 1307
3 1243 1244 1309
3 1243 1309 1308
3 1244 1245 1310
3 1244 1310 1309
3 1245 1246 1311
3 1245 1311 1310
3 1246 1247 1312
3 1246 1312 1311
3 1247 1248 1313
3 1247 1313 1312
3 1248 1249 1314
3 1248 1314 1313
3 1249 1250 1315
3 1249 1315 1314
3 1250 1251 1316
3 1250 1316 1315
3 1251 1252 1317
3 1251 1317 1316
3 1252 1253 1318
3 1252 1318 1317
3 1253 1254 1319
3 1253 1319 1318
3 1254 1255 1320
3 1254 1320 1319
3 1255 1256 1321
3 1255 1321 1320
3 1256 1257 1322
3 1256 1322 1321
3 1257 1258 1323
3 1257 1323 1322
3 1258 1259 1324
3 1258 1324 1323
3 1259 1260 1325
3 1259 1325 1324
3 1260 1261 1326
3 1260 1326 1325
3 1261 1262 1327
3 1261 1327 1326
3 1262 1263 1328
3 1262 1328 1327
3 1263 1264 1329
3 1263 1329 1328
3 1264 1265 1330
3 1264 1330 1329
3 1265 1266 1331
3 1265 1331 1330
3 1266 1267 1332
3 1266 1332 1331
3 1267 1268 1333
3 1267 1333 1332
3 1268 1269 1334
3 1268 1334 1333
3 1269 1270 1335
3 1269 1335 1334
3 1270 1271 1336
3 1270 1336 1335
3 1271 1272 1337
3 1271 1337 1336
3 1272 1273 1338
3 1272 1338 1337
3 1273 1274 1339
3 1273 1339 1338
3 1274 1275 1340
3 1274 1340 1339
3 1275 1276 1341
3 1275 1341 1340
3 1276 1277 1342
3 1276 1342 1341
3 1277 1278 1343
3 1277 1343 1342
3 1278 1279 1344
3 1278 1344 1343
3 1279 1280 1345
3 1279 1345 1344
3 1280 1281 1346
3 1280 1346 1345
3 1281 1282 1347
3 1281 1347 1346
3 1282 1283 1348
3 1282 1348 1347
3 1283 1284 1349
3 1283 1349 1348
3 1284 1285 1350
3 1284 1350 1349
3 1285 1286 1351
3 1285 1351 1350
3 1286 1287 1352
3 1286 1352 1351
3 1287 1288 1353
3 1287 1353 1352
3 1288 1289 1354
3 1288 1354 1353
3 1289 1290 1355
3 1289 1355 1354
3 1290 1291 1356
3 1290 1356 1355
3 1291 1292 1357
3 1291 1357 1356
3 1292 1293 1358
3 1292 1358 1357
3 1293 1294 1359
3 1293 1359 1358
3 1294 1295 1360
3 1294 1360 1359
3 1295 1296 1361
3 1295 1361 1360
3 1296 1297 1362
3 1296 1362 1361
3 1297 1298 1363
3 1297 1363 1362
3 1298 1299 1364
3 1298 1364 1363
3 1300 1301 1366
3 1300 1366 1365
3 1301 1302 1367
3 1301 1367 1366
3 1302 1303 1368
3 1302 1368 1367
3 1303 1304 1369
3 1303 1369 1368
3 1304 1305 1370
3 1304 1370 1369
3 1305 1306 1371
3 1305 1371 1370
3 1306 1307 1372
3 1306 1372 1371
3 1307 1308 1373
3 1307 1373 1372
3 1308 1309 1374
3 1308 1374 1373
3 1309 1310 1375
3 1309 1375 1374
3 1310 1311 1376
3 1310 1376 1375
3 1311 1312 1377
3 1311 1377 1376
3 1312 1313 1378
3 1312 1378 1377
3 1313 1314 1379
3 1313 1379 1378
3 1314 1315 1380
3 1314 1380 1379
3 1315 1316 1381
3 1315 1381 1380
3 1316 1317 1382
3 1316 1382 1381
3 1317 1318 1383
3 1317 1383 1382
3 1318 1319 1384
3 1318 1384 1383
3 1319 1320 1385
3 1319 1385 1384
3 1320 1321 1386
3 1320 1386 1385
3 1321 1322 1387
3 1321 1387 1386
3 1322 1323 1388
3 1322 1388 1387
3 1323 1324 1389
3 1323 1389 1388
3 1324 1325 1390
3 1324 1390 1389
3 1325 1326 1391
3 1325 1391 1390
3 1326 1327 1392
3 1326 1392 1391
3 1327 1328 1393
3 1327 1393 1392
3 1328 1329 1394
3 1328 1394 1393
3 1329 1330 1395
3 1329 1395 1394
3 1330 1331 1396
3 1330 1396 1395
3 1331 1332 1397
3 1331 1397 1396
3 1332 1333 1398
3 1332 1398 1397
3 1333 1334 1399
3 1333 1399 1398
3 1334 1335 1400
3 1334 1400 1399
3 1335 1336 1401
3 1335 1401 1400
3 1336 1337 1402
3 1336 1402 1401
3 1337 1338 1403
3 1337 1403 1402
3 1338 1339 1404
3 1338 1404 1403
3 1339 1340 1405
3 1339 1405 1404
3 1340 1341 1406
3 1340 1406 1405
3 1341 1342 1407
3 1341 1407 1406
3 1342 1343 1408
3 1342 1408 1407
3 1343 1344 1409
3 1343 1409 1408
3 1344 1345 1410
3 1344 1410 1409
3 1345 1346 1411
3 1345 1411 1410
3 1346 1347 1412
3 1346 1412 1411
3 1347 1348 1413
3 1347 1413 1412
3 1348 1349 1414
3 1348 1414 1413
3 1349 1350 1415
3 1349 1415 1414
3 1350 1351 1416
3 1350 1416 1415
3 1351 1352 1417
3 1351 1417 1416
3 1352 1353 1418
3 1352 1418 1417
3 1353 1354 1419
3 1353 1419 1418
3 1354 1355 1420
3 1354 1420 1419
3 1355 1356 1421
3 1355 1421 1420
3 1356 1357 1422
3 1356 1422 1421
3 1357 1358 1423
3 1357 1423 1422
3 1358 1359 1424
3 1358 1424 1423
3 1359 1360 1425
3 1359 1425 1424
3 1360 1361 1426
3 1360 1426 1425
3 1361 1362 1427
3 1361 1427 1426
3 1362 1363 1428
3 1362 1428 1427
3 1363 1364 1429
3 1363 1429 1428
3 1365 1366 1431
3 1365 1431 1430
3 1366 1367 1432
3 1366 1432 1431
3 1367 1368 1433
3 1367 1433 1432
3 1368 1369 1434
3 1368 1434 1433
3 1369 1370 1435
3 1369 1435 1434
3 1370 1371 1436
3 1370 1436 1435
3 1371 1372 1437
3 1371 1437 1436
3 1372 1373 1438
3 1372 1438 1437
3 1373 1374 1439
3 1373 1439 1438
3 1374 1375 1440
3 1374 1440 1439
3 1375 1376 1441
3 1375 1441 1440
3 1376 1377 1442
3 1376 1442 1441
3 1377 1378 1443
3 1377 1443 1442
3 1378 1379 1444
3 1378 1444 1443
3 1379 1380 1445
3 1379 1445 1444
3 1380 1381 1446
3 1380 1446 1445
3 1381 1382 1447
3 1381 1447 1446
3 1382 1383 1448
3 1382 1448 1447
3 1383 1384 1449
3 1383 1449 1448
3 1384 1385 1450
3 1384 1450 1449
3 1385 1386 1451
3 1385 1451 1450
3 1386 1387 1452
3 1386 1452 1451
3 1387 1388 1453
3 1387 1453 1452
3 1388 1389 1454
3 1388 1454 1453
3 1389 1390 1455
3 1389 1455 1454
3 1390 1391 1456
3 1390 1456 1455
3 1391 1392 1457
3 1391 1457 1456
3 1392 1393 1458
3 1392 1458 1457
3 1393 1394 1459
3 1393 1459 1458
3 1394 1395 1460
3 1394 1460 1459
3 1395 1396 1461
3 1395 1461 1460
3 1396 1397 1462
3 1396 1462 1461
3 1397 1398 1463
3 1397 1463 1462
3 1398 1399 1464
3 1398 1464 1463
3 1399 1400 1465
3 1399 1465 1464
3 1400 1401 1466
3 1400 1466 1465
3 1401 1402 1467
3 1401 1467 1466
3 1402 1403 1468
3 1402 1468 1467
3 1403 1404 1469
3 1403 1469 1468
3 1404 1405 1470
3 1404 1470 1469
3 1405 1406 1471
3 1405 1471 1470
3 1406 1407 1472
3 1406 1472 1471
3 1407 1408 1473
3 1407 1473 1472
3 1408 1409 1474
3 1408 1474 1473
3 1409 1410 1475
3 1409 1475 1474
3 1410 1411 1476
3 1410 1476 1475
3 1411 1412 1477
3 1411 1477 1476
3 1412 1413 1478
3 1412 1478 1477
3 1413 1414 1479
3 1413 1479 1478
3 1414 1415 1480
3 1414 1480 1479
3 1415 1416 1481
3 1415 1481 1480
3 1416 1417 1482
3 1416 1482 1481
3 1417 1418 1483
3 1417 1483 1482
3 1418 1419 1484
3 1418 1484 1483
3 1419 1420 1485
3 1419 1485 1484
3 1420 1421 1486
3 1420 1486 1485
3 1421 1422 1487
3 1421 1487 1486
3 1422 1423 1488
3 1422 1488 1487
3 1423 1424 1489
3 1423 1489 1488
3 1424 1425 1490
3 1424 1490 1489
3 1425 1426 1491
3 1425 1491 1490
3 1426 1427 1492
3 1426 1492 1491
3 1427 1428 1493
3 1427 1493 1492
3 1428 1429 1494
3 1428 1494 1493
3 1430 1431 1496
3 1430 1496 1495
3 1431 1432 1497
3 1431 1497 1496
3 1432 1433 1498
3 1432 1498 1497
3 1433 1434 1499
3 1433 1499 1498
3 1434 1435 1500
3 1434 1500 1499
3 1435 1436 1501
3 1435 1501 1500
3 1436 1437 1502
3 1436 1502 1501
3 1437 1438 1503
3 1437 1503 1502
3 1438 1439 1504
3 1438 1504 1503
3 1439 1440 1505
3 1439 1505 1504
3 1440 1441 1506
3 1440 1506 1505
3 1441 1442 1507
3 1441 1507 1506
3 1442 1443 1508
3 1442 1508 1507
3 1443 1444 1509
3 1443 1509 1508
3 1444 1445 1510
3 1444 1510 1509
3 1445 1446 1511
3 1445 1511 1510
3 1446 1447 1512
3 1446 1512 1511
3 1447 1448 1513
3 1447 1513 1512
3 1448 1449 1514
3 1448 1514 1513
3 1449 1450 1515
3 1449 1515 1514
3 1450 1451 1516
3 1450 1516 1515
3 1451 1452 1517
3 1451 1517 1516
3 1452 1453 1518
3 1452 1518 1517
3 1453 1454 1519
3 1453 1519 1518
3 1454 1455 1520
3 1454 1520 1519
3 1455 1456 1521
3 1455 1521 1520
3 1456 1457 1522
3 1456 1522 1521
3 1457 1458 1523
3 1457 1523 1522
3 1458 1459 1524
3 1458 1524 1523
3 1459 1460 1525
3 1459 1525 1524
3 1460 1461 1526
3 1460 1526 1525
3 1461 1462 1527
3 1461 1527 1526
3 1462 1463 1528
3 1462 1528 1527
3 1463 1464 1529
3 1463 1529 1528
3 1464 1465 1530
3 1464 1530 1529
3 1465 1466 1531
3 1465 1531 1530
3 1466 1467 1532
3 1466 1532 1531
3 1467 1468 1533
3 1467 1533 1532
3 1468 1469 1534
3 1468 1534 1533
3 1469 1470 1535
3 1469 1535 1534
3 1470 1471 1536
3 1470 1536 1535
3 1471 1472 1537
3 1471 1537 1536
3 1472 1473 1538
3 1472 1538 1537
3 1473 1474 1539
3 1473 1539 1538
3 1474 1475 1540
3 1474 1540 1539
3 1475 1476 1541
3 1475 1541 1540
3 1476 1477 1542
3 1476 1542 1541
3 1477 1478 1543
3 1477 1543 1542
3 1478 1479 1544
3 1478 1544 1543
3 1479 1480 1545
3 1479 1545 1544
3 1480 1481 1546
3 1480 1546 1545
3 1481 1482 1547
3 1481 1547 1546
3 1482 1483 1548
3 1482 1548 1547
3 1483 1484 1549
3 1483 1549 1548
3 1484 1485 1550
3 1484 1550 1549
3 1485 1486 1551
3 1485 1551 1550
3 1486 1487 1552
3 1486 1552 1551
3 1487 1488 1553
3 1487 1553 1552
3 1488 1489 1554
3 1488 1554 1553
3 1489 1490 1555
3 1489 1555 1554
3 1490 1491 1556
3 1490 1556 1555
3 1491 1492 1557
3 1491 1557 1556
3 1492 1493 1558
3 1492 1558 1557
3 1493 1494 1559
3 1493 1559 1558
3 1495 1496 1561
3 1495 1561 1560
3 1496 1497 1562
3 1496 1562 1561
3 1497 1498 1563
3 1497 1563 1562
3 1498 1499 1564
3 1498 1564 1563
3 1499 1500 1565
3 1499 1565 1564
3 1500 1501 1566
3 1500 1566 1565
3 1501 1502 1567
3 1501 1567 1566
3 1502 1503 1568
3 1502 1568 1567
3 1503 1504 1569
3 1503 1569 1568
3 1504 1505 1570
3 1504 1570 1569
3 1505 1506 1571
3 1505 1571 1570
3 1506 1507 1572
3 1506 1572 1571
3 1507 1508 1573
3 1507 1573 1572
3 1508 1509 1574
3 1508 1574 1573
3 1509 1510 1575
3 1509 1575 1574
3 1510 1511 1576
3 1510 1576 1575
3 1511 1512 1577
3 1511 1577 1576
3 1512 1513 1578
3 1512 1578 1577
3 1513 1514 1579
3 1513 1579 1578
3 1514 1515 1580
3 1514 1580 1579
3 1515 1516 1581
3 1515 1581 1580
3 1516 1517 1582
3 1516 1582 1581
3 1517 1518 1583
3 1517 1583 1582
3 1518 1519 1584
3 1518 1584 1583
3 1519 1520 1585
3 1519 1585 1584
3 1520 1521 1586
3 1520 1586 1585
3 1521 1522 1587
3 1521 1587 1586
3 1522 1523 1588
3 1522 1588 1587
3 1523 1524 1589
3 1523 1589 1588
3 1524 1525 1590
3 1524 1590 1589
3 1525 1526 1591
3 1525 1591 1590
3 1526 1527 1592
3 1526 1592 1591
3 1527 1528 1593
3 1527 1593 1592
3 1528 1529 1594
3 1528 1594 1593
3 1529 1530 1595
3 1529 1595 1594
3 1530 1531 1596
3 1530 1596 1595
3 1531 1532 1597
3 1531 1597 1596
3 1532 1533 1598
3 1532 1598 1597
3 1533 1534 1599
3 1533 1599 1598
3 1534 1535 1600
3 1534 1600 1599
3 1535 1536 1601
3 1535 1601 1600
3 1536 1537 1602
3 1536 1602 1601
3 1537 1538 1603
3 1537 1603 1602
3 1538 1539 1604
3 1538 1604 1603
3 1539 1540 1605
3 1539 1605 1604
3 1540 1541 1606
3 1540 1606 1605
3 1541 1542 1607
3 1541 1607 1606
3 1542 1543 1608
3 1542 1608 1607
3 1543 1544 1609
3 1543 1609 1608
3 1544 1545 1610
3 1544 1610 1609
3 1545 1546 1611
3 1545 1611 1610
3 1546 1547 1612
3 1546 1612 1611
3 1547 1548 1613
3 1547 1613 1612
3 1548 1549 1614
3 1548 1614 1613
3 1549 1550 1615
3 1549 1615 1614
3 1550 1551 1616
3 1550 1616 1615
3 1551 1552 1617
3 1551 1617 1616
3 1552 1553 1618
3 1552 1618 1617
3 1553 1554 1619
3 1553 1619 1618
3 1554 1555 1620
3 1554 1620 1619
3 1555 1556 1621
3 1555 1621 1620
3 1556 1557 1622
3 1556 1622 1621
3 1557 1558 1623
3 1557 1623 1622
3 1558 1559 1624
3 1558 1624 1623
3 1560 1561 1626
3 1560 1626 1625
3 1561 1562 1627
3 1561 1627 1626
3 1562 1563 1628
3 1562 1628 1627
3 1563 1564 1629
3 1563 1629 1628
3 1564 1565 1630
3 1564 1630 1629
3 1565 1566 1631
3 1565 1631 1630
3 1566 1567 1632
3 1566 1632 1631
3 1567 1568 1633
3 1567 1633 1632
3 1568 1569 1634
3 1568 1634 1633
3 1569 1570 1635
3 1569 1635 1634
3 1570 1571 1636
3 1570 1636 1635
3 1571 1572 1637
3 1571 1637 1636
3 1572 1573 1638
3 1572 1638 1637
3 1573 1574 1639
3 1573 1639 1638
3 1574 1575 1640
3 1574 1640 1639
3 1575 1576 1641
3 1575 1641 1640
3 1576 1577 1642
3 1576 1642 1641
3 1577 1578 1643
3 1577 1643 1642
3 1578 1579 1644
3 1578 1644 1643
3 1579 1580 1645
3 1579 1645 1644
3 1580 1581 1646
3 1580 1646 1645
3 1581 1582 1647
3 1581 1647 1646
3 1582 1583 1648
3 1582 1648 1647
3 1583 1584 1649
3 1583 1649 1648
3 1584 1585 1650
3 1584 1650 1649
3 1585 1586 1651
3 1585 1651 1650
3 1586 1587 1652
3 1586 1652 1651
3 1587 1588 1653
3 1587 1653 1652
3 1588 1589 1654
3 1588 1654 1653
3 1589 1590 1655
3 1589 1655 1654
3 1590 1591 1656
3 1590 1656 1655
3 1591 1592 1657
3 1591 1657 1656
3 1592 1593 1658
3 1592 1658 1657
3 1593 1594 1659
3 1593 1659 1658
3 1594 1595 1660
3 1594 1660 1659
3 1595 1596 1661
3 1595 1661 1660
3 1596 1597 1662
3 1596 1662 1661
3 1597 1598 1663
3 1597 1663 1662
3 1598 1599 1664
3 1598 1664 1663
3 1599 1600 1665
3 1599 1665 1664
3 1600 1601 1666
3 1600 1666 1665
3 1601 1602 1667
3 1601 1667 1666
3 1602 1603 1668
3 1602 1668 1667
3 1603 1604 1669
3 1603 1669 1668
3 1604 1605 1670
3 1604 1670 1669
3 1605 1606 1671
3 1605 1671 1670
3 1606 1607 1672
3 1606 1672 1671
3 1607 1608 1673
3 1607 1673 1672
3 1608 1609 1674
3 1608 1674 1673
3 1609 1610 1675
3 1609 1675 1674
3 1610 1611 1676
3 1610 1676 1675
3 1611 1612 1677
3 1611 1677 1676
3 1612 1613 1678
3 1612 1678 1677
3 1613 1614 1679
3 1613 1679 1678
3 1614 1615 1680
3 1614 1680 1679
3 1615 1616 1681
3 1615 1681 1680
3 1616 1617 1682
3 1616 1682 1681
3 1617 1618 1683
3 1617 1683 1682
3 1618 1619 1684
3 1618 1684 1683
3 1619 1620 1685
3 1619 1685 1684
3 1620 1621 1686
3 1620 1686 1685
3 1621 1622 1687
3 1621 1687 1686
3 1622 1623 1688
3 1622 1688 1687
3 1623 1624 1689
3 1623 1689 1688
3 1625 1626 1691
3 1625 1691 1690
3 1626 1627 1692
3 1626 1692 1691
3 1627 1628 1693
3 1627 1693 1692
3 1628 1629 1694
3 1628 1694 1693
3 1629 1630 1695
3 1629 1695 1694
3 1630 1631 1696
3 1630 1696 1695
3 1631 1632 1697
3 1631 1697 1696
3 1632 1633 1698
3 1632 1698 1697
3 1633 1634 1699
3 1633 1699 1698
3 1634 1635 1700
3 1634 1700 1699
3 1635 1636 1701
3 1635 1701 1700
3 1636 1637 1702
3 1636 1702 1701
3 1637 1638 1703
3 1637 1703 1702
3 1638 1639 1704
3 1638 1704 1703
3 1639 1640 1705
3 1639 1705 1704
3 1640 1641 1706
3 1640 1706 1705
3 1641 1642 1707
3 1641 1707 1706
3 1642 1643 1708
3 1642 1708 1707
3 1643 1644 1709
3 1643 1709 1708
3 1644 1645 1710
3 1644 1710 1709
3 1645 1646 1711
3 1645 1711 1710
3 1646 1647 1712
3 1646 1712 1711
3 1647 1648 1713
3 1647 1713 1712
3 1648 1649 1714
3 1648 1714 1713
3 1649 1650 1715
3 1649 1715 1714
3 1650 1651 1716
3 1650 1716 1715
3 1651 1652 1717
3 1651 1717 1716
3 1652 1653 1718
3 1652 1718 1717
3 1653 1654 1719
3 1653 1719 1718
3 1654 1655 1720
3 1654 1720 1719
3 1655 1656 1721
3 1655 1721 1720
3 1656 1657 1722
3 1656 1722 1721
3 1657 1658 1723
3 1657 1723 1722
3 1658 1659 1724
3 1658 1724 1723
3 1659 1660 1725
3 1659 1725 1724
3 1660 1661 1726
3 1660 1726 1725
3 1661 1662 1727
3 1661 1727 1726
3 1662 1663 1728
3 1662 1728 1727
3 1663 1664 1729
3 1663 1729 1728
3 1664 1665 1730
3 1664 1730 1729
3 1665 1666 1731
3 1665 1731 1730
3 1666 1667 1732
3 1666 1732 1731
3 1667 1668 1733
3 1667 1733 1732
3 1668 1669 1734
3 1668 1734 1733
3 1669 1670 1735
3 1669 1735 1734
3 1670 1671 1736
3 1670 1736 1735
3 1671 1672 1737
3 1671 1737 1736
3 1672 1673 1738
3 1672 1738 1737
3 1673 1674 1739
3 1673 1739 1738
3 1674 1675 1740
3 1674 1740 1739
3 1675 1676 1741
3 1675 1741 1740
3 1676 1677 1742
3 1676 1742 1741
3 1677 1678 1743
3 1677 1743 1742
3 1678 1679 1744
3 1678 1744 1743
3 1679 1680 1745
3 1679 1745 1744
3 1680 1681 1746
3 1680 1746 1745
3 1681 1682 1747
3 1681 1747 1746
3 1682 1683 1748
3 1682 1748 1747
3 1683 1684 1749
3 1683 1749 1748
3 1684 1685 1750
3 1684 1750 1749
3 1685 1686 1751
3 1685 1751 1750
3 1686 1687 1752
3 1686 1752 1751
3 1687 1688 1753
3 1687 1753 1752
3 1688 1689 1754
3 1688 1754 1753
3 1690 1691 1756
3 1690 1756 1755
3 1691 1692 1757
3 1691 1757 1756
3 1692 1693 1758
3 1692 1758 1757
3 1693 1694 1759
3 1693 1759 1758
3 1694 1695 1760
3 1694 1760 1759
3 1695 1696 1761
3 1695 1761 1760
3 1696 1697 1762
3 1696 1762 1761
3 1697 1698 1763
3 1697 1763 1762
3 1698 1699 1764
3 1698 1764 1763
3 1699 1700 1765
3 1699 1765 1764
3 1700 1701 1766
3 1700 1766 1765
3 1701 1702 1767
3 1701 1767 1766
3 1702 1703 1768
3 1702 1768 1767
3 1703 1704 1769
3 1703 1769 1768
3 1704 1705 1770
3 1704 1770 1769
3 1705 1706 1771
3 1705 1771 1770
3 1706 1707 1772
3 1706 1772 1771
3 1707 1708 1773
3 1707 1773 1772
3 1708 1709 1774
3 1708 1774 1773
3 1709 1710 1775
3 1709 1775 1774
3 1710 1711 1776
3 1710 1776 1775
3 1711 1712 1777
3 1711 1777 1776
3 1712 1713 1778
3 1712 1778 1777
3 1713 1714 1779
3 1713 1779 1778
3 1714 1715 1780
3 1714 1780 1779
3 1715 1716 1781
3 1715 1781 1780
3 1716 1717 1782
3 1716 1782 1781
3 1717 1718 1783
3 1717 1783 1782
3 1718 1719 1784
3 1718 1784 1783
3 1719 1720 1785
3 1719 1785 1784
3 1720 1721 1786
3 1720 1786 1785
3 1721 1722 1787
3 1721 1787 1786
3 1722 1723 1788
3 1722 1788 1787
3 1723 1724 1789
3 1723 1789 1788
3 1724 1725 1790
3 1724 1790 1789
3 1725 1726 1791
3 1725 1791 1790
3 1726 1727 1792
3 1726 1792 1791
3 1727 1728 1793
3 1727 1793 1792
3 1728 1729 1794
3 1728 1794 1793
3 1729 1730 1795
3 1729 1795 1794
3 1730 1731 1796
3 1730 1796 1795
3 1731 1732 1797
3 1731 1797 1796
3 1732 1733 1798
3 1732 1798 1797
3 1733 1734 1799
3 1733 1799 1798
3 1734 1735 1800
3 1734 1800 1799
3 1735 1736 1801
3 1735 1801 1800
3 1736 1737 1802
3 1736 1802 1801
3 1737 1738 1803
3 1737 1803 1802
3 1738 1739 1804
3 1738 1804 1803
3 1739 1740 1805
3 1739 1805 1804
3 1740 1741 1806
3 1740 1806 1805
3 1741 1742 1807
3 1741 1807 1806
3 1742 1743 1808
3 1742 1808 1807
3 1743 1744 1809
3 1743 1809 1808
3 1744 1745 1810
3 1744 1810 1809
3 1745 1746 1811
3 1745 1811 1810
3 1746 1747 1812
3 1746 1812 1811
3 1747 1748 1813
3 1747 1813 1812
3 1748 1749 1814
3 1748 1814 1813
3 1749 1750 1815
3 1749 1815 1814
3 1750 1751 1816
3 1750 1816 1815
3 1751 1752 1817
3 1751 1817 1816
3 1752 1753 1818
3 1752 1818 1817
3 1753 1754 1819
3 1753 1819 1818
3 1755 1756 1821
3 1755 1821 1820
3 1756 1757 1822
3 1756 1822 1821
3 1757 1758 1823
3 1757 1823 1822
3 1758 1759 1824
3 1758 1824 1823
3 1759 1760 1825
3 1759 1825 1824
3 1760 1761 1826
3 1760 1826 1825
3 1761 1762 1827
3 1761 1827 1826
3 1762 1763 1828
3 1762 1828 1827
3 1763 1764 1829
3 1763 1829 1828
3 1764 1765 1830
3 1764 1830 1829
3 1765 1766 1831
3 1765 1831 1830
3 1766 1767 1832
3 1766 1832 1831
3 1767 1768 1833
3 1767 1833 1832
3 1768 1769 1834
3 1768 1834 1833
3 1769 1770 1835
3 1769 1835 1834
3 1770 1771 1836
3 1770 1836 1835
3 1771 1772 1837
3 1771 1837 1836
3 1772 1773 1838
3 1772 1838 1837
3 1773 1774 1839
3 1773 1839 1838
3 1774 1775 1840
3 1774 1840 1839
3 1775 1776 1841
3 1775 1841 1840
3 1776 1777 1842
3 1776 1842 1841
3 1777 1778 1843
3 1777 1843 1842
3 1778 1779 1844
3 1778 1844 1843
3 1779 1780 1845
3 1779 1845 1844
3 1780 1781 1846
3 1780 1846 1845
3 1781 1782 1847
3 1781 1847 1846
3 1782 1783 1848
3 1782 1848 1847
3 1783 1784 1849
3 1783 1849 1848
3 1784 1785 1850
3 1784 1850 1849
3 1785 1786 1851
3 1785 1851 1850
3 1786 1787 1852
3 1786 1852 1851
3 1787 1788 1853
3 1787 1853 1852
3 1788 1789 1854
3 1788 1854 1853
3 1789 1790 1855
3 1789 1855 1854
3 1790 1791 1856
3 1790 1856 1855
3 1791 1792 1857
3 1791 1857 1856
3 1792 1793 1858
3 1792 1858 1857
3 1793 1794 1859
3 1793 1859 1858
3 1794 1795 1860
3 1794 1860 1859
3 1795 1796 1861
3 1795 1861 1860
3 1796 1797 1862
3 1796 1862 1861
3 1797 1798 1863
3 1797 1863 1862
3 1798 1799 1864
3 1798 1864 1863
3 1799 1800 1865
3 1799 1865 1864
3 1800 1801 1866
3 1800 1866 1865
3 1801 1802 1867
3 1801 1867 1866
3 1802 1803 1868
3 1802 1868 1867
3 1803 1804 1869
3 1803 1869 1868
3 1804 1805 1870
3 1804 1870 1869
3 1805 1806 1871
3 1805 1871 1870
3 1806 1807 1872
3 1806 1872 1871
3 1807 1808 1873
3 1807 1873 1872
3 1808 1809 1874
3 1808 1874 1873
3 1809 1810 1875
3 1809 1875 1874
3 1810 1811 1876
3 1810 1876 1875
3 1811 1812 1877
3 1811 1877 1876
3 1812 1813 1878
3 1812 1878 1877
3 1813 1814 1879
3 1813 1879 1878
3 1814 1815 1880
3 1814 1880 1879
3 1815 1816 1881
3 1815 1881 1880
3 1816 1817 1882
3 1816 1882 1881
3 1817 1818 1883
3 1817 1883 1882
3 1818 1819 1884
3 1818 1884 1883
3 1820 1821 1886
3 1820 1886 1885
3 1821 1822 1887
3 1821 1887 1886
3 1822 1823 1888
3 1822 1888 1887
3 1823 1824 1889
3 1823 1889 1888
3 1824 1825 1890
3 1824 1890 1889
3 1825 1826 1891
3 1825 1891 1890
3 1826 1827 1892
3 1826 1892 1891
3 1827 1828 1893
3 1827 1893 1892
3 1828 1829 1894
3 1828 1894 1893
3 1829 1830 1895
3 1829 1895 1894
3 1830 1831 1896
3 1830 1896 1895
3 1831 1832 1897
3 1831 1897 1896
3 1832 1833 1898
3 1832 1898 1897
3 1833 1834 1899
3 1833 1899 1898
3 1834 1835 1900
3 1834 1900 1899
3 1835 1836 1901
3 1835 1901 1900
3 1836 1837 1902
3 1836 1902 1901
3 1837 1838 1903
3 1837 1903 1902
3 1838 1839 1904
3 1838 1904 1903
3 1839 1840 1905
3 1839 1905 1904
3 1840 1841 1906
3 1840 1906 1905
3 1841 1842 1907
3 1841 1907 1906
3 1842 1843 1908
3 1842 1908 1907
3 1843 1844 1909
3 1843 1909 1908
3 1844 1845 1910
3 1844 1910 1909
3 1845 1846 1911
3 1845 1911 1910
3 1846 1847 1912
3 1846 1912 1911
3 1847 1848 1913
3 1847 1913 1912
3 1848 1849 1914
3 1848 1914 1913
3 1849 1850 1915
3 1849 1915 1914
3 1850 1851 1916
3 1850 1916 1915
3 1851 1852 1917
3 1851 1917 1916
3 1852 1853 1918
3 1852 1918 1917
3 1853 1854 1919
3 1853 1919 1918
3 1854 1855 1920
3 1854 1920 1919
3 1855 1856 1921
3 1855 1921 1920
3 1856 1857 1922
3 1856 1922 1921
3 1857 1858 1923
3 1857 1923 1922
3 1858 1859 1924
3 1858 1924 1923
3 1859 1860 1925
3 1859 1925 1924
3 1860 1861 1926
3 1860 1926 1925
3 1861 1862 1927
3 1861 1927 1926
3 1862 1863 1928
3 1862 1928 1927
3 1863 1864 1929
3 1863 1929 1928
3 1864 1865 1930
3 1864 1930 1929
3 1865 1866 1931
3 1865 1931 1930
3 1866 1867 1932
3 1866 1932 1931
3 1867 1868 1933
3 1867 1933 1932
3 1868 1869 1934
3 1868 1934 1933
3 1869 1870 1935
3 1869 1935 1934
3 1870 1871 1936
3 1870 1936 1935
3 1871 1872 1937
3 1871 1937 1936
3 1872 1873 1938
3 1872 1938 1937
3 1873 1874 1939
3 1873 1939 1938
3 1874 1875 1940
3 1874 1940 1939
3 1875 1876 1941
3 1875 1941 1940
3 1876 1877 1942
3 1876 1942 1941
3 1877 1878 1943
3 1877 1943 1942
3 1878 1879 1944
3 1878 1944 1943
3 1879 1880 1945
3 1879 1945 1944
3 1880 1881 1946
3 1880 1946 1945
3 1881 1882 1947
3 1881 1947 1946
3 1882 1883 1948
3 1882 1948 1947
3 1883 1884 1949
3 1883 1949 1948
3 1885 1886 1951
3 1885 1951 1950
3 1886 1887 1952
3 1886 1952 1951
3 1887 1888 1953
3 1887 1953 1952
3 1888 1889 1954
3 1888 1954 1953
3 1889 1890 1955
3 1889 1955 1954
3 1890 1891 1956
3 1890 1956 1955
3 1891 1892 1957
3 1891 1957 1956
3 1892 1893 1958
3 1892 1958 1957
3 1893 1894 1959
3 1893 1959 1958
3 1894 1895 1960
3 1894 1960 1959
3 1895 1896 1961
3 1895 1961 1960
3 1896 1897 1962
3 1896 1962 1961
3 1897 1898 1963
3 1897 1963 1962
3 1898 1899 1964
3 1898 1964 1963
3 1899 1900 1965
3 1899 1965 1964
3 1900 1901 1966
3 1900 1966 1965
3 1901 1902 1967
3 1901 1967 1966
3 1902 1903 1968
3 1902 1968 1967
3 1903 1904 1969
3 1903 1969 1968
3 1904 1905 1970
3 1904 1970 1969
3 1905 1906 1971
3 1905 1971 1970
3 1906 1907 1972
3 1906 1972 1971
3 1907 1908 1973
3 1907 1973 1972
3 1908 1909 1974
3 1908 1974 1973
3 1909 1910 1975
3 1909 1975 1974
3 1910 1911 1976
3 1910 1976 1975
3 1911 1912 1977
3 1911 1977 1976
3 1912 1913 1978
3 1912 1978 1977
3 1913 1914 1979
3 1913 1979 1978
3 1914 1915 1980
3 1914 1980 1979
3 1915 1916 1981
3 1915 1981 1980
3 1916 1917 1982
3 1916 1982 1981
3 1917 1918 1983
3 1917 1983 1982
3 1918 1919 1984
3 1918 1984 1983
3 1919 1920 1985
3 1919 1985 1984
3 1920 1921 1986
3 1920 1986 1985
3 1921 1922 1987
3 1921 1987 1986
3 1922 1923 1988
3 1922 1988 1987
3 1923 1924 1989
3 1923 1989 1988
3 1924 1925 1990
3 1924 1990 1989
3 1925 1926 1991
3 1925 1991 1990
3 1926 1927 1992
3 1926 1992 1991
3 1927 1928 1993
3 1927 1993 1992
3 1928 1929 1994
3 1928 1994 1993
3 1929 1930 1995
3 1929 1995 1994
3 1930 1931 1996
3 1930 1996 1995
3 1931 1932 1997
3 1931 1997 1996
3 1932 1933 1998
3 1932 1998 1997
3 1933 1934 1999
3 1933 1999 1998
3 1934 1935 2000
3 1934 2000 1999
3 1935 1936 2001
3 1935 2001 2000
3 1936 1937 2002
3 1936 2002 2001
3 1937 1938 2003
3 1937 2003 2002
3 1938 1939 2004
3 1938 2004 2003
3 1939 1940 2005
3 1939 2005 2004
3 1940 1941 2006
3 1940 2006 2005
3 1941 1942 2007
3 1941 2007 2006
3 1942 1943 2008
3 1942 2008 2007
3 1943 1944 2009
3 1943 2009 2008
3 1944 1945 2010
3 1944 2010 2009
3 1945 1946 2011
3 1945 2011 2010
3 1946 1947 2012
3 1946 2012 2011
3 1947 1948 2013
3 1947 2013 2012
3 1948 1949 2014
3 1948 2014 2013
3 1950 1951 2016
3 1950 2016 2015
3 1951 1952 2017
3 1951 2017 2016
3 1952 1953 2018
3 1952 2018 2017
3 1953 1954 2019
3 1953 2019 2018
3 1954 1955 2020
3 1954 2020 2019
3 1955 1956 2021
3 1955 2021 2020
3 1956 1957 2022
3 1956 2022 2021
3 1957 1958 2023
3 1957 2023 2022
3 1958 1959 2024
3 1958 2024 2023
3 1959 1960 2025
3 1959 2025 2024
3 1960 1961 2026
3 1960 2026 2025
3 1961 1962 2027
3 1961 2027 2026
3 1962 1963 2028
3 1962 2028 2027
3 1963 1964 2029
3 1963 2029 2028
3 1964 1965 2030
3 1964 2030 2029
3 1965 1966 2031
3 1965 2031 2030
3 1966 1967 2032
3 1966 2032 2031
3 1967 1968 2033
3 1967 2033 2032
3 1968 1969 2034
3 1968 2034 2033
3 1969 1970 2035
3 1969 2035 2034
3 1970 1971 2036
3 1970 2036 2035
3 1971 1972 2037
3 1971 2037 2036
3 1972 1973 2038
3 1972 2038 2037
3 1973 1974 2039
3 1973 2039 2038
3 1974 1975 2040
3 1974 2040 2039
3 1975 1976 2041
3 1975 2041 2040
3 1976 1977 2042
3 1976 2042 2041
3 1977 1978 2043
3 1977 2043 2042
3 1978 1979 2044
3 1978 2044 2043
3 1979 1980 2045
3 1979 2045 2044
3 1980 1981 2046
3 1980 2046 2045
3 1981 1982 2047
3 1981 2047 2046
3 1982 1983 2048
3 1982 2048 2047
3 1983 1984 2049
3 1983 2049 2048
3 1984 1985 2050
3 1984 2050 2049
3 1985 1986 2051
3 1985 2051 2050
3 1986 1987 2052
3 1986 2052 2051
3 1987 1988 2053
3 1987 2053 2052
3 1988 1989 2054
3 1988 2054 2053
3 1989 1990 2055
3 1989 2055 2054
3 1990 1991 2056
3 1990 2056 2055
3 1991 1992 2057
3 1991 2057 2056
3 1992 1993 2058
3 1992 2058 2057
3 1993 1994 2059
3 1993 2059 2058
3 1994 1995 2060
3 1994 2060 2059
3 1995 1996 2061
3 1995 2061 2060
3 1996 1997 2062
3 1996 2062 2061
3 1997 1998 2063
3 1997 2063 2062
3 1998 1999 2064
3 1998 2064 2063
3 1999 2000 2065
3 1999 2065 2064
3 2000 2001 2066
3 2000 2066 2065
3 2001 2002 2067
3 2001 2067 2066
3 2002 2003 2068
3 2002 2068 2067
3 2003 2004 2069
3 2003 2069 2068
3 2004 2005 2070
3 2004 2070 2069
3 2005 2006 2071
3 2005 2071 2070
3 2006 2007 2072
3 2006 2072 2071
3 2007 2008 2073
3 2007 2073 2072
3 2008 2009 2074
3 2008 2074 2073
3 2009 2010 2075
3 2009 2075 2074
3 2010 2011 2076
3 2010 2076 2075
3 2011 2012 2077
3 2011 2077 2076
3 2012 2013 2078
3 2012 2078 2077
3 2013 2014 2079
3 2013 2079 2078
3 2015 2016 2081
3 2015 2081 2080
3 2016 2017 2082
3 2016 2082 2081
3 2017 2018 2083
3 2017 2083 2082
3 2018 2019 2084
3 2018 2084 2083
3 2019 2020 2085
3 2019 2085 2084
3 2020 2021 2086
3 2020 2086 2085
3 2021 2022 2087
3 2021 2087 2086
3 2022 2023 2088
3 2022 2088 2087
3 2023 2024 2089
3 2023 2089 2088
3 2024 2025 2090
3 2024 2090 2089
3 2025 2026 2091
3 2025 2091 2090
3 2026 2027 2092
3 2026 2092 2091
3 2027 2028 2093
3 2027 2093 2092
3 2028 2029 2094
3 2028 2094 2093
3 2029 2030 2095
3 2029 2095 2094
3 2030 2031 2096
3 2030 2096 2095
3 2031 2032 2097
3 2031 2097 2096
3 2032 2033 2098
3 2032 2098 2097
3 2033 2034 2099
3 2033 2099 2098
3 2034 2035 2100
3 2034 2100 2099
3 2035 2036 2101
3 2035 2101 2100
3 2036 2037 2102
3 2036 2102 2101
3 2037 2038 2103
3 2037 2103 2102
3 2038 2039 2104
3 2038 2104 2103
3 2039 2040 2105
3 2039 2105 2104
3 2040 2041 2106
3 2040 2106 2105
3 2041 2042 2107
3 2041 2107 2106
3 2042 2043 2108
3 2042 2108 2107
3 2043 2044 2109
3 2043 2109 2108
3 2044 2045 2110
3 2044 2110 2109
3 2045 2046 2111
3 2045 2111 2110
3 2046 2047 2112
3 2046 2112 2111
3 2047 2048 2113
3 2047 2113 2112
3 2048 2049 2114
3 2048 2114 2113
3 2049 2050 2115
3 2049 2115 2114
3 2050 2051 2116
3 2050 2116 2115
3 2051 2052 2117
3 2051 2117 2116
3 2052 2053 2118
3 2052 2118 2117
3 2053 2054 2119
3 2053 2119 2118
3 2054 2055 2120
3 2054 2120 2119
3 2055 2056 2121
3 2055 2121 2120
3 2056 2057 2122
3 2056 2122 2121
3 2057 2058 2123
3 2057 2123 2122
3 2058 2059 2124
3 2058 2124 2123
3 2059 2060 2125
3 2059 2125 2124
3 2060 2061 2126
3 2060 2126 2125
3 2061 2062 2127
3 2061 2127 2126
3 2062 2063 2128
3 2062 2128 2127
3 2063 2064 2129
3 2063 2129 2128
3 2064 2065 2130
3 2064 2130 2129
3 2065 2066 2131
3 2065 2131 2130
3 2066 2067 2132
3 2066 2132 2131
3 2067 2068 2133
3 2067 2133 2132
3 2068 2069 2134
3 2068 2134 2133
3 2069 2070 2135
3 2069 2135 2134
3 2070 2071 2136
3 2070 2136 2135
3 2071 2072 2137
3 2071 2137 2136
3 2072 2073 2138
3 2072 2138 2137
3 2073 2074 2139
3 2073 2139 2138
3 2074 2075 2140
3 2074 2140 2139
3 2075 2076 2141
3 2075 2141 2140
3 2076 2077 2142
3 2076 2142 2141
3 2077 2078 2143
3 2077 2143 2142
3 2078 2079 2144
3 2078 2144 2143
