  0
SECTION
  2
HEADER
  9
$ACADVER
  1
AC1009
  0
ENDSEC
  0
SECTION
  2
BLOCKS
  0
BLOCK
  8
1
  2
3_M
  70
64
  10
0
  20
0
  0
POLYLINE
  8
1
  66
1
  70
1
  250
0
  0
VERTEX
  8
1
  10
-217.117203
  20
1338.342896
  0
VERTEX
  8
1
  10
-208.835648
  20
1339.539307
  0
VERTEX
  8
1
  10
-200.697159
  20
1341.490234
  0
VERTEX
  8
1
  10
-192.841812
  20
1344.364746
  0
VERTEX
  8
1
  10
-185.437576
  20
1348.263916
  0
VERTEX
  8
1
  10
-178.415298
  20
1352.814575
  0
VERTEX
  8
1
  10
-172.038361
  20
1358.229004
  0
VERTEX
  8
1
  10
-166.357452
  20
1364.372925
  0
VERTEX
  8
1
  10
-161.387177
  20
1371.103027
  0
VERTEX
  8
1
  10
-157.384369
  20
1378.450439
  0
VERTEX
  8
1
  10
-154.153229
  20
1386.169556
  0
VERTEX
  8
1
  10
-152.342682
  20
1391.491699
  0
VERTEX
  8
1
  10
-150.763092
  20
1396.884277
  0
VERTEX
  8
1
  10
-149.387787
  20
1402.335327
  0
VERTEX
  8
1
  10
-147.117157
  20
1413.342896
  0
VERTEX
  8
1
  10
-50.382721
  20
1372.182861
  0
VERTEX
  8
1
  10
-55.188309
  20
1359.184082
  0
VERTEX
  8
1
  10
-59.371475
  20
1345.970703
  0
VERTEX
  8
1
  10
-62.858170
  20
1332.558105
  0
VERTEX
  8
1
  10
-65.922562
  20
1319.041260
  0
VERTEX
  8
1
  10
-67.114075
  20
1312.216797
  0
VERTEX
  8
1
  10
-68.083069
  20
1305.356567
  0
VERTEX
  8
1
  10
-69.367920
  20
1291.557129
  0
VERTEX
  8
1
  10
-70.110779
  20
1280.712891
  0
VERTEX
  8
1
  10
-70.225342
  20
1277.723389
  0
VERTEX
  8
1
  10
-70.240356
  20
1270.797241
  0
VERTEX
  8
1
  10
-70.012634
  20
1263.874023
  0
VERTEX
  8
1
  10
-69.601547
  20
1256.955688
  0
VERTEX
  8
1
  10
-68.930710
  20
1250.060547
  0
VERTEX
  8
1
  10
-68.035446
  20
1243.171387
  0
VERTEX
  8
1
  10
-66.645004
  20
1236.394165
  0
VERTEX
  8
1
  10
-64.539597
  20
1229.781494
  0
VERTEX
  8
1
  10
-61.640732
  20
1223.519287
  0
VERTEX
  8
1
  10
-57.796677
  20
1217.747314
  0
VERTEX
  8
1
  10
-53.113205
  20
1212.657593
  0
VERTEX
  8
1
  10
-47.636505
  20
1208.439453
  0
VERTEX
  8
1
  10
-41.547760
  20
1205.142944
  0
VERTEX
  8
1
  10
-35.110443
  20
1202.826660
  0
VERTEX
  8
1
  10
-28.229156
  20
1201.500977
  0
VERTEX
  8
1
  10
-30.268036
  20
1184.577148
  0
VERTEX
  8
1
  10
-32.111603
  20
1167.635498
  0
VERTEX
  8
1
  10
-33.763504
  20
1150.670898
  0
VERTEX
  8
1
  10
-35.192825
  20
1133.690918
  0
VERTEX
  8
1
  10
-36.424881
  20
1116.690186
  0
VERTEX
  8
1
  10
-37.466797
  20
1099.680908
  0
VERTEX
  8
1
  10
-38.221497
  20
1082.650879
  0
VERTEX
  8
1
  10
-38.378113
  20
1069.836426
  0
VERTEX
  8
1
  10
-37.991928
  20
1057.027344
  0
VERTEX
  8
1
  10
-37.088120
  20
1044.243896
  0
VERTEX
  8
1
  10
-35.729050
  20
1031.500977
  0
VERTEX
  8
1
  10
7.532242
  20
849.591797
  0
VERTEX
  8
1
  10
-15.374557
  20
844.353149
  0
VERTEX
  8
1
  10
-36.289780
  20
840.714233
  0
VERTEX
  8
1
  10
-59.287582
  20
837.418335
  0
VERTEX
  8
1
  10
-82.388657
  20
834.985535
  0
VERTEX
  8
1
  10
-104.811386
  20
833.739136
  0
VERTEX
  8
1
  10
-127.275742
  20
833.050659
  0
VERTEX
  8
1
  10
-172.189743
  20
831.888550
  0
VERTEX
  8
1
  10
-217.116989
  20
831.500366
  0
VERTEX
  8
1
  10
-262.044250
  20
831.888550
  0
VERTEX
  8
1
  10
-306.958252
  20
833.050537
  0
VERTEX
  8
1
  10
-329.422607
  20
833.739014
  0
VERTEX
  8
1
  10
-351.845337
  20
834.985352
  0
VERTEX
  8
1
  10
-374.946411
  20
837.418213
  0
VERTEX
  8
1
  10
-397.944214
  20
840.714111
  0
VERTEX
  8
1
  10
-418.859436
  20
844.353027
  0
VERTEX
  8
1
  10
-441.766235
  20
849.591675
  0
VERTEX
  8
1
  10
-398.505066
  20
1031.500854
  0
VERTEX
  8
1
  10
-397.145996
  20
1044.243774
  0
VERTEX
  8
1
  10
-396.242188
  20
1057.027222
  0
VERTEX
  8
1
  10
-395.856018
  20
1069.836304
  0
VERTEX
  8
1
  10
-396.012634
  20
1082.650757
  0
VERTEX
  8
1
  10
-396.767456
  20
1099.680786
  0
VERTEX
  8
1
  10
-397.809387
  20
1116.690308
  0
VERTEX
  8
1
  10
-399.041443
  20
1133.691040
  0
VERTEX
  8
1
  10
-400.470764
  20
1150.671021
  0
VERTEX
  8
1
  10
-402.122711
  20
1167.635620
  0
VERTEX
  8
1
  10
-403.966278
  20
1184.577271
  0
VERTEX
  8
1
  10
-406.005157
  20
1201.501099
  0
VERTEX
  8
1
  10
-399.123871
  20
1202.826782
  0
VERTEX
  8
1
  10
-392.686432
  20
1205.142822
  0
VERTEX
  8
1
  10
-386.597687
  20
1208.439575
  0
VERTEX
  8
1
  10
-381.121033
  20
1212.657349
  0
VERTEX
  8
1
  10
-376.437561
  20
1217.747314
  0
VERTEX
  8
1
  10
-372.593506
  20
1223.519287
  0
VERTEX
  8
1
  10
-369.694641
  20
1229.781494
  0
VERTEX
  8
1
  10
-367.589233
  20
1236.393921
  0
VERTEX
  8
1
  10
-366.198792
  20
1243.171387
  0
VERTEX
  8
1
  10
-365.303528
  20
1250.060547
  0
VERTEX
  8
1
  10
-364.632812
  20
1256.955444
  0
VERTEX
  8
1
  10
-364.221741
  20
1263.874023
  0
VERTEX
  8
1
  10
-363.994019
  20
1270.796997
  0
VERTEX
  8
1
  10
-364.009033
  20
1277.723389
  0
VERTEX
  8
1
  10
-364.123596
  20
1280.712891
  0
VERTEX
  8
1
  10
-364.866455
  20
1291.557129
  0
VERTEX
  8
1
  10
-366.151306
  20
1305.356323
  0
VERTEX
  8
1
  10
-367.120300
  20
1312.216797
  0
VERTEX
  8
1
  10
-368.311829
  20
1319.041260
  0
VERTEX
  8
1
  10
-371.376221
  20
1332.558105
  0
VERTEX
  8
1
  10
-374.862915
  20
1345.970215
  0
VERTEX
  8
1
  10
-379.046082
  20
1359.184082
  0
VERTEX
  8
1
  10
-383.851715
  20
1372.182617
  0
VERTEX
  8
1
  10
-287.117157
  20
1413.342896
  0
VERTEX
  8
1
  10
-284.846649
  20
1402.335327
  0
VERTEX
  8
1
  10
-283.471344
  20
1396.884277
  0
VERTEX
  8
1
  10
-281.891754
  20
1391.491699
  0
VERTEX
  8
1
  10
-280.081207
  20
1386.169556
  0
VERTEX
  8
1
  10
-276.850067
  20
1378.450439
  0
VERTEX
  8
1
  10
-272.847260
  20
1371.103027
  0
VERTEX
  8
1
  10
-267.876984
  20
1364.372925
  0
VERTEX
  8
1
  10
-262.196075
  20
1358.229004
  0
VERTEX
  8
1
  10
-255.819107
  20
1352.814575
  0
VERTEX
  8
1
  10
-248.796829
  20
1348.263916
  0
VERTEX
  8
1
  10
-241.392593
  20
1344.364746
  0
VERTEX
  8
1
  10
-233.537247
  20
1341.490234
  0
VERTEX
  8
1
  10
-225.398758
  20
1339.539307
  0
SEQEND
  0
TEXT
  8
1
  10
-217.117203
  20
1338.342896
  40
0.250000
  50
0.000000
  1
# 9
  7
STANDARD
  0
TEXT
  8
1
  10
-147.117157
  20
1413.342896
  40
0.250000
  50
0.000000
  1
# 10
  7
STANDARD
  0
TEXT
  8
1
  10
-50.382721
  20
1372.182861
  40
0.250000
  50
0.000000
  1
# 11
  7
STANDARD
  0
TEXT
  8
1
  10
-28.229156
  20
1201.500977
  40
0.250000
  50
0.000000
  1
# 12
  7
STANDARD
  0
TEXT
  8
1
  10
-35.729050
  20
1031.500977
  40
0.250000
  50
0.000000
  1
# 13
  7
STANDARD
  0
TEXT
  8
1
  10
7.532242
  20
849.591797
  40
0.250000
  50
0.000000
  1
# 14
  7
STANDARD
  0
TEXT
  8
1
  10
-217.116989
  20
831.500366
  40
0.250000
  50
0.000000
  1
# 15
  7
STANDARD
  0
TEXT
  8
1
  10
-441.766235
  20
849.591675
  40
0.250000
  50
0.000000
  1
# 14
  7
STANDARD
  0
TEXT
  8
1
  10
-398.505066
  20
1031.500854
  40
0.250000
  50
0.000000
  1
# 13
  7
STANDARD
  0
TEXT
  8
1
  10
-406.005157
  20
1201.501099
  40
0.250000
  50
0.000000
  1
# 12
  7
STANDARD
  0
TEXT
  8
1
  10
-383.851715
  20
1372.182617
  40
0.250000
  50
0.000000
  1
# 11
  7
STANDARD
  0
TEXT
  8
1
  10
-287.117157
  20
1413.342896
  40
0.250000
  50
0.000000
  1
# 10
  7
STANDARD
  0
POINT
  8
2
  10
-217.117203
  20
1338.342896
  0
POINT
  8
2
  10
-147.117157
  20
1413.342896
  0
POINT
  8
2
  10
-50.382721
  20
1372.182861
  0
POINT
  8
2
  10
-28.229156
  20
1201.500977
  0
POINT
  8
2
  10
-35.729050
  20
1031.500977
  0
POINT
  8
2
  10
7.532242
  20
849.591797
  0
POINT
  8
2
  10
-217.116989
  20
831.500366
  0
POINT
  8
2
  10
-441.766235
  20
849.591675
  0
POINT
  8
2
  10
-398.505066
  20
1031.500854
  0
POINT
  8
2
  10
-406.005157
  20
1201.501099
  0
POINT
  8
2
  10
-383.851715
  20
1372.182617
  0
POINT
  8
2
  10
-287.117157
  20
1413.342896
  0
POINT
  8
3
  10
-208.835648
  20
1339.539307
  0
POINT
  8
3
  10
-200.697159
  20
1341.490234
  0
POINT
  8
3
  10
-192.841812
  20
1344.364746
  0
POINT
  8
3
  10
-185.437576
  20
1348.263916
  0
POINT
  8
3
  10
-178.415298
  20
1352.814575
  0
POINT
  8
3
  10
-172.038361
  20
1358.229004
  0
POINT
  8
3
  10
-166.357452
  20
1364.372925
  0
POINT
  8
3
  10
-161.387177
  20
1371.103027
  0
POINT
  8
3
  10
-157.384369
  20
1378.450439
  0
POINT
  8
3
  10
-154.153229
  20
1386.169556
  0
POINT
  8
3
  10
-152.342682
  20
1391.491699
  0
POINT
  8
3
  10
-150.763092
  20
1396.884277
  0
POINT
  8
3
  10
-149.387787
  20
1402.335327
  0
POINT
  8
3
  10
-55.188309
  20
1359.184082
  0
POINT
  8
3
  10
-59.371475
  20
1345.970703
  0
POINT
  8
3
  10
-62.858170
  20
1332.558105
  0
POINT
  8
3
  10
-65.922562
  20
1319.041260
  0
POINT
  8
3
  10
-67.114075
  20
1312.216797
  0
POINT
  8
3
  10
-68.083069
  20
1305.356567
  0
POINT
  8
3
  10
-69.367920
  20
1291.557129
  0
POINT
  8
3
  10
-70.110779
  20
1280.712891
  0
POINT
  8
3
  10
-70.225342
  20
1277.723389
  0
POINT
  8
3
  10
-70.240356
  20
1270.797241
  0
POINT
  8
3
  10
-70.012634
  20
1263.874023
  0
POINT
  8
3
  10
-69.601547
  20
1256.955688
  0
POINT
  8
3
  10
-68.930710
  20
1250.060547
  0
POINT
  8
3
  10
-68.035446
  20
1243.171387
  0
POINT
  8
3
  10
-66.645004
  20
1236.394165
  0
POINT
  8
3
  10
-64.539597
  20
1229.781494
  0
POINT
  8
3
  10
-61.640732
  20
1223.519287
  0
POINT
  8
3
  10
-57.796677
  20
1217.747314
  0
POINT
  8
3
  10
-53.113205
  20
1212.657593
  0
POINT
  8
3
  10
-47.636505
  20
1208.439453
  0
POINT
  8
3
  10
-41.547760
  20
1205.142944
  0
POINT
  8
3
  10
-35.110443
  20
1202.826660
  0
POINT
  8
3
  10
-30.268036
  20
1184.577148
  0
POINT
  8
3
  10
-32.111603
  20
1167.635498
  0
POINT
  8
3
  10
-33.763504
  20
1150.670898
  0
POINT
  8
3
  10
-35.192825
  20
1133.690918
  0
POINT
  8
3
  10
-36.424881
  20
1116.690186
  0
POINT
  8
3
  10
-37.466797
  20
1099.680908
  0
POINT
  8
3
  10
-38.221497
  20
1082.650879
  0
POINT
  8
3
  10
-38.378113
  20
1069.836426
  0
POINT
  8
3
  10
-37.991928
  20
1057.027344
  0
POINT
  8
3
  10
-37.088120
  20
1044.243896
  0
POINT
  8
3
  10
-15.374557
  20
844.353149
  0
POINT
  8
3
  10
-36.289780
  20
840.714233
  0
POINT
  8
3
  10
-59.287582
  20
837.418335
  0
POINT
  8
3
  10
-82.388657
  20
834.985535
  0
POINT
  8
3
  10
-104.811386
  20
833.739136
  0
POINT
  8
3
  10
-127.275742
  20
833.050659
  0
POINT
  8
3
  10
-172.189743
  20
831.888550
  0
POINT
  8
3
  10
-262.044250
  20
831.888550
  0
POINT
  8
3
  10
-306.958252
  20
833.050537
  0
POINT
  8
3
  10
-329.422607
  20
833.739014
  0
POINT
  8
3
  10
-351.845337
  20
834.985352
  0
POINT
  8
3
  10
-374.946411
  20
837.418213
  0
POINT
  8
3
  10
-397.944214
  20
840.714111
  0
POINT
  8
3
  10
-418.859436
  20
844.353027
  0
POINT
  8
3
  10
-397.145996
  20
1044.243774
  0
POINT
  8
3
  10
-396.242188
  20
1057.027222
  0
POINT
  8
3
  10
-395.856018
  20
1069.836304
  0
POINT
  8
3
  10
-396.012634
  20
1082.650757
  0
POINT
  8
3
  10
-396.767456
  20
1099.680786
  0
POINT
  8
3
  10
-397.809387
  20
1116.690308
  0
POINT
  8
3
  10
-399.041443
  20
1133.691040
  0
POINT
  8
3
  10
-400.470764
  20
1150.671021
  0
POINT
  8
3
  10
-402.122711
  20
1167.635620
  0
POINT
  8
3
  10
-403.966278
  20
1184.577271
  0
POINT
  8
3
  10
-399.123871
  20
1202.826782
  0
POINT
  8
3
  10
-392.686432
  20
1205.142822
  0
POINT
  8
3
  10
-386.597687
  20
1208.439575
  0
POINT
  8
3
  10
-381.121033
  20
1212.657349
  0
POINT
  8
3
  10
-376.437561
  20
1217.747314
  0
POINT
  8
3
  10
-372.593506
  20
1223.519287
  0
POINT
  8
3
  10
-369.694641
  20
1229.781494
  0
POINT
  8
3
  10
-367.589233
  20
1236.393921
  0
POINT
  8
3
  10
-366.198792
  20
1243.171387
  0
POINT
  8
3
  10
-365.303528
  20
1250.060547
  0
POINT
  8
3
  10
-364.632812
  20
1256.955444
  0
POINT
  8
3
  10
-364.221741
  20
1263.874023
  0
POINT
  8
3
  10
-363.994019
  20
1270.796997
  0
POINT
  8
3
  10
-364.009033
  20
1277.723389
  0
POINT
  8
3
  10
-364.123596
  20
1280.712891
  0
POINT
  8
3
  10
-364.866455
  20
1291.557129
  0
POINT
  8
3
  10
-366.151306
  20
1305.356323
  0
POINT
  8
3
  10
-367.120300
  20
1312.216797
  0
POINT
  8
3
  10
-368.311829
  20
1319.041260
  0
POINT
  8
3
  10
-371.376221
  20
1332.558105
  0
POINT
  8
3
  10
-374.862915
  20
1345.970215
  0
POINT
  8
3
  10
-379.046082
  20
1359.184082
  0
POINT
  8
3
  10
-284.846649
  20
1402.335327
  0
POINT
  8
3
  10
-283.471344
  20
1396.884277
  0
POINT
  8
3
  10
-281.891754
  20
1391.491699
  0
POINT
  8
3
  10
-280.081207
  20
1386.169556
  0
POINT
  8
3
  10
-276.850067
  20
1378.450439
  0
POINT
  8
3
  10
-272.847260
  20
1371.103027
  0
POINT
  8
3
  10
-267.876984
  20
1364.372925
  0
POINT
  8
3
  10
-262.196075
  20
1358.229004
  0
POINT
  8
3
  10
-255.819107
  20
1352.814575
  0
POINT
  8
3
  10
-248.796829
  20
1348.263916
  0
POINT
  8
3
  10
-241.392593
  20
1344.364746
  0
POINT
  8
3
  10
-233.537247
  20
1341.490234
  0
POINT
  8
3
  10
-225.398758
  20
1339.539307
  0
POLYLINE
  8
84
  66
1
  70
1
  250
1
  0
VERTEX
  8
84
  10
-208.835648
  20
1339.539307
  0
VERTEX
  8
84
  10
-204.741592
  20
1340.404053
  0
VERTEX
  8
84
  10
-200.697159
  20
1341.490234
  0
VERTEX
  8
84
  10
-196.719604
  20
1342.798096
  0
VERTEX
  8
84
  10
-192.841812
  20
1344.364746
  0
VERTEX
  8
84
  10
-189.089020
  20
1346.212036
  0
VERTEX
  8
84
  10
-185.437576
  20
1348.263916
  0
VERTEX
  8
84
  10
-181.865417
  20
1350.449463
  0
VERTEX
  8
84
  10
-178.415298
  20
1352.814575
  0
VERTEX
  8
84
  10
-175.136948
  20
1355.414062
  0
VERTEX
  8
84
  10
-172.038361
  20
1358.229004
  0
VERTEX
  8
84
  10
-169.115356
  20
1361.223877
  0
VERTEX
  8
84
  10
-166.357452
  20
1364.372925
  0
VERTEX
  8
84
  10
-163.764343
  20
1367.660400
  0
VERTEX
  8
84
  10
-161.387177
  20
1371.103027
  0
VERTEX
  8
84
  10
-159.270920
  20
1374.712158
  0
VERTEX
  8
84
  10
-157.384369
  20
1378.450439
  0
VERTEX
  8
84
  10
-155.683472
  20
1382.275269
  0
VERTEX
  8
84
  10
-154.153229
  20
1386.169556
  0
VERTEX
  8
84
  10
-152.342682
  20
1391.491699
  0
VERTEX
  8
84
  10
-150.763092
  20
1396.884277
  0
VERTEX
  8
84
  10
-149.387787
  20
1402.335327
  0
VERTEX
  8
84
  10
-147.117157
  20
1413.342896
  0
VERTEX
  8
84
  10
-50.382721
  20
1372.182861
  0
VERTEX
  8
84
  10
-52.830933
  20
1365.699951
  0
VERTEX
  8
84
  10
-55.188309
  20
1359.184082
  0
VERTEX
  8
84
  10
-56.668686
  20
1354.806641
  0
VERTEX
  8
84
  10
-58.064148
  20
1350.402588
  0
VERTEX
  8
84
  10
-59.371475
  20
1345.970703
  0
VERTEX
  8
84
  10
-61.174713
  20
1339.280884
  0
VERTEX
  8
84
  10
-62.858170
  20
1332.558105
  0
VERTEX
  8
84
  10
-64.473068
  20
1325.817139
  0
VERTEX
  8
84
  10
-65.922562
  20
1319.041260
  0
VERTEX
  8
84
  10
-67.114075
  20
1312.216797
  0
VERTEX
  8
84
  10
-68.083069
  20
1305.356567
  0
VERTEX
  8
84
  10
-68.799500
  20
1298.464966
  0
VERTEX
  8
84
  10
-69.367920
  20
1291.557129
  0
VERTEX
  8
84
  10
-70.110779
  20
1280.712891
  0
VERTEX
  8
84
  10
-70.225342
  20
1277.723389
  0
VERTEX
  8
84
  10
-70.240356
  20
1270.797241
  0
VERTEX
  8
84
  10
-70.012634
  20
1263.874023
  0
VERTEX
  8
84
  10
-69.601547
  20
1256.955688
  0
VERTEX
  8
84
  10
-68.930710
  20
1250.060547
  0
VERTEX
  8
84
  10
-68.035446
  20
1243.171387
  0
VERTEX
  8
84
  10
-66.645004
  20
1236.394165
  0
VERTEX
  8
84
  10
-65.687393
  20
1233.058105
  0
VERTEX
  8
84
  10
-64.539597
  20
1229.781494
  0
VERTEX
  8
84
  10
-63.200500
  20
1226.598389
  0
VERTEX
  8
84
  10
-61.640732
  20
1223.519287
  0
VERTEX
  8
84
  10
-59.832291
  20
1220.558960
  0
VERTEX
  8
84
  10
-57.796677
  20
1217.747314
  0
VERTEX
  8
84
  10
-55.558533
  20
1215.105957
  0
VERTEX
  8
84
  10
-53.113205
  20
1212.657593
  0
VERTEX
  8
84
  10
-50.464371
  20
1210.432617
  0
VERTEX
  8
84
  10
-47.636505
  20
1208.439453
  0
VERTEX
  8
84
  10
-44.654953
  20
1206.677734
  0
VERTEX
  8
84
  10
-41.547760
  20
1205.142944
  0
VERTEX
  8
84
  10
-38.374115
  20
1203.850342
  0
VERTEX
  8
84
  10
-35.110443
  20
1202.826660
  0
VERTEX
  8
84
  10
-31.690521
  20
1202.078247
  0
VERTEX
  8
84
  10
-28.229156
  20
1201.500977
  0
VERTEX
  8
84
  10
-30.268036
  20
1184.577148
  0
VERTEX
  8
84
  10
-32.111603
  20
1167.635498
  0
VERTEX
  8
84
  10
-33.763504
  20
1150.670898
  0
VERTEX
  8
84
  10
-35.192825
  20
1133.690918
  0
VERTEX
  8
84
  10
-36.424881
  20
1116.690186
  0
VERTEX
  8
84
  10
-37.466797
  20
1099.680908
  0
VERTEX
  8
84
  10
-37.898422
  20
1091.168213
  0
VERTEX
  8
84
  10
-38.221497
  20
1082.650879
  0
VERTEX
  8
84
  10
-38.360138
  20
1076.244263
  0
VERTEX
  8
84
  10
-38.378113
  20
1069.836426
  0
VERTEX
  8
84
  10
-38.253006
  20
1063.430054
  0
VERTEX
  8
84
  10
-37.991928
  20
1057.027344
  0
VERTEX
  8
84
  10
-37.605469
  20
1050.630737
  0
VERTEX
  8
84
  10
-37.088120
  20
1044.243896
  0
VERTEX
  8
84
  10
-35.729050
  20
1031.500977
  0
VERTEX
  8
84
  10
7.532242
  20
849.591797
  0
VERTEX
  8
84
  10
1.818985
  20
848.211548
  0
VERTEX
  8
84
  10
-3.897964
  20
846.859802
  0
VERTEX
  8
84
  10
-9.626480
  20
845.564392
  0
VERTEX
  8
84
  10
-15.374557
  20
844.353149
  0
VERTEX
  8
84
  10
-20.586044
  20
843.348572
  0
VERTEX
  8
84
  10
-25.810486
  20
842.418945
  0
VERTEX
  8
84
  10
-31.045776
  20
841.546692
  0
VERTEX
  8
84
  10
-36.289780
  20
840.714233
  0
VERTEX
  8
84
  10
-43.947327
  20
839.547180
  0
VERTEX
  8
84
  10
-51.610764
  20
838.443787
  0
VERTEX
  8
84
  10
-59.287582
  20
837.418335
  0
VERTEX
  8
84
  10
-65.053131
  20
836.709900
  0
VERTEX
  8
84
  10
-70.823898
  20
836.062622
  0
VERTEX
  8
84
  10
-76.601791
  20
835.485046
  0
VERTEX
  8
84
  10
-82.388657
  20
834.985535
  0
VERTEX
  8
84
  10
-87.989471
  20
834.581848
  0
VERTEX
  8
84
  10
-93.593094
  20
834.247681
  0
VERTEX
  8
84
  10
-99.200172
  20
833.970825
  0
VERTEX
  8
84
  10
-104.811386
  20
833.739136
  0
VERTEX
  8
84
  10
-116.042885
  20
833.366882
  0
VERTEX
  8
84
  10
-127.275742
  20
833.050659
  0
VERTEX
  8
84
  10
-138.505615
  20
832.730103
  0
VERTEX
  8
84
  10
-149.731598
  20
832.413086
  0
VERTEX
  8
84
  10
-160.958160
  20
832.124451
  0
VERTEX
  8
84
  10
-172.189743
  20
831.888550
  0
VERTEX
  8
84
  10
-183.422470
  20
831.723206
  0
VERTEX
  8
84
  10
-194.652069
  20
831.616516
  0
VERTEX
  8
84
  10
-205.882324
  20
831.548828
  0
VERTEX
  8
84
  10
-217.116989
  20
831.500366
  0
VERTEX
  8
84
  10
-228.351654
  20
831.548828
  0
VERTEX
  8
84
  10
-239.581909
  20
831.616577
  0
VERTEX
  8
84
  10
-250.811508
  20
831.723145
  0
VERTEX
  8
84
  10
-262.044250
  20
831.888550
  0
VERTEX
  8
84
  10
-273.275818
  20
832.124390
  0
VERTEX
  8
84
  10
-284.502380
  20
832.413086
  0
VERTEX
  8
84
  10
-295.728363
  20
832.729980
  0
VERTEX
  8
84
  10
-306.958252
  20
833.050537
  0
VERTEX
  8
84
  10
-318.191101
  20
833.366760
  0
VERTEX
  8
84
  10
-329.422607
  20
833.739014
  0
VERTEX
  8
84
  10
-335.033813
  20
833.970703
  0
VERTEX
  8
84
  10
-340.640869
  20
834.247559
  0
VERTEX
  8
84
  10
-346.244507
  20
834.581665
  0
VERTEX
  8
84
  10
-351.845337
  20
834.985352
  0
VERTEX
  8
84
  10
-357.632202
  20
835.484863
  0
VERTEX
  8
84
  10
-363.410095
  20
836.062500
  0
VERTEX
  8
84
  10
-369.180847
  20
836.709778
  0
VERTEX
  8
84
  10
-374.946411
  20
837.418213
  0
VERTEX
  8
84
  10
-382.623230
  20
838.443726
  0
VERTEX
  8
84
  10
-390.286652
  20
839.547119
  0
VERTEX
  8
84
  10
-397.944214
  20
840.714111
  0
VERTEX
  8
84
  10
-403.188202
  20
841.546509
  0
VERTEX
  8
84
  10
-408.423492
  20
842.418823
  0
VERTEX
  8
84
  10
-413.647949
  20
843.348450
  0
VERTEX
  8
84
  10
-418.859436
  20
844.353027
  0
VERTEX
  8
84
  10
-424.607483
  20
845.564270
  0
VERTEX
  8
84
  10
-430.335999
  20
846.859680
  0
VERTEX
  8
84
  10
-436.052979
  20
848.211426
  0
VERTEX
  8
84
  10
-441.766235
  20
849.591675
  0
VERTEX
  8
84
  10
-398.505066
  20
1031.500854
  0
VERTEX
  8
84
  10
-397.145996
  20
1044.243774
  0
VERTEX
  8
84
  10
-396.628601
  20
1050.630615
  0
VERTEX
  8
84
  10
-396.242188
  20
1057.027222
  0
VERTEX
  8
84
  10
-395.981140
  20
1063.429932
  0
VERTEX
  8
84
  10
-395.856018
  20
1069.836304
  0
VERTEX
  8
84
  10
-395.873962
  20
1076.244141
  0
VERTEX
  8
84
  10
-396.012634
  20
1082.650757
  0
VERTEX
  8
84
  10
-396.335754
  20
1091.168213
  0
VERTEX
  8
84
  10
-396.767456
  20
1099.680786
  0
VERTEX
  8
84
  10
-397.809387
  20
1116.690308
  0
VERTEX
  8
84
  10
-399.041443
  20
1133.691040
  0
VERTEX
  8
84
  10
-400.470764
  20
1150.671021
  0
VERTEX
  8
84
  10
-402.122711
  20
1167.635620
  0
VERTEX
  8
84
  10
-403.966278
  20
1184.577271
  0
VERTEX
  8
84
  10
-406.005157
  20
1201.501099
  0
VERTEX
  8
84
  10
-402.543823
  20
1202.078247
  0
VERTEX
  8
84
  10
-399.123871
  20
1202.826782
  0
VERTEX
  8
84
  10
-395.860107
  20
1203.850220
  0
VERTEX
  8
84
  10
-392.686432
  20
1205.142822
  0
VERTEX
  8
84
  10
-389.579224
  20
1206.677612
  0
VERTEX
  8
84
  10
-386.597687
  20
1208.439575
  0
VERTEX
  8
84
  10
-383.769836
  20
1210.432495
  0
VERTEX
  8
84
  10
-381.121033
  20
1212.657349
  0
VERTEX
  8
84
  10
-378.675659
  20
1215.105713
  0
VERTEX
  8
84
  10
-376.437561
  20
1217.747314
  0
VERTEX
  8
84
  10
-374.401947
  20
1220.558838
  0
VERTEX
  8
84
  10
-372.593506
  20
1223.519287
  0
VERTEX
  8
84
  10
-371.033722
  20
1226.598267
  0
VERTEX
  8
84
  10
-369.694641
  20
1229.781494
  0
VERTEX
  8
84
  10
-368.546814
  20
1233.057861
  0
VERTEX
  8
84
  10
-367.589233
  20
1236.393921
  0
VERTEX
  8
84
  10
-366.198792
  20
1243.171387
  0
VERTEX
  8
84
  10
-365.303528
  20
1250.060547
  0
VERTEX
  8
84
  10
-364.632812
  20
1256.955444
  0
VERTEX
  8
84
  10
-364.221741
  20
1263.874023
  0
VERTEX
  8
84
  10
-363.994019
  20
1270.796997
  0
VERTEX
  8
84
  10
-364.009033
  20
1277.723389
  0
VERTEX
  8
84
  10
-364.123596
  20
1280.712891
  0
VERTEX
  8
84
  10
-364.866455
  20
1291.557129
  0
VERTEX
  8
84
  10
-365.434875
  20
1298.464722
  0
VERTEX
  8
84
  10
-366.151306
  20
1305.356323
  0
VERTEX
  8
84
  10
-367.120300
  20
1312.216797
  0
VERTEX
  8
84
  10
-368.311829
  20
1319.041260
  0
VERTEX
  8
84
  10
-369.761353
  20
1325.817017
  0
VERTEX
  8
84
  10
-371.376221
  20
1332.558105
  0
VERTEX
  8
84
  10
-373.059692
  20
1339.280640
  0
VERTEX
  8
84
  10
-374.862915
  20
1345.970215
  0
VERTEX
  8
84
  10
-376.170288
  20
1350.402344
  0
VERTEX
  8
84
  10
-377.565704
  20
1354.806396
  0
VERTEX
  8
84
  10
-379.046082
  20
1359.184082
  0
VERTEX
  8
84
  10
-381.403473
  20
1365.699829
  0
VERTEX
  8
84
  10
-383.851715
  20
1372.182617
  0
VERTEX
  8
84
  10
-287.117157
  20
1413.342896
  0
VERTEX
  8
84
  10
-284.846649
  20
1402.335327
  0
VERTEX
  8
84
  10
-283.471344
  20
1396.884277
  0
VERTEX
  8
84
  10
-281.891754
  20
1391.491699
  0
VERTEX
  8
84
  10
-280.081207
  20
1386.169556
  0
VERTEX
  8
84
  10
-278.550964
  20
1382.275146
  0
VERTEX
  8
84
  10
-276.850067
  20
1378.450439
  0
VERTEX
  8
84
  10
-274.963501
  20
1374.712158
  0
VERTEX
  8
84
  10
-272.847260
  20
1371.103027
  0
VERTEX
  8
84
  10
-270.470093
  20
1367.660400
  0
VERTEX
  8
84
  10
-267.876984
  20
1364.372925
  0
VERTEX
  8
84
  10
-265.119080
  20
1361.223877
  0
VERTEX
  8
84
  10
-262.196075
  20
1358.229004
  0
VERTEX
  8
84
  10
-259.097473
  20
1355.414062
  0
VERTEX
  8
84
  10
-255.819107
  20
1352.814575
  0
VERTEX
  8
84
  10
-252.368988
  20
1350.449463
  0
VERTEX
  8
84
  10
-248.796829
  20
1348.263916
  0
VERTEX
  8
84
  10
-245.145401
  20
1346.212036
  0
VERTEX
  8
84
  10
-241.392593
  20
1344.364746
  0
VERTEX
  8
84
  10
-237.514801
  20
1342.798096
  0
VERTEX
  8
84
  10
-233.537247
  20
1341.490234
  0
VERTEX
  8
84
  10
-229.492813
  20
1340.404053
  0
VERTEX
  8
84
  10
-225.398758
  20
1339.539307
  0
VERTEX
  8
84
  10
-217.117203
  20
1338.342896
  0
SEQEND
  0
LINE
  8
7
  10
-217.116989
  20
1032.421631
  11
-217.117020
  21
1212.421631
  0
POLYLINE
  8
14
  66
1
  70
1
  250
2
  0
VERTEX
  8
14
  10
-217.117203
  20
1338.342896
  0
VERTEX
  8
14
  10
-208.835648
  20
1339.539307
  0
VERTEX
  8
14
  10
-200.697159
  20
1341.490234
  0
VERTEX
  8
14
  10
-192.841812
  20
1344.364746
  0
VERTEX
  8
14
  10
-185.437576
  20
1348.263916
  0
VERTEX
  8
14
  10
-178.415298
  20
1352.814575
  0
VERTEX
  8
14
  10
-172.038361
  20
1358.229004
  0
VERTEX
  8
14
  10
-166.357452
  20
1364.372925
  0
VERTEX
  8
14
  10
-161.387177
  20
1371.103027
  0
VERTEX
  8
14
  10
-157.384369
  20
1378.450439
  0
VERTEX
  8
14
  10
-154.153229
  20
1386.169556
  0
VERTEX
  8
14
  10
-152.342682
  20
1391.491699
  0
VERTEX
  8
14
  10
-150.763092
  20
1396.884277
  0
VERTEX
  8
14
  10
-149.387787
  20
1402.335327
  0
VERTEX
  8
14
  10
-147.117157
  20
1413.342896
  0
VERTEX
  8
14
  10
-50.382721
  20
1372.182861
  0
VERTEX
  8
14
  10
-55.188309
  20
1359.184082
  0
VERTEX
  8
14
  10
-59.371475
  20
1345.970703
  0
VERTEX
  8
14
  10
-62.858170
  20
1332.558105
  0
VERTEX
  8
14
  10
-65.922562
  20
1319.041260
  0
VERTEX
  8
14
  10
-67.114075
  20
1312.216797
  0
VERTEX
  8
14
  10
-68.083069
  20
1305.356567
  0
VERTEX
  8
14
  10
-69.367920
  20
1291.557129
  0
VERTEX
  8
14
  10
-70.110779
  20
1280.712891
  0
VERTEX
  8
14
  10
-70.225342
  20
1277.723389
  0
VERTEX
  8
14
  10
-70.240356
  20
1270.797241
  0
VERTEX
  8
14
  10
-70.012634
  20
1263.874023
  0
VERTEX
  8
14
  10
-69.601547
  20
1256.955688
  0
VERTEX
  8
14
  10
-68.930710
  20
1250.060547
  0
VERTEX
  8
14
  10
-68.035446
  20
1243.171387
  0
VERTEX
  8
14
  10
-66.645004
  20
1236.394165
  0
VERTEX
  8
14
  10
-64.539597
  20
1229.781494
  0
VERTEX
  8
14
  10
-61.640732
  20
1223.519287
  0
VERTEX
  8
14
  10
-57.796677
  20
1217.747314
  0
VERTEX
  8
14
  10
-53.113205
  20
1212.657593
  0
VERTEX
  8
14
  10
-47.636505
  20
1208.439453
  0
VERTEX
  8
14
  10
-41.547760
  20
1205.142944
  0
VERTEX
  8
14
  10
-35.110443
  20
1202.826660
  0
VERTEX
  8
14
  10
-28.229156
  20
1201.500977
  0
VERTEX
  8
14
  10
-30.268036
  20
1184.577148
  0
VERTEX
  8
14
  10
-32.111603
  20
1167.635498
  0
VERTEX
  8
14
  10
-33.763504
  20
1150.670898
  0
VERTEX
  8
14
  10
-35.192825
  20
1133.690918
  0
VERTEX
  8
14
  10
-36.424881
  20
1116.690186
  0
VERTEX
  8
14
  10
-37.466797
  20
1099.680908
  0
VERTEX
  8
14
  10
-38.221497
  20
1082.650879
  0
VERTEX
  8
14
  10
-38.378113
  20
1069.836426
  0
VERTEX
  8
14
  10
-37.991928
  20
1057.027344
  0
VERTEX
  8
14
  10
-37.088120
  20
1044.243896
  0
VERTEX
  8
14
  10
-35.729050
  20
1031.500977
  0
VERTEX
  8
14
  10
7.532242
  20
849.591797
  0
VERTEX
  8
14
  10
-15.374557
  20
844.353149
  0
VERTEX
  8
14
  10
-36.289780
  20
840.714233
  0
VERTEX
  8
14
  10
-59.287582
  20
837.418335
  0
VERTEX
  8
14
  10
-82.388657
  20
834.985535
  0
VERTEX
  8
14
  10
-104.811386
  20
833.739136
  0
VERTEX
  8
14
  10
-127.275742
  20
833.050659
  0
VERTEX
  8
14
  10
-172.189743
  20
831.888550
  0
VERTEX
  8
14
  10
-217.116989
  20
831.500366
  0
VERTEX
  8
14
  10
-262.044250
  20
831.888550
  0
VERTEX
  8
14
  10
-306.958252
  20
833.050537
  0
VERTEX
  8
14
  10
-329.422607
  20
833.739014
  0
VERTEX
  8
14
  10
-351.845337
  20
834.985352
  0
VERTEX
  8
14
  10
-374.946411
  20
837.418213
  0
VERTEX
  8
14
  10
-397.944214
  20
840.714111
  0
VERTEX
  8
14
  10
-418.859436
  20
844.353027
  0
VERTEX
  8
14
  10
-441.766235
  20
849.591675
  0
VERTEX
  8
14
  10
-398.505066
  20
1031.500854
  0
VERTEX
  8
14
  10
-397.145996
  20
1044.243774
  0
VERTEX
  8
14
  10
-396.242188
  20
1057.027222
  0
VERTEX
  8
14
  10
-395.856018
  20
1069.836304
  0
VERTEX
  8
14
  10
-396.012634
  20
1082.650757
  0
VERTEX
  8
14
  10
-396.767456
  20
1099.680786
  0
VERTEX
  8
14
  10
-397.809387
  20
1116.690308
  0
VERTEX
  8
14
  10
-399.041443
  20
1133.691040
  0
VERTEX
  8
14
  10
-400.470764
  20
1150.671021
  0
VERTEX
  8
14
  10
-402.122711
  20
1167.635620
  0
VERTEX
  8
14
  10
-403.966278
  20
1184.577271
  0
VERTEX
  8
14
  10
-406.005157
  20
1201.501099
  0
VERTEX
  8
14
  10
-399.123871
  20
1202.826782
  0
VERTEX
  8
14
  10
-392.686432
  20
1205.142822
  0
VERTEX
  8
14
  10
-386.597687
  20
1208.439575
  0
VERTEX
  8
14
  10
-381.121033
  20
1212.657349
  0
VERTEX
  8
14
  10
-376.437561
  20
1217.747314
  0
VERTEX
  8
14
  10
-372.593506
  20
1223.519287
  0
VERTEX
  8
14
  10
-369.694641
  20
1229.781494
  0
VERTEX
  8
14
  10
-367.589233
  20
1236.393921
  0
VERTEX
  8
14
  10
-366.198792
  20
1243.171387
  0
VERTEX
  8
14
  10
-365.303528
  20
1250.060547
  0
VERTEX
  8
14
  10
-364.632812
  20
1256.955444
  0
VERTEX
  8
14
  10
-364.221741
  20
1263.874023
  0
VERTEX
  8
14
  10
-363.994019
  20
1270.796997
  0
VERTEX
  8
14
  10
-364.009033
  20
1277.723389
  0
VERTEX
  8
14
  10
-364.123596
  20
1280.712891
  0
VERTEX
  8
14
  10
-364.866455
  20
1291.557129
  0
VERTEX
  8
14
  10
-366.151306
  20
1305.356323
  0
VERTEX
  8
14
  10
-367.120300
  20
1312.216797
  0
VERTEX
  8
14
  10
-368.311829
  20
1319.041260
  0
VERTEX
  8
14
  10
-371.376221
  20
1332.558105
  0
VERTEX
  8
14
  10
-374.862915
  20
1345.970215
  0
VERTEX
  8
14
  10
-379.046082
  20
1359.184082
  0
VERTEX
  8
14
  10
-383.851715
  20
1372.182617
  0
VERTEX
  8
14
  10
-287.117157
  20
1413.342896
  0
VERTEX
  8
14
  10
-284.846649
  20
1402.335327
  0
VERTEX
  8
14
  10
-283.471344
  20
1396.884277
  0
VERTEX
  8
14
  10
-281.891754
  20
1391.491699
  0
VERTEX
  8
14
  10
-280.081207
  20
1386.169556
  0
VERTEX
  8
14
  10
-276.850067
  20
1378.450439
  0
VERTEX
  8
14
  10
-272.847260
  20
1371.103027
  0
VERTEX
  8
14
  10
-267.876984
  20
1364.372925
  0
VERTEX
  8
14
  10
-262.196075
  20
1358.229004
  0
VERTEX
  8
14
  10
-255.819107
  20
1352.814575
  0
VERTEX
  8
14
  10
-248.796829
  20
1348.263916
  0
VERTEX
  8
14
  10
-241.392593
  20
1344.364746
  0
VERTEX
  8
14
  10
-233.537247
  20
1341.490234
  0
VERTEX
  8
14
  10
-225.398758
  20
1339.539307
  0
SEQEND
  0
TEXT
  8
14
  10
-217.117203
  20
1338.342896
  40
0.250000
  50
0.000000
  1
# 9
  7
STANDARD
  0
TEXT
  8
14
  10
-147.117157
  20
1413.342896
  40
0.250000
  50
0.000000
  1
# 10
  7
STANDARD
  0
TEXT
  8
14
  10
-50.382721
  20
1372.182861
  40
0.250000
  50
0.000000
  1
# 11
  7
STANDARD
  0
TEXT
  8
14
  10
-28.229156
  20
1201.500977
  40
0.250000
  50
0.000000
  1
# 12
  7
STANDARD
  0
TEXT
  8
14
  10
-35.729050
  20
1031.500977
  40
0.250000
  50
0.000000
  1
# 13
  7
STANDARD
  0
TEXT
  8
14
  10
7.532242
  20
849.591797
  40
0.250000
  50
0.000000
  1
# 14
  7
STANDARD
  0
TEXT
  8
14
  10
-217.116989
  20
831.500366
  40
0.250000
  50
0.000000
  1
# 15
  7
STANDARD
  0
TEXT
  8
14
  10
-441.766235
  20
849.591675
  40
0.250000
  50
0.000000
  1
# 14
  7
STANDARD
  0
TEXT
  8
14
  10
-398.505066
  20
1031.500854
  40
0.250000
  50
0.000000
  1
# 13
  7
STANDARD
  0
TEXT
  8
14
  10
-406.005157
  20
1201.501099
  40
0.250000
  50
0.000000
  1
# 12
  7
STANDARD
  0
TEXT
  8
14
  10
-383.851715
  20
1372.182617
  40
0.250000
  50
0.000000
  1
# 11
  7
STANDARD
  0
TEXT
  8
14
  10
-287.117157
  20
1413.342896
  40
0.250000
  50
0.000000
  1
# 10
  7
STANDARD
  0
POINT
  8
2
  10
-217.117203
  20
1338.342896
  0
POINT
  8
2
  10
-147.117157
  20
1413.342896
  0
POINT
  8
2
  10
-50.382721
  20
1372.182861
  0
POINT
  8
2
  10
-28.229156
  20
1201.500977
  0
POINT
  8
2
  10
-35.729050
  20
1031.500977
  0
POINT
  8
2
  10
7.532242
  20
849.591797
  0
POINT
  8
2
  10
-217.116989
  20
831.500366
  0
POINT
  8
2
  10
-441.766235
  20
849.591675
  0
POINT
  8
2
  10
-398.505066
  20
1031.500854
  0
POINT
  8
2
  10
-406.005157
  20
1201.501099
  0
POINT
  8
2
  10
-383.851715
  20
1372.182617
  0
POINT
  8
2
  10
-287.117157
  20
1413.342896
  0
POINT
  8
3
  10
-208.835648
  20
1339.539307
  0
POINT
  8
3
  10
-200.697159
  20
1341.490234
  0
POINT
  8
3
  10
-192.841812
  20
1344.364746
  0
POINT
  8
3
  10
-185.437576
  20
1348.263916
  0
POINT
  8
3
  10
-178.415298
  20
1352.814575
  0
POINT
  8
3
  10
-172.038361
  20
1358.229004
  0
POINT
  8
3
  10
-166.357452
  20
1364.372925
  0
POINT
  8
3
  10
-161.387177
  20
1371.103027
  0
POINT
  8
3
  10
-157.384369
  20
1378.450439
  0
POINT
  8
3
  10
-154.153229
  20
1386.169556
  0
POINT
  8
3
  10
-152.342682
  20
1391.491699
  0
POINT
  8
3
  10
-150.763092
  20
1396.884277
  0
POINT
  8
3
  10
-149.387787
  20
1402.335327
  0
POINT
  8
3
  10
-55.188309
  20
1359.184082
  0
POINT
  8
3
  10
-59.371475
  20
1345.970703
  0
POINT
  8
3
  10
-62.858170
  20
1332.558105
  0
POINT
  8
3
  10
-65.922562
  20
1319.041260
  0
POINT
  8
3
  10
-67.114075
  20
1312.216797
  0
POINT
  8
3
  10
-68.083069
  20
1305.356567
  0
POINT
  8
3
  10
-69.367920
  20
1291.557129
  0
POINT
  8
3
  10
-70.110779
  20
1280.712891
  0
POINT
  8
3
  10
-70.225342
  20
1277.723389
  0
POINT
  8
3
  10
-70.240356
  20
1270.797241
  0
POINT
  8
3
  10
-70.012634
  20
1263.874023
  0
POINT
  8
3
  10
-69.601547
  20
1256.955688
  0
POINT
  8
3
  10
-68.930710
  20
1250.060547
  0
POINT
  8
3
  10
-68.035446
  20
1243.171387
  0
POINT
  8
3
  10
-66.645004
  20
1236.394165
  0
POINT
  8
3
  10
-64.539597
  20
1229.781494
  0
POINT
  8
3
  10
-61.640732
  20
1223.519287
  0
POINT
  8
3
  10
-57.796677
  20
1217.747314
  0
POINT
  8
3
  10
-53.113205
  20
1212.657593
  0
POINT
  8
3
  10
-47.636505
  20
1208.439453
  0
POINT
  8
3
  10
-41.547760
  20
1205.142944
  0
POINT
  8
3
  10
-35.110443
  20
1202.826660
  0
POINT
  8
3
  10
-30.268036
  20
1184.577148
  0
POINT
  8
3
  10
-32.111603
  20
1167.635498
  0
POINT
  8
3
  10
-33.763504
  20
1150.670898
  0
POINT
  8
3
  10
-35.192825
  20
1133.690918
  0
POINT
  8
3
  10
-36.424881
  20
1116.690186
  0
POINT
  8
3
  10
-37.466797
  20
1099.680908
  0
POINT
  8
3
  10
-38.221497
  20
1082.650879
  0
POINT
  8
3
  10
-38.378113
  20
1069.836426
  0
POINT
  8
3
  10
-37.991928
  20
1057.027344
  0
POINT
  8
3
  10
-37.088120
  20
1044.243896
  0
POINT
  8
3
  10
-15.374557
  20
844.353149
  0
POINT
  8
3
  10
-36.289780
  20
840.714233
  0
POINT
  8
3
  10
-59.287582
  20
837.418335
  0
POINT
  8
3
  10
-82.388657
  20
834.985535
  0
POINT
  8
3
  10
-104.811386
  20
833.739136
  0
POINT
  8
3
  10
-127.275742
  20
833.050659
  0
POINT
  8
3
  10
-172.189743
  20
831.888550
  0
POINT
  8
3
  10
-262.044250
  20
831.888550
  0
POINT
  8
3
  10
-306.958252
  20
833.050537
  0
POINT
  8
3
  10
-329.422607
  20
833.739014
  0
POINT
  8
3
  10
-351.845337
  20
834.985352
  0
POINT
  8
3
  10
-374.946411
  20
837.418213
  0
POINT
  8
3
  10
-397.944214
  20
840.714111
  0
POINT
  8
3
  10
-418.859436
  20
844.353027
  0
POINT
  8
3
  10
-397.145996
  20
1044.243774
  0
POINT
  8
3
  10
-396.242188
  20
1057.027222
  0
POINT
  8
3
  10
-395.856018
  20
1069.836304
  0
POINT
  8
3
  10
-396.012634
  20
1082.650757
  0
POINT
  8
3
  10
-396.767456
  20
1099.680786
  0
POINT
  8
3
  10
-397.809387
  20
1116.690308
  0
POINT
  8
3
  10
-399.041443
  20
1133.691040
  0
POINT
  8
3
  10
-400.470764
  20
1150.671021
  0
POINT
  8
3
  10
-402.122711
  20
1167.635620
  0
POINT
  8
3
  10
-403.966278
  20
1184.577271
  0
POINT
  8
3
  10
-399.123871
  20
1202.826782
  0
POINT
  8
3
  10
-392.686432
  20
1205.142822
  0
POINT
  8
3
  10
-386.597687
  20
1208.439575
  0
POINT
  8
3
  10
-381.121033
  20
1212.657349
  0
POINT
  8
3
  10
-376.437561
  20
1217.747314
  0
POINT
  8
3
  10
-372.593506
  20
1223.519287
  0
POINT
  8
3
  10
-369.694641
  20
1229.781494
  0
POINT
  8
3
  10
-367.589233
  20
1236.393921
  0
POINT
  8
3
  10
-366.198792
  20
1243.171387
  0
POINT
  8
3
  10
-365.303528
  20
1250.060547
  0
POINT
  8
3
  10
-364.632812
  20
1256.955444
  0
POINT
  8
3
  10
-364.221741
  20
1263.874023
  0
POINT
  8
3
  10
-363.994019
  20
1270.796997
  0
POINT
  8
3
  10
-364.009033
  20
1277.723389
  0
POINT
  8
3
  10
-364.123596
  20
1280.712891
  0
POINT
  8
3
  10
-364.866455
  20
1291.557129
  0
POINT
  8
3
  10
-366.151306
  20
1305.356323
  0
POINT
  8
3
  10
-367.120300
  20
1312.216797
  0
POINT
  8
3
  10
-368.311829
  20
1319.041260
  0
POINT
  8
3
  10
-371.376221
  20
1332.558105
  0
POINT
  8
3
  10
-374.862915
  20
1345.970215
  0
POINT
  8
3
  10
-379.046082
  20
1359.184082
  0
POINT
  8
3
  10
-284.846649
  20
1402.335327
  0
POINT
  8
3
  10
-283.471344
  20
1396.884277
  0
POINT
  8
3
  10
-281.891754
  20
1391.491699
  0
POINT
  8
3
  10
-280.081207
  20
1386.169556
  0
POINT
  8
3
  10
-276.850067
  20
1378.450439
  0
POINT
  8
3
  10
-272.847260
  20
1371.103027
  0
POINT
  8
3
  10
-267.876984
  20
1364.372925
  0
POINT
  8
3
  10
-262.196075
  20
1358.229004
  0
POINT
  8
3
  10
-255.819107
  20
1352.814575
  0
POINT
  8
3
  10
-248.796829
  20
1348.263916
  0
POINT
  8
3
  10
-241.392593
  20
1344.364746
  0
POINT
  8
3
  10
-233.537247
  20
1341.490234
  0
POINT
  8
3
  10
-225.398758
  20
1339.539307
  0
TEXT
  8
15
  10
-229.648254
  20
1060.685669
  40
8.328125
  50
90.000023
  999
11.000000
  1000
3
  1
3
  7
STANDARD
  0
POLYLINE
  8
87
  66
1
  70
1
  250
2
  0
VERTEX
  8
87
  10
-208.835648
  20
1339.539307
  0
VERTEX
  8
87
  10
-204.741592
  20
1340.404053
  0
VERTEX
  8
87
  10
-200.697159
  20
1341.490234
  0
VERTEX
  8
87
  10
-196.719604
  20
1342.798096
  0
VERTEX
  8
87
  10
-192.841812
  20
1344.364746
  0
VERTEX
  8
87
  10
-189.089020
  20
1346.212036
  0
VERTEX
  8
87
  10
-185.437576
  20
1348.263916
  0
VERTEX
  8
87
  10
-181.865417
  20
1350.449463
  0
VERTEX
  8
87
  10
-178.415298
  20
1352.814575
  0
VERTEX
  8
87
  10
-175.136948
  20
1355.414062
  0
VERTEX
  8
87
  10
-172.038361
  20
1358.229004
  0
VERTEX
  8
87
  10
-169.115356
  20
1361.223877
  0
VERTEX
  8
87
  10
-166.357452
  20
1364.372925
  0
VERTEX
  8
87
  10
-163.764343
  20
1367.660400
  0
VERTEX
  8
87
  10
-161.387177
  20
1371.103027
  0
VERTEX
  8
87
  10
-159.270920
  20
1374.712158
  0
VERTEX
  8
87
  10
-157.384369
  20
1378.450439
  0
VERTEX
  8
87
  10
-155.683472
  20
1382.275269
  0
VERTEX
  8
87
  10
-154.153229
  20
1386.169556
  0
VERTEX
  8
87
  10
-152.342682
  20
1391.491699
  0
VERTEX
  8
87
  10
-150.763092
  20
1396.884277
  0
VERTEX
  8
87
  10
-149.387787
  20
1402.335327
  0
VERTEX
  8
87
  10
-147.117157
  20
1413.342896
  0
VERTEX
  8
87
  10
-50.382721
  20
1372.182861
  0
VERTEX
  8
87
  10
-52.830933
  20
1365.699951
  0
VERTEX
  8
87
  10
-55.188309
  20
1359.184082
  0
VERTEX
  8
87
  10
-56.668686
  20
1354.806641
  0
VERTEX
  8
87
  10
-58.064148
  20
1350.402588
  0
VERTEX
  8
87
  10
-59.371475
  20
1345.970703
  0
VERTEX
  8
87
  10
-61.174713
  20
1339.280884
  0
VERTEX
  8
87
  10
-62.858170
  20
1332.558105
  0
VERTEX
  8
87
  10
-64.473068
  20
1325.817139
  0
VERTEX
  8
87
  10
-65.922562
  20
1319.041260
  0
VERTEX
  8
87
  10
-67.114075
  20
1312.216797
  0
VERTEX
  8
87
  10
-68.083069
  20
1305.356567
  0
VERTEX
  8
87
  10
-68.799500
  20
1298.464966
  0
VERTEX
  8
87
  10
-69.367920
  20
1291.557129
  0
VERTEX
  8
87
  10
-70.110779
  20
1280.712891
  0
VERTEX
  8
87
  10
-70.225342
  20
1277.723389
  0
VERTEX
  8
87
  10
-70.240356
  20
1270.797241
  0
VERTEX
  8
87
  10
-70.012634
  20
1263.874023
  0
VERTEX
  8
87
  10
-69.601547
  20
1256.955688
  0
VERTEX
  8
87
  10
-68.930710
  20
1250.060547
  0
VERTEX
  8
87
  10
-68.035446
  20
1243.171387
  0
VERTEX
  8
87
  10
-66.645004
  20
1236.394165
  0
VERTEX
  8
87
  10
-65.687393
  20
1233.058105
  0
VERTEX
  8
87
  10
-64.539597
  20
1229.781494
  0
VERTEX
  8
87
  10
-63.200500
  20
1226.598389
  0
VERTEX
  8
87
  10
-61.640732
  20
1223.519287
  0
VERTEX
  8
87
  10
-59.832291
  20
1220.558960
  0
VERTEX
  8
87
  10
-57.796677
  20
1217.747314
  0
VERTEX
  8
87
  10
-55.558533
  20
1215.105957
  0
VERTEX
  8
87
  10
-53.113205
  20
1212.657593
  0
VERTEX
  8
87
  10
-50.464371
  20
1210.432617
  0
VERTEX
  8
87
  10
-47.636505
  20
1208.439453
  0
VERTEX
  8
87
  10
-44.654953
  20
1206.677734
  0
VERTEX
  8
87
  10
-41.547760
  20
1205.142944
  0
VERTEX
  8
87
  10
-38.374115
  20
1203.850342
  0
VERTEX
  8
87
  10
-35.110443
  20
1202.826660
  0
VERTEX
  8
87
  10
-31.690521
  20
1202.078247
  0
VERTEX
  8
87
  10
-28.229156
  20
1201.500977
  0
VERTEX
  8
87
  10
-30.268036
  20
1184.577148
  0
VERTEX
  8
87
  10
-32.111603
  20
1167.635498
  0
VERTEX
  8
87
  10
-33.763504
  20
1150.670898
  0
VERTEX
  8
87
  10
-35.192825
  20
1133.690918
  0
VERTEX
  8
87
  10
-36.424881
  20
1116.690186
  0
VERTEX
  8
87
  10
-37.466797
  20
1099.680908
  0
VERTEX
  8
87
  10
-37.898422
  20
1091.168213
  0
VERTEX
  8
87
  10
-38.221497
  20
1082.650879
  0
VERTEX
  8
87
  10
-38.360138
  20
1076.244263
  0
VERTEX
  8
87
  10
-38.378113
  20
1069.836426
  0
VERTEX
  8
87
  10
-38.253006
  20
1063.430054
  0
VERTEX
  8
87
  10
-37.991928
  20
1057.027344
  0
VERTEX
  8
87
  10
-37.605469
  20
1050.630737
  0
VERTEX
  8
87
  10
-37.088120
  20
1044.243896
  0
VERTEX
  8
87
  10
-35.729050
  20
1031.500977
  0
VERTEX
  8
87
  10
7.532242
  20
849.591797
  0
VERTEX
  8
87
  10
1.818985
  20
848.211548
  0
VERTEX
  8
87
  10
-3.897964
  20
846.859802
  0
VERTEX
  8
87
  10
-9.626480
  20
845.564392
  0
VERTEX
  8
87
  10
-15.374557
  20
844.353149
  0
VERTEX
  8
87
  10
-20.586044
  20
843.348572
  0
VERTEX
  8
87
  10
-25.810486
  20
842.418945
  0
VERTEX
  8
87
  10
-31.045776
  20
841.546692
  0
VERTEX
  8
87
  10
-36.289780
  20
840.714233
  0
VERTEX
  8
87
  10
-43.947327
  20
839.547180
  0
VERTEX
  8
87
  10
-51.610764
  20
838.443787
  0
VERTEX
  8
87
  10
-59.287582
  20
837.418335
  0
VERTEX
  8
87
  10
-65.053131
  20
836.709900
  0
VERTEX
  8
87
  10
-70.823898
  20
836.062622
  0
VERTEX
  8
87
  10
-76.601791
  20
835.485046
  0
VERTEX
  8
87
  10
-82.388657
  20
834.985535
  0
VERTEX
  8
87
  10
-87.989471
  20
834.581848
  0
VERTEX
  8
87
  10
-93.593094
  20
834.247681
  0
VERTEX
  8
87
  10
-99.200172
  20
833.970825
  0
VERTEX
  8
87
  10
-104.811386
  20
833.739136
  0
VERTEX
  8
87
  10
-116.042885
  20
833.366882
  0
VERTEX
  8
87
  10
-127.275742
  20
833.050659
  0
VERTEX
  8
87
  10
-138.505615
  20
832.730103
  0
VERTEX
  8
87
  10
-149.731598
  20
832.413086
  0
VERTEX
  8
87
  10
-160.958160
  20
832.124451
  0
VERTEX
  8
87
  10
-172.189743
  20
831.888550
  0
VERTEX
  8
87
  10
-183.422470
  20
831.723206
  0
VERTEX
  8
87
  10
-194.652069
  20
831.616516
  0
VERTEX
  8
87
  10
-205.882324
  20
831.548828
  0
VERTEX
  8
87
  10
-217.116989
  20
831.500366
  0
VERTEX
  8
87
  10
-228.351654
  20
831.548828
  0
VERTEX
  8
87
  10
-239.581909
  20
831.616577
  0
VERTEX
  8
87
  10
-250.811508
  20
831.723145
  0
VERTEX
  8
87
  10
-262.044250
  20
831.888550
  0
VERTEX
  8
87
  10
-273.275818
  20
832.124390
  0
VERTEX
  8
87
  10
-284.502380
  20
832.413086
  0
VERTEX
  8
87
  10
-295.728363
  20
832.729980
  0
VERTEX
  8
87
  10
-306.958252
  20
833.050537
  0
VERTEX
  8
87
  10
-318.191101
  20
833.366760
  0
VERTEX
  8
87
  10
-329.422607
  20
833.739014
  0
VERTEX
  8
87
  10
-335.033813
  20
833.970703
  0
VERTEX
  8
87
  10
-340.640869
  20
834.247559
  0
VERTEX
  8
87
  10
-346.244507
  20
834.581665
  0
VERTEX
  8
87
  10
-351.845337
  20
834.985352
  0
VERTEX
  8
87
  10
-357.632202
  20
835.484863
  0
VERTEX
  8
87
  10
-363.410095
  20
836.062500
  0
VERTEX
  8
87
  10
-369.180847
  20
836.709778
  0
VERTEX
  8
87
  10
-374.946411
  20
837.418213
  0
VERTEX
  8
87
  10
-382.623230
  20
838.443726
  0
VERTEX
  8
87
  10
-390.286652
  20
839.547119
  0
VERTEX
  8
87
  10
-397.944214
  20
840.714111
  0
VERTEX
  8
87
  10
-403.188202
  20
841.546509
  0
VERTEX
  8
87
  10
-408.423492
  20
842.418823
  0
VERTEX
  8
87
  10
-413.647949
  20
843.348450
  0
VERTEX
  8
87
  10
-418.859436
  20
844.353027
  0
VERTEX
  8
87
  10
-424.607483
  20
845.564270
  0
VERTEX
  8
87
  10
-430.335999
  20
846.859680
  0
VERTEX
  8
87
  10
-436.052979
  20
848.211426
  0
VERTEX
  8
87
  10
-441.766235
  20
849.591675
  0
VERTEX
  8
87
  10
-398.505066
  20
1031.500854
  0
VERTEX
  8
87
  10
-397.145996
  20
1044.243774
  0
VERTEX
  8
87
  10
-396.628601
  20
1050.630615
  0
VERTEX
  8
87
  10
-396.242188
  20
1057.027222
  0
VERTEX
  8
87
  10
-395.981140
  20
1063.429932
  0
VERTEX
  8
87
  10
-395.856018
  20
1069.836304
  0
VERTEX
  8
87
  10
-395.873962
  20
1076.244141
  0
VERTEX
  8
87
  10
-396.012634
  20
1082.650757
  0
VERTEX
  8
87
  10
-396.335754
  20
1091.168213
  0
VERTEX
  8
87
  10
-396.767456
  20
1099.680786
  0
VERTEX
  8
87
  10
-397.809387
  20
1116.690308
  0
VERTEX
  8
87
  10
-399.041443
  20
1133.691040
  0
VERTEX
  8
87
  10
-400.470764
  20
1150.671021
  0
VERTEX
  8
87
  10
-402.122711
  20
1167.635620
  0
VERTEX
  8
87
  10
-403.966278
  20
1184.577271
  0
VERTEX
  8
87
  10
-406.005157
  20
1201.501099
  0
VERTEX
  8
87
  10
-402.543823
  20
1202.078247
  0
VERTEX
  8
87
  10
-399.123871
  20
1202.826782
  0
VERTEX
  8
87
  10
-395.860107
  20
1203.850220
  0
VERTEX
  8
87
  10
-392.686432
  20
1205.142822
  0
VERTEX
  8
87
  10
-389.579224
  20
1206.677612
  0
VERTEX
  8
87
  10
-386.597687
  20
1208.439575
  0
VERTEX
  8
87
  10
-383.769836
  20
1210.432495
  0
VERTEX
  8
87
  10
-381.121033
  20
1212.657349
  0
VERTEX
  8
87
  10
-378.675659
  20
1215.105713
  0
VERTEX
  8
87
  10
-376.437561
  20
1217.747314
  0
VERTEX
  8
87
  10
-374.401947
  20
1220.558838
  0
VERTEX
  8
87
  10
-372.593506
  20
1223.519287
  0
VERTEX
  8
87
  10
-371.033722
  20
1226.598267
  0
VERTEX
  8
87
  10
-369.694641
  20
1229.781494
  0
VERTEX
  8
87
  10
-368.546814
  20
1233.057861
  0
VERTEX
  8
87
  10
-367.589233
  20
1236.393921
  0
VERTEX
  8
87
  10
-366.198792
  20
1243.171387
  0
VERTEX
  8
87
  10
-365.303528
  20
1250.060547
  0
VERTEX
  8
87
  10
-364.632812
  20
1256.955444
  0
VERTEX
  8
87
  10
-364.221741
  20
1263.874023
  0
VERTEX
  8
87
  10
-363.994019
  20
1270.796997
  0
VERTEX
  8
87
  10
-364.009033
  20
1277.723389
  0
VERTEX
  8
87
  10
-364.123596
  20
1280.712891
  0
VERTEX
  8
87
  10
-364.866455
  20
1291.557129
  0
VERTEX
  8
87
  10
-365.434875
  20
1298.464722
  0
VERTEX
  8
87
  10
-366.151306
  20
1305.356323
  0
VERTEX
  8
87
  10
-367.120300
  20
1312.216797
  0
VERTEX
  8
87
  10
-368.311829
  20
1319.041260
  0
VERTEX
  8
87
  10
-369.761353
  20
1325.817017
  0
VERTEX
  8
87
  10
-371.376221
  20
1332.558105
  0
VERTEX
  8
87
  10
-373.059692
  20
1339.280640
  0
VERTEX
  8
87
  10
-374.862915
  20
1345.970215
  0
VERTEX
  8
87
  10
-376.170288
  20
1350.402344
  0
VERTEX
  8
87
  10
-377.565704
  20
1354.806396
  0
VERTEX
  8
87
  10
-379.046082
  20
1359.184082
  0
VERTEX
  8
87
  10
-381.403473
  20
1365.699829
  0
VERTEX
  8
87
  10
-383.851715
  20
1372.182617
  0
VERTEX
  8
87
  10
-287.117157
  20
1413.342896
  0
VERTEX
  8
87
  10
-284.846649
  20
1402.335327
  0
VERTEX
  8
87
  10
-283.471344
  20
1396.884277
  0
VERTEX
  8
87
  10
-281.891754
  20
1391.491699
  0
VERTEX
  8
87
  10
-280.081207
  20
1386.169556
  0
VERTEX
  8
87
  10
-278.550964
  20
1382.275146
  0
VERTEX
  8
87
  10
-276.850067
  20
1378.450439
  0
VERTEX
  8
87
  10
-274.963501
  20
1374.712158
  0
VERTEX
  8
87
  10
-272.847260
  20
1371.103027
  0
VERTEX
  8
87
  10
-270.470093
  20
1367.660400
  0
VERTEX
  8
87
  10
-267.876984
  20
1364.372925
  0
VERTEX
  8
87
  10
-265.119080
  20
1361.223877
  0
VERTEX
  8
87
  10
-262.196075
  20
1358.229004
  0
VERTEX
  8
87
  10
-259.097473
  20
1355.414062
  0
VERTEX
  8
87
  10
-255.819107
  20
1352.814575
  0
VERTEX
  8
87
  10
-252.368988
  20
1350.449463
  0
VERTEX
  8
87
  10
-248.796829
  20
1348.263916
  0
VERTEX
  8
87
  10
-245.145401
  20
1346.212036
  0
VERTEX
  8
87
  10
-241.392593
  20
1344.364746
  0
VERTEX
  8
87
  10
-237.514801
  20
1342.798096
  0
VERTEX
  8
87
  10
-233.537247
  20
1341.490234
  0
VERTEX
  8
87
  10
-229.492813
  20
1340.404053
  0
VERTEX
  8
87
  10
-225.398758
  20
1339.539307
  0
VERTEX
  8
87
  10
-217.117203
  20
1338.342896
  0
SEQEND
  0
POLYLINE
  8
8
  66
1
  70
1
  250
0
  0
VERTEX
  8
8
  10
-217.117203
  20
1338.342896
  0
VERTEX
  8
8
  10
-208.835648
  20
1339.539307
  0
VERTEX
  8
8
  10
-204.741592
  20
1340.404053
  0
VERTEX
  8
8
  10
-200.697159
  20
1341.490234
  0
VERTEX
  8
8
  10
-196.719604
  20
1342.798096
  0
VERTEX
  8
8
  10
-192.841812
  20
1344.364746
  0
VERTEX
  8
8
  10
-189.089020
  20
1346.212036
  0
VERTEX
  8
8
  10
-185.437576
  20
1348.263916
  0
VERTEX
  8
8
  10
-181.865417
  20
1350.449463
  0
VERTEX
  8
8
  10
-178.415298
  20
1352.814575
  0
VERTEX
  8
8
  10
-175.136948
  20
1355.414062
  0
VERTEX
  8
8
  10
-172.038361
  20
1358.229004
  0
VERTEX
  8
8
  10
-169.115356
  20
1361.223877
  0
VERTEX
  8
8
  10
-166.357452
  20
1364.372925
  0
VERTEX
  8
8
  10
-163.764343
  20
1367.660400
  0
VERTEX
  8
8
  10
-161.387177
  20
1371.103027
  0
VERTEX
  8
8
  10
-159.270920
  20
1374.712158
  0
VERTEX
  8
8
  10
-157.384369
  20
1378.450439
  0
VERTEX
  8
8
  10
-155.683472
  20
1382.275269
  0
VERTEX
  8
8
  10
-154.153229
  20
1386.169556
  0
VERTEX
  8
8
  10
-152.342682
  20
1391.491699
  0
VERTEX
  8
8
  10
-150.763092
  20
1396.884277
  0
VERTEX
  8
8
  10
-149.387787
  20
1402.335327
  0
VERTEX
  8
8
  10
-147.117157
  20
1413.342896
  0
VERTEX
  8
8
  10
-50.382721
  20
1372.182861
  0
VERTEX
  8
8
  10
-52.830933
  20
1365.699951
  0
VERTEX
  8
8
  10
-55.188309
  20
1359.184082
  0
VERTEX
  8
8
  10
-56.668686
  20
1354.806641
  0
VERTEX
  8
8
  10
-58.064148
  20
1350.402588
  0
VERTEX
  8
8
  10
-59.371475
  20
1345.970703
  0
VERTEX
  8
8
  10
-61.174713
  20
1339.280884
  0
VERTEX
  8
8
  10
-62.858170
  20
1332.558105
  0
VERTEX
  8
8
  10
-64.473068
  20
1325.817139
  0
VERTEX
  8
8
  10
-65.922562
  20
1319.041260
  0
VERTEX
  8
8
  10
-67.114075
  20
1312.216797
  0
VERTEX
  8
8
  10
-68.083069
  20
1305.356567
  0
VERTEX
  8
8
  10
-68.799500
  20
1298.464966
  0
VERTEX
  8
8
  10
-69.367920
  20
1291.557129
  0
VERTEX
  8
8
  10
-70.110779
  20
1280.712891
  0
VERTEX
  8
8
  10
-70.225342
  20
1277.723389
  0
VERTEX
  8
8
  10
-70.240356
  20
1270.797241
  0
VERTEX
  8
8
  10
-70.012634
  20
1263.874023
  0
VERTEX
  8
8
  10
-69.601547
  20
1256.955688
  0
VERTEX
  8
8
  10
-68.930710
  20
1250.060547
  0
VERTEX
  8
8
  10
-68.035446
  20
1243.171387
  0
VERTEX
  8
8
  10
-66.645004
  20
1236.394165
  0
VERTEX
  8
8
  10
-65.687393
  20
1233.058105
  0
VERTEX
  8
8
  10
-64.539597
  20
1229.781494
  0
VERTEX
  8
8
  10
-63.200500
  20
1226.598389
  0
VERTEX
  8
8
  10
-61.640732
  20
1223.519287
  0
VERTEX
  8
8
  10
-59.832291
  20
1220.558960
  0
VERTEX
  8
8
  10
-57.796677
  20
1217.747314
  0
VERTEX
  8
8
  10
-55.558533
  20
1215.105957
  0
VERTEX
  8
8
  10
-53.113205
  20
1212.657593
  0
VERTEX
  8
8
  10
-50.464371
  20
1210.432617
  0
VERTEX
  8
8
  10
-47.636505
  20
1208.439453
  0
VERTEX
  8
8
  10
-44.654953
  20
1206.677734
  0
VERTEX
  8
8
  10
-41.547760
  20
1205.142944
  0
VERTEX
  8
8
  10
-38.374115
  20
1203.850342
  0
VERTEX
  8
8
  10
-35.110443
  20
1202.826660
  0
VERTEX
  8
8
  10
-31.690521
  20
1202.078247
  0
VERTEX
  8
8
  10
-28.229156
  20
1201.500977
  0
VERTEX
  8
8
  10
-30.268036
  20
1184.577148
  0
VERTEX
  8
8
  10
-32.111603
  20
1167.635498
  0
VERTEX
  8
8
  10
-33.763504
  20
1150.670898
  0
VERTEX
  8
8
  10
-35.192825
  20
1133.690918
  0
VERTEX
  8
8
  10
-36.424881
  20
1116.690186
  0
VERTEX
  8
8
  10
-37.466797
  20
1099.680908
  0
VERTEX
  8
8
  10
-37.898422
  20
1091.168213
  0
VERTEX
  8
8
  10
-38.221497
  20
1082.650879
  0
VERTEX
  8
8
  10
-38.360138
  20
1076.244263
  0
VERTEX
  8
8
  10
-38.378113
  20
1069.836426
  0
VERTEX
  8
8
  10
-38.253006
  20
1063.430054
  0
VERTEX
  8
8
  10
-37.991928
  20
1057.027344
  0
VERTEX
  8
8
  10
-37.605469
  20
1050.630737
  0
VERTEX
  8
8
  10
-37.088120
  20
1044.243896
  0
VERTEX
  8
8
  10
-35.729050
  20
1031.500977
  0
VERTEX
  8
8
  10
7.532242
  20
849.591797
  0
VERTEX
  8
8
  10
1.818985
  20
848.211548
  0
VERTEX
  8
8
  10
-3.897964
  20
846.859802
  0
VERTEX
  8
8
  10
-9.626480
  20
845.564392
  0
VERTEX
  8
8
  10
-15.374557
  20
844.353149
  0
VERTEX
  8
8
  10
-20.586044
  20
843.348572
  0
VERTEX
  8
8
  10
-25.810486
  20
842.418945
  0
VERTEX
  8
8
  10
-31.045776
  20
841.546692
  0
VERTEX
  8
8
  10
-36.289780
  20
840.714233
  0
VERTEX
  8
8
  10
-43.947327
  20
839.547180
  0
VERTEX
  8
8
  10
-51.610764
  20
838.443787
  0
VERTEX
  8
8
  10
-59.287582
  20
837.418335
  0
VERTEX
  8
8
  10
-65.053131
  20
836.709900
  0
VERTEX
  8
8
  10
-70.823898
  20
836.062622
  0
VERTEX
  8
8
  10
-76.601791
  20
835.485046
  0
VERTEX
  8
8
  10
-82.388657
  20
834.985535
  0
VERTEX
  8
8
  10
-87.989471
  20
834.581848
  0
VERTEX
  8
8
  10
-93.593094
  20
834.247681
  0
VERTEX
  8
8
  10
-99.200172
  20
833.970825
  0
VERTEX
  8
8
  10
-104.811386
  20
833.739136
  0
VERTEX
  8
8
  10
-116.042885
  20
833.366882
  0
VERTEX
  8
8
  10
-127.275742
  20
833.050659
  0
VERTEX
  8
8
  10
-138.505615
  20
832.730103
  0
VERTEX
  8
8
  10
-149.731598
  20
832.413086
  0
VERTEX
  8
8
  10
-160.958160
  20
832.124451
  0
VERTEX
  8
8
  10
-172.189743
  20
831.888550
  0
VERTEX
  8
8
  10
-183.422470
  20
831.723206
  0
VERTEX
  8
8
  10
-194.652069
  20
831.616516
  0
VERTEX
  8
8
  10
-205.882324
  20
831.548828
  0
VERTEX
  8
8
  10
-217.117050
  20
831.500366
  0
VERTEX
  8
8
  10
-228.351654
  20
831.548828
  0
VERTEX
  8
8
  10
-239.581909
  20
831.616577
  0
VERTEX
  8
8
  10
-250.811508
  20
831.723145
  0
VERTEX
  8
8
  10
-262.044250
  20
831.888550
  0
VERTEX
  8
8
  10
-273.275818
  20
832.124390
  0
VERTEX
  8
8
  10
-284.502380
  20
832.413086
  0
VERTEX
  8
8
  10
-295.728363
  20
832.729980
  0
VERTEX
  8
8
  10
-306.958252
  20
833.050537
  0
VERTEX
  8
8
  10
-318.191101
  20
833.366760
  0
VERTEX
  8
8
  10
-329.422607
  20
833.739014
  0
VERTEX
  8
8
  10
-335.033813
  20
833.970703
  0
VERTEX
  8
8
  10
-340.640869
  20
834.247559
  0
VERTEX
  8
8
  10
-346.244507
  20
834.581665
  0
VERTEX
  8
8
  10
-351.845337
  20
834.985352
  0
VERTEX
  8
8
  10
-357.632202
  20
835.484863
  0
VERTEX
  8
8
  10
-363.410095
  20
836.062500
  0
VERTEX
  8
8
  10
-369.180847
  20
836.709778
  0
VERTEX
  8
8
  10
-374.946411
  20
837.418213
  0
VERTEX
  8
8
  10
-382.623230
  20
838.443726
  0
VERTEX
  8
8
  10
-390.286652
  20
839.547119
  0
VERTEX
  8
8
  10
-397.944214
  20
840.714111
  0
VERTEX
  8
8
  10
-403.188202
  20
841.546509
  0
VERTEX
  8
8
  10
-408.423492
  20
842.418823
  0
VERTEX
  8
8
  10
-413.647949
  20
843.348450
  0
VERTEX
  8
8
  10
-418.859436
  20
844.353027
  0
VERTEX
  8
8
  10
-424.607483
  20
845.564270
  0
VERTEX
  8
8
  10
-430.335999
  20
846.859680
  0
VERTEX
  8
8
  10
-436.052979
  20
848.211426
  0
VERTEX
  8
8
  10
-441.766235
  20
849.591675
  0
VERTEX
  8
8
  10
-398.505066
  20
1031.500854
  0
VERTEX
  8
8
  10
-397.145996
  20
1044.243774
  0
VERTEX
  8
8
  10
-396.628601
  20
1050.630615
  0
VERTEX
  8
8
  10
-396.242188
  20
1057.027222
  0
VERTEX
  8
8
  10
-395.981140
  20
1063.429932
  0
VERTEX
  8
8
  10
-395.856018
  20
1069.836304
  0
VERTEX
  8
8
  10
-395.873962
  20
1076.244141
  0
VERTEX
  8
8
  10
-396.012634
  20
1082.650757
  0
VERTEX
  8
8
  10
-396.335754
  20
1091.168213
  0
VERTEX
  8
8
  10
-396.767456
  20
1099.680786
  0
VERTEX
  8
8
  10
-397.809387
  20
1116.690308
  0
VERTEX
  8
8
  10
-399.041443
  20
1133.691040
  0
VERTEX
  8
8
  10
-400.470764
  20
1150.671021
  0
VERTEX
  8
8
  10
-402.122711
  20
1167.635620
  0
VERTEX
  8
8
  10
-403.966278
  20
1184.577271
  0
VERTEX
  8
8
  10
-406.005157
  20
1201.501099
  0
VERTEX
  8
8
  10
-402.543823
  20
1202.078247
  0
VERTEX
  8
8
  10
-399.123871
  20
1202.826782
  0
VERTEX
  8
8
  10
-395.860107
  20
1203.850220
  0
VERTEX
  8
8
  10
-392.686432
  20
1205.142822
  0
VERTEX
  8
8
  10
-389.579224
  20
1206.677612
  0
VERTEX
  8
8
  10
-386.597687
  20
1208.439575
  0
VERTEX
  8
8
  10
-383.769836
  20
1210.432495
  0
VERTEX
  8
8
  10
-381.121033
  20
1212.657349
  0
VERTEX
  8
8
  10
-378.675659
  20
1215.105713
  0
VERTEX
  8
8
  10
-376.437561
  20
1217.747314
  0
VERTEX
  8
8
  10
-374.401947
  20
1220.558838
  0
VERTEX
  8
8
  10
-372.593506
  20
1223.519287
  0
VERTEX
  8
8
  10
-371.033722
  20
1226.598267
  0
VERTEX
  8
8
  10
-369.694641
  20
1229.781494
  0
VERTEX
  8
8
  10
-368.546814
  20
1233.057861
  0
VERTEX
  8
8
  10
-367.589233
  20
1236.393921
  0
VERTEX
  8
8
  10
-366.198792
  20
1243.171387
  0
VERTEX
  8
8
  10
-365.303528
  20
1250.060547
  0
VERTEX
  8
8
  10
-364.632812
  20
1256.955444
  0
VERTEX
  8
8
  10
-364.221741
  20
1263.874023
  0
VERTEX
  8
8
  10
-363.994019
  20
1270.796997
  0
VERTEX
  8
8
  10
-364.009033
  20
1277.723389
  0
VERTEX
  8
8
  10
-364.123596
  20
1280.712891
  0
VERTEX
  8
8
  10
-364.866455
  20
1291.557129
  0
VERTEX
  8
8
  10
-365.434875
  20
1298.464722
  0
VERTEX
  8
8
  10
-366.151306
  20
1305.356323
  0
VERTEX
  8
8
  10
-367.120300
  20
1312.216797
  0
VERTEX
  8
8
  10
-368.311829
  20
1319.041260
  0
VERTEX
  8
8
  10
-369.761353
  20
1325.817017
  0
VERTEX
  8
8
  10
-371.376221
  20
1332.558105
  0
VERTEX
  8
8
  10
-373.059692
  20
1339.280640
  0
VERTEX
  8
8
  10
-374.862915
  20
1345.970215
  0
VERTEX
  8
8
  10
-376.170288
  20
1350.402344
  0
VERTEX
  8
8
  10
-377.565704
  20
1354.806396
  0
VERTEX
  8
8
  10
-379.046082
  20
1359.184082
  0
VERTEX
  8
8
  10
-381.403473
  20
1365.699829
  0
VERTEX
  8
8
  10
-383.851715
  20
1372.182617
  0
VERTEX
  8
8
  10
-287.117157
  20
1413.342896
  0
VERTEX
  8
8
  10
-284.846649
  20
1402.335327
  0
VERTEX
  8
8
  10
-283.471344
  20
1396.884277
  0
VERTEX
  8
8
  10
-281.891754
  20
1391.491699
  0
VERTEX
  8
8
  10
-280.081207
  20
1386.169556
  0
VERTEX
  8
8
  10
-278.550964
  20
1382.275146
  0
VERTEX
  8
8
  10
-276.850067
  20
1378.450439
  0
VERTEX
  8
8
  10
-274.963501
  20
1374.712158
  0
VERTEX
  8
8
  10
-272.847260
  20
1371.103027
  0
VERTEX
  8
8
  10
-270.470093
  20
1367.660400
  0
VERTEX
  8
8
  10
-267.876984
  20
1364.372925
  0
VERTEX
  8
8
  10
-265.119080
  20
1361.223877
  0
VERTEX
  8
8
  10
-262.196075
  20
1358.229004
  0
VERTEX
  8
8
  10
-259.097473
  20
1355.414062
  0
VERTEX
  8
8
  10
-255.819107
  20
1352.814575
  0
VERTEX
  8
8
  10
-252.368988
  20
1350.449463
  0
VERTEX
  8
8
  10
-248.796829
  20
1348.263916
  0
VERTEX
  8
8
  10
-245.145401
  20
1346.212036
  0
VERTEX
  8
8
  10
-241.392593
  20
1344.364746
  0
VERTEX
  8
8
  10
-237.514801
  20
1342.798096
  0
VERTEX
  8
8
  10
-233.537247
  20
1341.490234
  0
VERTEX
  8
8
  10
-229.492813
  20
1340.404053
  0
VERTEX
  8
8
  10
-225.398758
  20
1339.539307
  0
SEQEND
  0
POINT
  8
2
  10
-217.117203
  20
1338.342896
  0
POINT
  8
2
  10
-147.117157
  20
1413.342896
  0
POINT
  8
2
  10
-50.382721
  20
1372.182861
  0
POINT
  8
2
  10
-28.229156
  20
1201.500977
  0
POINT
  8
2
  10
-35.729050
  20
1031.500977
  0
POINT
  8
2
  10
7.532242
  20
849.591797
  0
POINT
  8
2
  10
-217.117050
  20
831.500366
  0
POINT
  8
2
  10
-441.766235
  20
849.591675
  0
POINT
  8
2
  10
-398.505066
  20
1031.500854
  0
POINT
  8
2
  10
-406.005157
  20
1201.501099
  0
POINT
  8
2
  10
-383.851715
  20
1372.182617
  0
POINT
  8
2
  10
-287.117157
  20
1413.342896
  0
POINT
  8
3
  10
-208.835648
  20
1339.539307
  0
POINT
  8
3
  10
-204.741592
  20
1340.404053
  0
POINT
  8
3
  10
-200.697159
  20
1341.490234
  0
POINT
  8
3
  10
-196.719604
  20
1342.798096
  0
POINT
  8
3
  10
-192.841812
  20
1344.364746
  0
POINT
  8
3
  10
-189.089020
  20
1346.212036
  0
POINT
  8
3
  10
-185.437576
  20
1348.263916
  0
POINT
  8
3
  10
-181.865417
  20
1350.449463
  0
POINT
  8
3
  10
-178.415298
  20
1352.814575
  0
POINT
  8
3
  10
-175.136948
  20
1355.414062
  0
POINT
  8
3
  10
-172.038361
  20
1358.229004
  0
POINT
  8
3
  10
-169.115356
  20
1361.223877
  0
POINT
  8
3
  10
-166.357452
  20
1364.372925
  0
POINT
  8
3
  10
-163.764343
  20
1367.660400
  0
POINT
  8
3
  10
-161.387177
  20
1371.103027
  0
POINT
  8
3
  10
-159.270920
  20
1374.712158
  0
POINT
  8
3
  10
-157.384369
  20
1378.450439
  0
POINT
  8
3
  10
-155.683472
  20
1382.275269
  0
POINT
  8
3
  10
-154.153229
  20
1386.169556
  0
POINT
  8
3
  10
-152.342682
  20
1391.491699
  0
POINT
  8
3
  10
-150.763092
  20
1396.884277
  0
POINT
  8
3
  10
-149.387787
  20
1402.335327
  0
POINT
  8
3
  10
-52.830933
  20
1365.699951
  0
POINT
  8
3
  10
-55.188309
  20
1359.184082
  0
POINT
  8
3
  10
-56.668686
  20
1354.806641
  0
POINT
  8
3
  10
-58.064148
  20
1350.402588
  0
POINT
  8
3
  10
-59.371475
  20
1345.970703
  0
POINT
  8
3
  10
-61.174713
  20
1339.280884
  0
POINT
  8
3
  10
-62.858170
  20
1332.558105
  0
POINT
  8
3
  10
-64.473068
  20
1325.817139
  0
POINT
  8
3
  10
-65.922562
  20
1319.041260
  0
POINT
  8
3
  10
-67.114075
  20
1312.216797
  0
POINT
  8
3
  10
-68.083069
  20
1305.356567
  0
POINT
  8
3
  10
-68.799500
  20
1298.464966
  0
POINT
  8
3
  10
-69.367920
  20
1291.557129
  0
POINT
  8
3
  10
-70.110779
  20
1280.712891
  0
POINT
  8
3
  10
-70.225342
  20
1277.723389
  0
POINT
  8
3
  10
-70.240356
  20
1270.797241
  0
POINT
  8
3
  10
-70.012634
  20
1263.874023
  0
POINT
  8
3
  10
-69.601547
  20
1256.955688
  0
POINT
  8
3
  10
-68.930710
  20
1250.060547
  0
POINT
  8
3
  10
-68.035446
  20
1243.171387
  0
POINT
  8
3
  10
-66.645004
  20
1236.394165
  0
POINT
  8
3
  10
-65.687393
  20
1233.058105
  0
POINT
  8
3
  10
-64.539597
  20
1229.781494
  0
POINT
  8
3
  10
-63.200500
  20
1226.598389
  0
POINT
  8
3
  10
-61.640732
  20
1223.519287
  0
POINT
  8
3
  10
-59.832291
  20
1220.558960
  0
POINT
  8
3
  10
-57.796677
  20
1217.747314
  0
POINT
  8
3
  10
-55.558533
  20
1215.105957
  0
POINT
  8
3
  10
-53.113205
  20
1212.657593
  0
POINT
  8
3
  10
-50.464371
  20
1210.432617
  0
POINT
  8
3
  10
-47.636505
  20
1208.439453
  0
POINT
  8
3
  10
-44.654953
  20
1206.677734
  0
POINT
  8
3
  10
-41.547760
  20
1205.142944
  0
POINT
  8
3
  10
-38.374115
  20
1203.850342
  0
POINT
  8
3
  10
-35.110443
  20
1202.826660
  0
POINT
  8
3
  10
-31.690521
  20
1202.078247
  0
POINT
  8
3
  10
-30.268036
  20
1184.577148
  0
POINT
  8
3
  10
-32.111603
  20
1167.635498
  0
POINT
  8
3
  10
-33.763504
  20
1150.670898
  0
POINT
  8
3
  10
-35.192825
  20
1133.690918
  0
POINT
  8
3
  10
-36.424881
  20
1116.690186
  0
POINT
  8
3
  10
-37.466797
  20
1099.680908
  0
POINT
  8
3
  10
-37.898422
  20
1091.168213
  0
POINT
  8
3
  10
-38.221497
  20
1082.650879
  0
POINT
  8
3
  10
-38.360138
  20
1076.244263
  0
POINT
  8
3
  10
-38.378113
  20
1069.836426
  0
POINT
  8
3
  10
-38.253006
  20
1063.430054
  0
POINT
  8
3
  10
-37.991928
  20
1057.027344
  0
POINT
  8
3
  10
-37.605469
  20
1050.630737
  0
POINT
  8
3
  10
-37.088120
  20
1044.243896
  0
POINT
  8
3
  10
1.818985
  20
848.211548
  0
POINT
  8
3
  10
-3.897964
  20
846.859802
  0
POINT
  8
3
  10
-9.626480
  20
845.564392
  0
POINT
  8
3
  10
-15.374557
  20
844.353149
  0
POINT
  8
3
  10
-20.586044
  20
843.348572
  0
POINT
  8
3
  10
-25.810486
  20
842.418945
  0
POINT
  8
3
  10
-31.045776
  20
841.546692
  0
POINT
  8
3
  10
-36.289780
  20
840.714233
  0
POINT
  8
3
  10
-43.947327
  20
839.547180
  0
POINT
  8
3
  10
-51.610764
  20
838.443787
  0
POINT
  8
3
  10
-59.287582
  20
837.418335
  0
POINT
  8
3
  10
-65.053131
  20
836.709900
  0
POINT
  8
3
  10
-70.823898
  20
836.062622
  0
POINT
  8
3
  10
-76.601791
  20
835.485046
  0
POINT
  8
3
  10
-82.388657
  20
834.985535
  0
POINT
  8
3
  10
-87.989471
  20
834.581848
  0
POINT
  8
3
  10
-93.593094
  20
834.247681
  0
POINT
  8
3
  10
-99.200172
  20
833.970825
  0
POINT
  8
3
  10
-104.811386
  20
833.739136
  0
POINT
  8
3
  10
-116.042885
  20
833.366882
  0
POINT
  8
3
  10
-127.275742
  20
833.050659
  0
POINT
  8
3
  10
-138.505615
  20
832.730103
  0
POINT
  8
3
  10
-149.731598
  20
832.413086
  0
POINT
  8
3
  10
-160.958160
  20
832.124451
  0
POINT
  8
3
  10
-172.189743
  20
831.888550
  0
POINT
  8
3
  10
-183.422470
  20
831.723206
  0
POINT
  8
3
  10
-194.652069
  20
831.616516
  0
POINT
  8
3
  10
-205.882324
  20
831.548828
  0
POINT
  8
3
  10
-228.351654
  20
831.548828
  0
POINT
  8
3
  10
-239.581909
  20
831.616577
  0
POINT
  8
3
  10
-250.811508
  20
831.723145
  0
POINT
  8
3
  10
-262.044250
  20
831.888550
  0
POINT
  8
3
  10
-273.275818
  20
832.124390
  0
POINT
  8
3
  10
-284.502380
  20
832.413086
  0
POINT
  8
3
  10
-295.728363
  20
832.729980
  0
POINT
  8
3
  10
-306.958252
  20
833.050537
  0
POINT
  8
3
  10
-318.191101
  20
833.366760
  0
POINT
  8
3
  10
-329.422607
  20
833.739014
  0
POINT
  8
3
  10
-335.033813
  20
833.970703
  0
POINT
  8
3
  10
-340.640869
  20
834.247559
  0
POINT
  8
3
  10
-346.244507
  20
834.581665
  0
POINT
  8
3
  10
-351.845337
  20
834.985352
  0
POINT
  8
3
  10
-357.632202
  20
835.484863
  0
POINT
  8
3
  10
-363.410095
  20
836.062500
  0
POINT
  8
3
  10
-369.180847
  20
836.709778
  0
POINT
  8
3
  10
-374.946411
  20
837.418213
  0
POINT
  8
3
  10
-382.623230
  20
838.443726
  0
POINT
  8
3
  10
-390.286652
  20
839.547119
  0
POINT
  8
3
  10
-397.944214
  20
840.714111
  0
POINT
  8
3
  10
-403.188202
  20
841.546509
  0
POINT
  8
3
  10
-408.423492
  20
842.418823
  0
POINT
  8
3
  10
-413.647949
  20
843.348450
  0
POINT
  8
3
  10
-418.859436
  20
844.353027
  0
POINT
  8
3
  10
-424.607483
  20
845.564270
  0
POINT
  8
3
  10
-430.335999
  20
846.859680
  0
POINT
  8
3
  10
-436.052979
  20
848.211426
  0
POINT
  8
3
  10
-397.145996
  20
1044.243774
  0
POINT
  8
3
  10
-396.628601
  20
1050.630615
  0
POINT
  8
3
  10
-396.242188
  20
1057.027222
  0
POINT
  8
3
  10
-395.981140
  20
1063.429932
  0
POINT
  8
3
  10
-395.856018
  20
1069.836304
  0
POINT
  8
3
  10
-395.873962
  20
1076.244141
  0
POINT
  8
3
  10
-396.012634
  20
1082.650757
  0
POINT
  8
3
  10
-396.335754
  20
1091.168213
  0
POINT
  8
3
  10
-396.767456
  20
1099.680786
  0
POINT
  8
3
  10
-397.809387
  20
1116.690308
  0
POINT
  8
3
  10
-399.041443
  20
1133.691040
  0
POINT
  8
3
  10
-400.470764
  20
1150.671021
  0
POINT
  8
3
  10
-402.122711
  20
1167.635620
  0
POINT
  8
3
  10
-403.966278
  20
1184.577271
  0
POINT
  8
3
  10
-402.543823
  20
1202.078247
  0
POINT
  8
3
  10
-399.123871
  20
1202.826782
  0
POINT
  8
3
  10
-395.860107
  20
1203.850220
  0
POINT
  8
3
  10
-392.686432
  20
1205.142822
  0
POINT
  8
3
  10
-389.579224
  20
1206.677612
  0
POINT
  8
3
  10
-386.597687
  20
1208.439575
  0
POINT
  8
3
  10
-383.769836
  20
1210.432495
  0
POINT
  8
3
  10
-381.121033
  20
1212.657349
  0
POINT
  8
3
  10
-378.675659
  20
1215.105713
  0
POINT
  8
3
  10
-376.437561
  20
1217.747314
  0
POINT
  8
3
  10
-374.401947
  20
1220.558838
  0
POINT
  8
3
  10
-372.593506
  20
1223.519287
  0
POINT
  8
3
  10
-371.033722
  20
1226.598267
  0
POINT
  8
3
  10
-369.694641
  20
1229.781494
  0
POINT
  8
3
  10
-368.546814
  20
1233.057861
  0
POINT
  8
3
  10
-367.589233
  20
1236.393921
  0
POINT
  8
3
  10
-366.198792
  20
1243.171387
  0
POINT
  8
3
  10
-365.303528
  20
1250.060547
  0
POINT
  8
3
  10
-364.632812
  20
1256.955444
  0
POINT
  8
3
  10
-364.221741
  20
1263.874023
  0
POINT
  8
3
  10
-363.994019
  20
1270.796997
  0
POINT
  8
3
  10
-364.009033
  20
1277.723389
  0
POINT
  8
3
  10
-364.123596
  20
1280.712891
  0
POINT
  8
3
  10
-364.866455
  20
1291.557129
  0
POINT
  8
3
  10
-365.434875
  20
1298.464722
  0
POINT
  8
3
  10
-366.151306
  20
1305.356323
  0
POINT
  8
3
  10
-367.120300
  20
1312.216797
  0
POINT
  8
3
  10
-368.311829
  20
1319.041260
  0
POINT
  8
3
  10
-369.761353
  20
1325.817017
  0
POINT
  8
3
  10
-371.376221
  20
1332.558105
  0
POINT
  8
3
  10
-373.059692
  20
1339.280640
  0
POINT
  8
3
  10
-374.862915
  20
1345.970215
  0
POINT
  8
3
  10
-376.170288
  20
1350.402344
  0
POINT
  8
3
  10
-377.565704
  20
1354.806396
  0
POINT
  8
3
  10
-379.046082
  20
1359.184082
  0
POINT
  8
3
  10
-381.403473
  20
1365.699829
  0
POINT
  8
3
  10
-284.846649
  20
1402.335327
  0
POINT
  8
3
  10
-283.471344
  20
1396.884277
  0
POINT
  8
3
  10
-281.891754
  20
1391.491699
  0
POINT
  8
3
  10
-280.081207
  20
1386.169556
  0
POINT
  8
3
  10
-278.550964
  20
1382.275146
  0
POINT
  8
3
  10
-276.850067
  20
1378.450439
  0
POINT
  8
3
  10
-274.963501
  20
1374.712158
  0
POINT
  8
3
  10
-272.847260
  20
1371.103027
  0
POINT
  8
3
  10
-270.470093
  20
1367.660400
  0
POINT
  8
3
  10
-267.876984
  20
1364.372925
  0
POINT
  8
3
  10
-265.119080
  20
1361.223877
  0
POINT
  8
3
  10
-262.196075
  20
1358.229004
  0
POINT
  8
3
  10
-259.097473
  20
1355.414062
  0
POINT
  8
3
  10
-255.819107
  20
1352.814575
  0
POINT
  8
3
  10
-252.368988
  20
1350.449463
  0
POINT
  8
3
  10
-248.796829
  20
1348.263916
  0
POINT
  8
3
  10
-245.145401
  20
1346.212036
  0
POINT
  8
3
  10
-241.392593
  20
1344.364746
  0
POINT
  8
3
  10
-237.514801
  20
1342.798096
  0
POINT
  8
3
  10
-233.537247
  20
1341.490234
  0
POINT
  8
3
  10
-229.492813
  20
1340.404053
  0
POINT
  8
3
  10
-225.398758
  20
1339.539307
  0
POLYLINE
  8
85
  66
1
  70
1
  250
1
  0
VERTEX
  8
85
  10
-208.835648
  20
1339.539307
  0
VERTEX
  8
85
  10
-204.741592
  20
1340.404053
  0
VERTEX
  8
85
  10
-200.697159
  20
1341.490234
  0
VERTEX
  8
85
  10
-196.719604
  20
1342.798096
  0
VERTEX
  8
85
  10
-192.841812
  20
1344.364746
  0
VERTEX
  8
85
  10
-189.089020
  20
1346.212036
  0
VERTEX
  8
85
  10
-185.437576
  20
1348.263916
  0
VERTEX
  8
85
  10
-181.865417
  20
1350.449463
  0
VERTEX
  8
85
  10
-178.415298
  20
1352.814575
  0
VERTEX
  8
85
  10
-175.136948
  20
1355.414062
  0
VERTEX
  8
85
  10
-172.038361
  20
1358.229004
  0
VERTEX
  8
85
  10
-169.115356
  20
1361.223877
  0
VERTEX
  8
85
  10
-166.357452
  20
1364.372925
  0
VERTEX
  8
85
  10
-163.764343
  20
1367.660400
  0
VERTEX
  8
85
  10
-161.387177
  20
1371.103027
  0
VERTEX
  8
85
  10
-159.270920
  20
1374.712158
  0
VERTEX
  8
85
  10
-157.384369
  20
1378.450439
  0
VERTEX
  8
85
  10
-155.683472
  20
1382.275269
  0
VERTEX
  8
85
  10
-154.153229
  20
1386.169556
  0
VERTEX
  8
85
  10
-152.342682
  20
1391.491699
  0
VERTEX
  8
85
  10
-150.763092
  20
1396.884277
  0
VERTEX
  8
85
  10
-149.387787
  20
1402.335327
  0
VERTEX
  8
85
  10
-147.117157
  20
1413.342896
  0
VERTEX
  8
85
  10
-50.382721
  20
1372.182861
  0
VERTEX
  8
85
  10
-52.830933
  20
1365.699951
  0
VERTEX
  8
85
  10
-55.188309
  20
1359.184082
  0
VERTEX
  8
85
  10
-56.668686
  20
1354.806641
  0
VERTEX
  8
85
  10
-58.064148
  20
1350.402588
  0
VERTEX
  8
85
  10
-59.371475
  20
1345.970703
  0
VERTEX
  8
85
  10
-61.174713
  20
1339.280884
  0
VERTEX
  8
85
  10
-62.858170
  20
1332.558105
  0
VERTEX
  8
85
  10
-64.473068
  20
1325.817139
  0
VERTEX
  8
85
  10
-65.922562
  20
1319.041260
  0
VERTEX
  8
85
  10
-67.114075
  20
1312.216797
  0
VERTEX
  8
85
  10
-68.083069
  20
1305.356567
  0
VERTEX
  8
85
  10
-68.799500
  20
1298.464966
  0
VERTEX
  8
85
  10
-69.367920
  20
1291.557129
  0
VERTEX
  8
85
  10
-70.110779
  20
1280.712891
  0
VERTEX
  8
85
  10
-70.225342
  20
1277.723389
  0
VERTEX
  8
85
  10
-70.240356
  20
1270.797241
  0
VERTEX
  8
85
  10
-70.012634
  20
1263.874023
  0
VERTEX
  8
85
  10
-69.601547
  20
1256.955688
  0
VERTEX
  8
85
  10
-68.930710
  20
1250.060547
  0
VERTEX
  8
85
  10
-68.035446
  20
1243.171387
  0
VERTEX
  8
85
  10
-66.645004
  20
1236.394165
  0
VERTEX
  8
85
  10
-65.687393
  20
1233.058105
  0
VERTEX
  8
85
  10
-64.539597
  20
1229.781494
  0
VERTEX
  8
85
  10
-63.200500
  20
1226.598389
  0
VERTEX
  8
85
  10
-61.640732
  20
1223.519287
  0
VERTEX
  8
85
  10
-59.832291
  20
1220.558960
  0
VERTEX
  8
85
  10
-57.796677
  20
1217.747314
  0
VERTEX
  8
85
  10
-55.558533
  20
1215.105957
  0
VERTEX
  8
85
  10
-53.113205
  20
1212.657593
  0
VERTEX
  8
85
  10
-50.464371
  20
1210.432617
  0
VERTEX
  8
85
  10
-47.636505
  20
1208.439453
  0
VERTEX
  8
85
  10
-44.654953
  20
1206.677734
  0
VERTEX
  8
85
  10
-41.547760
  20
1205.142944
  0
VERTEX
  8
85
  10
-38.374115
  20
1203.850342
  0
VERTEX
  8
85
  10
-35.110443
  20
1202.826660
  0
VERTEX
  8
85
  10
-31.690521
  20
1202.078247
  0
VERTEX
  8
85
  10
-28.229156
  20
1201.500977
  0
VERTEX
  8
85
  10
-30.268036
  20
1184.577148
  0
VERTEX
  8
85
  10
-32.111603
  20
1167.635498
  0
VERTEX
  8
85
  10
-33.763504
  20
1150.670898
  0
VERTEX
  8
85
  10
-35.192825
  20
1133.690918
  0
VERTEX
  8
85
  10
-36.424881
  20
1116.690186
  0
VERTEX
  8
85
  10
-37.466797
  20
1099.680908
  0
VERTEX
  8
85
  10
-37.898422
  20
1091.168213
  0
VERTEX
  8
85
  10
-38.221497
  20
1082.650879
  0
VERTEX
  8
85
  10
-38.360138
  20
1076.244263
  0
VERTEX
  8
85
  10
-38.378113
  20
1069.836426
  0
VERTEX
  8
85
  10
-38.253006
  20
1063.430054
  0
VERTEX
  8
85
  10
-37.991928
  20
1057.027344
  0
VERTEX
  8
85
  10
-37.605469
  20
1050.630737
  0
VERTEX
  8
85
  10
-37.088120
  20
1044.243896
  0
VERTEX
  8
85
  10
-35.729050
  20
1031.500977
  0
VERTEX
  8
85
  10
7.532242
  20
849.591797
  0
VERTEX
  8
85
  10
1.818985
  20
848.211548
  0
VERTEX
  8
85
  10
-3.897964
  20
846.859802
  0
VERTEX
  8
85
  10
-9.626480
  20
845.564392
  0
VERTEX
  8
85
  10
-15.374557
  20
844.353149
  0
VERTEX
  8
85
  10
-20.586044
  20
843.348572
  0
VERTEX
  8
85
  10
-25.810486
  20
842.418945
  0
VERTEX
  8
85
  10
-31.045776
  20
841.546692
  0
VERTEX
  8
85
  10
-36.289780
  20
840.714233
  0
VERTEX
  8
85
  10
-43.947327
  20
839.547180
  0
VERTEX
  8
85
  10
-51.610764
  20
838.443787
  0
VERTEX
  8
85
  10
-59.287582
  20
837.418335
  0
VERTEX
  8
85
  10
-65.053131
  20
836.709900
  0
VERTEX
  8
85
  10
-70.823898
  20
836.062622
  0
VERTEX
  8
85
  10
-76.601791
  20
835.485046
  0
VERTEX
  8
85
  10
-82.388657
  20
834.985535
  0
VERTEX
  8
85
  10
-87.989471
  20
834.581848
  0
VERTEX
  8
85
  10
-93.593094
  20
834.247681
  0
VERTEX
  8
85
  10
-99.200172
  20
833.970825
  0
VERTEX
  8
85
  10
-104.811386
  20
833.739136
  0
VERTEX
  8
85
  10
-116.042885
  20
833.366882
  0
VERTEX
  8
85
  10
-127.275742
  20
833.050659
  0
VERTEX
  8
85
  10
-138.505615
  20
832.730103
  0
VERTEX
  8
85
  10
-149.731598
  20
832.413086
  0
VERTEX
  8
85
  10
-160.958160
  20
832.124451
  0
VERTEX
  8
85
  10
-172.189743
  20
831.888550
  0
VERTEX
  8
85
  10
-183.422470
  20
831.723206
  0
VERTEX
  8
85
  10
-194.652069
  20
831.616516
  0
VERTEX
  8
85
  10
-205.882324
  20
831.548828
  0
VERTEX
  8
85
  10
-217.117050
  20
831.500366
  0
VERTEX
  8
85
  10
-228.351654
  20
831.548828
  0
VERTEX
  8
85
  10
-239.581909
  20
831.616577
  0
VERTEX
  8
85
  10
-250.811508
  20
831.723145
  0
VERTEX
  8
85
  10
-262.044250
  20
831.888550
  0
VERTEX
  8
85
  10
-273.275818
  20
832.124390
  0
VERTEX
  8
85
  10
-284.502380
  20
832.413086
  0
VERTEX
  8
85
  10
-295.728363
  20
832.729980
  0
VERTEX
  8
85
  10
-306.958252
  20
833.050537
  0
VERTEX
  8
85
  10
-318.191101
  20
833.366760
  0
VERTEX
  8
85
  10
-329.422607
  20
833.739014
  0
VERTEX
  8
85
  10
-335.033813
  20
833.970703
  0
VERTEX
  8
85
  10
-340.640869
  20
834.247559
  0
VERTEX
  8
85
  10
-346.244507
  20
834.581665
  0
VERTEX
  8
85
  10
-351.845337
  20
834.985352
  0
VERTEX
  8
85
  10
-357.632202
  20
835.484863
  0
VERTEX
  8
85
  10
-363.410095
  20
836.062500
  0
VERTEX
  8
85
  10
-369.180847
  20
836.709778
  0
VERTEX
  8
85
  10
-374.946411
  20
837.418213
  0
VERTEX
  8
85
  10
-382.623230
  20
838.443726
  0
VERTEX
  8
85
  10
-390.286652
  20
839.547119
  0
VERTEX
  8
85
  10
-397.944214
  20
840.714111
  0
VERTEX
  8
85
  10
-403.188202
  20
841.546509
  0
VERTEX
  8
85
  10
-408.423492
  20
842.418823
  0
VERTEX
  8
85
  10
-413.647949
  20
843.348450
  0
VERTEX
  8
85
  10
-418.859436
  20
844.353027
  0
VERTEX
  8
85
  10
-424.607483
  20
845.564270
  0
VERTEX
  8
85
  10
-430.335999
  20
846.859680
  0
VERTEX
  8
85
  10
-436.052979
  20
848.211426
  0
VERTEX
  8
85
  10
-441.766235
  20
849.591675
  0
VERTEX
  8
85
  10
-398.505066
  20
1031.500854
  0
VERTEX
  8
85
  10
-397.145996
  20
1044.243774
  0
VERTEX
  8
85
  10
-396.628601
  20
1050.630615
  0
VERTEX
  8
85
  10
-396.242188
  20
1057.027222
  0
VERTEX
  8
85
  10
-395.981140
  20
1063.429932
  0
VERTEX
  8
85
  10
-395.856018
  20
1069.836304
  0
VERTEX
  8
85
  10
-395.873962
  20
1076.244141
  0
VERTEX
  8
85
  10
-396.012634
  20
1082.650757
  0
VERTEX
  8
85
  10
-396.335754
  20
1091.168213
  0
VERTEX
  8
85
  10
-396.767456
  20
1099.680786
  0
VERTEX
  8
85
  10
-397.809387
  20
1116.690308
  0
VERTEX
  8
85
  10
-399.041443
  20
1133.691040
  0
VERTEX
  8
85
  10
-400.470764
  20
1150.671021
  0
VERTEX
  8
85
  10
-402.122711
  20
1167.635620
  0
VERTEX
  8
85
  10
-403.966278
  20
1184.577271
  0
VERTEX
  8
85
  10
-406.005157
  20
1201.501099
  0
VERTEX
  8
85
  10
-402.543823
  20
1202.078247
  0
VERTEX
  8
85
  10
-399.123871
  20
1202.826782
  0
VERTEX
  8
85
  10
-395.860107
  20
1203.850220
  0
VERTEX
  8
85
  10
-392.686432
  20
1205.142822
  0
VERTEX
  8
85
  10
-389.579224
  20
1206.677612
  0
VERTEX
  8
85
  10
-386.597687
  20
1208.439575
  0
VERTEX
  8
85
  10
-383.769836
  20
1210.432495
  0
VERTEX
  8
85
  10
-381.121033
  20
1212.657349
  0
VERTEX
  8
85
  10
-378.675659
  20
1215.105713
  0
VERTEX
  8
85
  10
-376.437561
  20
1217.747314
  0
VERTEX
  8
85
  10
-374.401947
  20
1220.558838
  0
VERTEX
  8
85
  10
-372.593506
  20
1223.519287
  0
VERTEX
  8
85
  10
-371.033722
  20
1226.598267
  0
VERTEX
  8
85
  10
-369.694641
  20
1229.781494
  0
VERTEX
  8
85
  10
-368.546814
  20
1233.057861
  0
VERTEX
  8
85
  10
-367.589233
  20
1236.393921
  0
VERTEX
  8
85
  10
-366.198792
  20
1243.171387
  0
VERTEX
  8
85
  10
-365.303528
  20
1250.060547
  0
VERTEX
  8
85
  10
-364.632812
  20
1256.955444
  0
VERTEX
  8
85
  10
-364.221741
  20
1263.874023
  0
VERTEX
  8
85
  10
-363.994019
  20
1270.796997
  0
VERTEX
  8
85
  10
-364.009033
  20
1277.723389
  0
VERTEX
  8
85
  10
-364.123596
  20
1280.712891
  0
VERTEX
  8
85
  10
-364.866455
  20
1291.557129
  0
VERTEX
  8
85
  10
-365.434875
  20
1298.464722
  0
VERTEX
  8
85
  10
-366.151306
  20
1305.356323
  0
VERTEX
  8
85
  10
-367.120300
  20
1312.216797
  0
VERTEX
  8
85
  10
-368.311829
  20
1319.041260
  0
VERTEX
  8
85
  10
-369.761353
  20
1325.817017
  0
VERTEX
  8
85
  10
-371.376221
  20
1332.558105
  0
VERTEX
  8
85
  10
-373.059692
  20
1339.280640
  0
VERTEX
  8
85
  10
-374.862915
  20
1345.970215
  0
VERTEX
  8
85
  10
-376.170288
  20
1350.402344
  0
VERTEX
  8
85
  10
-377.565704
  20
1354.806396
  0
VERTEX
  8
85
  10
-379.046082
  20
1359.184082
  0
VERTEX
  8
85
  10
-381.403473
  20
1365.699829
  0
VERTEX
  8
85
  10
-383.851715
  20
1372.182617
  0
VERTEX
  8
85
  10
-287.117157
  20
1413.342896
  0
VERTEX
  8
85
  10
-284.846649
  20
1402.335327
  0
VERTEX
  8
85
  10
-283.471344
  20
1396.884277
  0
VERTEX
  8
85
  10
-281.891754
  20
1391.491699
  0
VERTEX
  8
85
  10
-280.081207
  20
1386.169556
  0
VERTEX
  8
85
  10
-278.550964
  20
1382.275146
  0
VERTEX
  8
85
  10
-276.850067
  20
1378.450439
  0
VERTEX
  8
85
  10
-274.963501
  20
1374.712158
  0
VERTEX
  8
85
  10
-272.847260
  20
1371.103027
  0
VERTEX
  8
85
  10
-270.470093
  20
1367.660400
  0
VERTEX
  8
85
  10
-267.876984
  20
1364.372925
  0
VERTEX
  8
85
  10
-265.119080
  20
1361.223877
  0
VERTEX
  8
85
  10
-262.196075
  20
1358.229004
  0
VERTEX
  8
85
  10
-259.097473
  20
1355.414062
  0
VERTEX
  8
85
  10
-255.819107
  20
1352.814575
  0
VERTEX
  8
85
  10
-252.368988
  20
1350.449463
  0
VERTEX
  8
85
  10
-248.796829
  20
1348.263916
  0
VERTEX
  8
85
  10
-245.145401
  20
1346.212036
  0
VERTEX
  8
85
  10
-241.392593
  20
1344.364746
  0
VERTEX
  8
85
  10
-237.514801
  20
1342.798096
  0
VERTEX
  8
85
  10
-233.537247
  20
1341.490234
  0
VERTEX
  8
85
  10
-229.492813
  20
1340.404053
  0
VERTEX
  8
85
  10
-225.398758
  20
1339.539307
  0
VERTEX
  8
85
  10
-217.117203
  20
1338.342896
  0
SEQEND
  0
TEXT
  8
1
  10
-217.117004
  20
1122.421631
  50
0.000000
  1
PIECE NAME: 3
  7
STANDARD
  0
TEXT
  8
1
  10
-217.117004
  20
1117.421631
  50
0.000000
  1
SIZE: M
  7
STANDARD
  0
TEXT
  8
1
  10
-217.117004
  20
1107.421631
  50
0.000000
  1
QUANTITY: 1
  7
STANDARD
  0
ENDBLK
  0
BLOCK
  8
1
  2
Pattern_634078_M
  70
64
  10
0
  20
0
  0
POLYLINE
  8
1
  66
1
  70
1
  250
0
  0
VERTEX
  8
1
  10
-217.116821
  20
408.378357
  0
VERTEX
  8
1
  10
-83.272018
  20
421.274292
  0
VERTEX
  8
1
  10
45.552109
  20
459.810547
  0
VERTEX
  8
1
  10
164.489090
  20
522.537109
  0
VERTEX
  8
1
  10
-3.539749
  20
776.838867
  0
VERTEX
  8
1
  10
-70.121719
  20
741.809570
  0
VERTEX
  8
1
  10
-142.221680
  20
720.318909
  0
VERTEX
  8
1
  10
-217.116913
  20
713.178467
  0
VERTEX
  8
1
  10
-292.012146
  20
720.318970
  0
VERTEX
  8
1
  10
-364.112183
  20
741.809387
  0
VERTEX
  8
1
  10
-430.694092
  20
776.838745
  0
VERTEX
  8
1
  10
-598.722839
  20
522.536865
  0
VERTEX
  8
1
  10
-479.785767
  20
459.810425
  0
VERTEX
  8
1
  10
-350.961609
  20
421.274231
  0
SEQEND
  0
TEXT
  8
1
  10
-217.116821
  20
408.378357
  40
0.250000
  50
0.000000
  1
# 5
  7
STANDARD
  0
TEXT
  8
1
  10
164.489090
  20
522.537109
  40
0.250000
  50
0.000000
  1
# 6
  7
STANDARD
  0
TEXT
  8
1
  10
-3.539749
  20
776.838867
  40
0.250000
  50
0.000000
  1
# 7
  7
STANDARD
  0
TEXT
  8
1
  10
-217.116913
  20
713.178467
  40
0.250000
  50
0.000000
  1
# 8
  7
STANDARD
  0
TEXT
  8
1
  10
-430.694092
  20
776.838745
  40
0.250000
  50
0.000000
  1
# 7
  7
STANDARD
  0
TEXT
  8
1
  10
-598.722839
  20
522.536865
  40
0.250000
  50
0.000000
  1
# 6
  7
STANDARD
  0
POINT
  8
2
  10
-217.116821
  20
408.378357
  0
POINT
  8
2
  10
164.489090
  20
522.537109
  0
POINT
  8
2
  10
-3.539749
  20
776.838867
  0
POINT
  8
2
  10
-217.116913
  20
713.178467
  0
POINT
  8
2
  10
-430.694092
  20
776.838745
  0
POINT
  8
2
  10
-598.722839
  20
522.536865
  0
POINT
  8
3
  10
-83.272018
  20
421.274292
  0
POINT
  8
3
  10
45.552109
  20
459.810547
  0
POINT
  8
3
  10
-70.121719
  20
741.809570
  0
POINT
  8
3
  10
-142.221680
  20
720.318909
  0
POINT
  8
3
  10
-292.012146
  20
720.318970
  0
POINT
  8
3
  10
-364.112183
  20
741.809387
  0
POINT
  8
3
  10
-479.785767
  20
459.810425
  0
POINT
  8
3
  10
-350.961609
  20
421.274231
  0
POLYLINE
  8
84
  66
1
  70
1
  250
1
  0
VERTEX
  8
84
  10
-212.476151
  20
408.643677
  0
VERTEX
  8
84
  10
-207.836060
  20
408.910156
  0
VERTEX
  8
84
  10
-203.196686
  20
409.179077
  0
VERTEX
  8
84
  10
-198.558151
  20
409.451752
  0
VERTEX
  8
84
  10
-193.920624
  20
409.729492
  0
VERTEX
  8
84
  10
-189.284210
  20
410.013550
  0
VERTEX
  8
84
  10
-184.649063
  20
410.305298
  0
VERTEX
  8
84
  10
-180.015320
  20
410.605896
  0
VERTEX
  8
84
  10
-175.383118
  20
410.916748
  0
VERTEX
  8
84
  10
-170.752579
  20
411.239136
  0
VERTEX
  8
84
  10
-166.123856
  20
411.574280
  0
VERTEX
  8
84
  10
-161.497070
  20
411.923584
  0
VERTEX
  8
84
  10
-156.872375
  20
412.288269
  0
VERTEX
  8
84
  10
-152.249908
  20
412.669678
  0
VERTEX
  8
84
  10
-147.629776
  20
413.069031
  0
VERTEX
  8
84
  10
-143.012146
  20
413.487732
  0
VERTEX
  8
84
  10
-138.397156
  20
413.926971
  0
VERTEX
  8
84
  10
-133.784927
  20
414.388092
  0
VERTEX
  8
84
  10
-129.175598
  20
414.872375
  0
VERTEX
  8
84
  10
-124.569305
  20
415.381104
  0
VERTEX
  8
84
  10
-119.966194
  20
415.915619
  0
VERTEX
  8
84
  10
-115.366394
  20
416.477173
  0
VERTEX
  8
84
  10
-110.770035
  20
417.067078
  0
VERTEX
  8
84
  10
-106.177269
  20
417.686646
  0
VERTEX
  8
84
  10
-101.588234
  20
418.337097
  0
VERTEX
  8
84
  10
-97.003036
  20
419.019806
  0
VERTEX
  8
84
  10
-92.421860
  20
419.736053
  0
VERTEX
  8
84
  10
-87.844818
  20
420.487122
  0
VERTEX
  8
84
  10
-83.272018
  20
421.274292
  0
VERTEX
  8
84
  10
-78.704132
  20
422.098511
  0
VERTEX
  8
84
  10
-74.141891
  20
422.959717
  0
VERTEX
  8
84
  10
-69.585693
  20
423.857880
  0
VERTEX
  8
84
  10
-65.035873
  20
424.792847
  0
VERTEX
  8
84
  10
-60.492844
  20
425.764526
  0
VERTEX
  8
84
  10
-55.956940
  20
426.772797
  0
VERTEX
  8
84
  10
-51.428543
  20
427.817566
  0
VERTEX
  8
84
  10
-46.908020
  20
428.898682
  0
VERTEX
  8
84
  10
-42.395721
  20
430.016083
  0
VERTEX
  8
84
  10
-37.892044
  20
431.169647
  0
VERTEX
  8
84
  10
-33.397339
  20
432.359253
  0
VERTEX
  8
84
  10
-28.911987
  20
433.584778
  0
VERTEX
  8
84
  10
-24.436356
  20
434.846130
  0
VERTEX
  8
84
  10
-19.970795
  20
436.143188
  0
VERTEX
  8
84
  10
-15.515671
  20
437.475891
  0
VERTEX
  8
84
  10
-11.071411
  20
438.844055
  0
VERTEX
  8
84
  10
-6.638290
  20
440.247620
  0
VERTEX
  8
84
  10
-2.216736
  20
441.686462
  0
VERTEX
  8
84
  10
2.192871
  20
443.160461
  0
VERTEX
  8
84
  10
6.590210
  20
444.669525
  0
VERTEX
  8
84
  10
10.974854
  20
446.213531
  0
VERTEX
  8
84
  10
15.346497
  20
447.792358
  0
VERTEX
  8
84
  10
19.704727
  20
449.405945
  0
VERTEX
  8
84
  10
24.049194
  20
451.054138
  0
VERTEX
  8
84
  10
28.379532
  20
452.736816
  0
VERTEX
  8
84
  10
32.695358
  20
454.453949
  0
VERTEX
  8
84
  10
36.996307
  20
456.205322
  0
VERTEX
  8
84
  10
41.281998
  20
457.990906
  0
VERTEX
  8
84
  10
45.552109
  20
459.810547
  0
VERTEX
  8
84
  10
49.805954
  20
461.663818
  0
VERTEX
  8
84
  10
54.043503
  20
463.549652
  0
VERTEX
  8
84
  10
58.265366
  20
465.466858
  0
VERTEX
  8
84
  10
62.472183
  20
467.414276
  0
VERTEX
  8
84
  10
66.664536
  20
469.390747
  0
VERTEX
  8
84
  10
70.842972
  20
471.395142
  0
VERTEX
  8
84
  10
75.008194
  20
473.426331
  0
VERTEX
  8
84
  10
79.160660
  20
475.483063
  0
VERTEX
  8
84
  10
83.301041
  20
477.564240
  0
VERTEX
  8
84
  10
87.429947
  20
479.668701
  0
VERTEX
  8
84
  10
91.547989
  20
481.795258
  0
VERTEX
  8
84
  10
95.655655
  20
483.942810
  0
VERTEX
  8
84
  10
99.753677
  20
486.110168
  0
VERTEX
  8
84
  10
103.842575
  20
488.296143
  0
VERTEX
  8
84
  10
107.922958
  20
490.499664
  0
VERTEX
  8
84
  10
111.995438
  20
492.719482
  0
VERTEX
  8
84
  10
116.060593
  20
494.954468
  0
VERTEX
  8
84
  10
120.119003
  20
497.203491
  0
VERTEX
  8
84
  10
124.171371
  20
499.465393
  0
VERTEX
  8
84
  10
128.218155
  20
501.738983
  0
VERTEX
  8
84
  10
132.259995
  20
504.023132
  0
VERTEX
  8
84
  10
136.297501
  20
506.316650
  0
VERTEX
  8
84
  10
140.331345
  20
508.618408
  0
VERTEX
  8
84
  10
144.361954
  20
510.927246
  0
VERTEX
  8
84
  10
148.390060
  20
513.242004
  0
VERTEX
  8
84
  10
152.416275
  20
515.561523
  0
VERTEX
  8
84
  10
156.441086
  20
517.884644
  0
VERTEX
  8
84
  10
160.465164
  20
520.210205
  0
VERTEX
  8
84
  10
164.489090
  20
522.537109
  0
VERTEX
  8
84
  10
-3.539749
  20
776.838867
  0
VERTEX
  8
84
  10
-6.380173
  20
775.200317
  0
VERTEX
  8
84
  10
-9.220871
  20
773.563171
  0
VERTEX
  8
84
  10
-12.062500
  20
771.928711
  0
VERTEX
  8
84
  10
-14.905762
  20
770.298279
  0
VERTEX
  8
84
  10
-17.751266
  20
768.673218
  0
VERTEX
  8
84
  10
-20.599747
  20
767.054688
  0
VERTEX
  8
84
  10
-23.451828
  20
765.444092
  0
VERTEX
  8
84
  10
-26.308197
  20
763.842712
  0
VERTEX
  8
84
  10
-29.169510
  20
762.251831
  0
VERTEX
  8
84
  10
-32.036438
  20
760.672729
  0
VERTEX
  8
84
  10
-34.909668
  20
759.106750
  0
VERTEX
  8
84
  10
-37.789841
  20
757.555176
  0
VERTEX
  8
84
  10
-40.677628
  20
756.019287
  0
VERTEX
  8
84
  10
-43.573715
  20
754.500427
  0
VERTEX
  8
84
  10
-46.478760
  20
752.999817
  0
VERTEX
  8
84
  10
-49.393417
  20
751.518799
  0
VERTEX
  8
84
  10
-52.318375
  20
750.058716
  0
VERTEX
  8
84
  10
-55.254303
  20
748.620789
  0
VERTEX
  8
84
  10
-58.201859
  20
747.206421
  0
VERTEX
  8
84
  10
-61.161713
  20
745.816772
  0
VERTEX
  8
84
  10
-64.134537
  20
744.453186
  0
VERTEX
  8
84
  10
-67.120987
  20
743.117065
  0
VERTEX
  8
84
  10
-70.121719
  20
741.809570
  0
VERTEX
  8
84
  10
-72.511902
  20
740.793823
  0
VERTEX
  8
84
  10
-74.910812
  20
739.797119
  0
VERTEX
  8
84
  10
-77.318222
  20
738.819580
  0
VERTEX
  8
84
  10
-79.733932
  20
737.861206
  0
VERTEX
  8
84
  10
-82.157715
  20
736.922119
  0
VERTEX
  8
84
  10
-84.589417
  20
736.002319
  0
VERTEX
  8
84
  10
-87.028793
  20
735.101929
  0
VERTEX
  8
84
  10
-89.475655
  20
734.220947
  0
VERTEX
  8
84
  10
-91.929779
  20
733.359436
  0
VERTEX
  8
84
  10
-94.390976
  20
732.517517
  0
VERTEX
  8
84
  10
-96.859024
  20
731.695190
  0
VERTEX
  8
84
  10
-99.333725
  20
730.892578
  0
VERTEX
  8
84
  10
-101.814873
  20
730.109741
  0
VERTEX
  8
84
  10
-104.302254
  20
729.346680
  0
VERTEX
  8
84
  10
-106.795692
  20
728.603455
  0
VERTEX
  8
84
  10
-109.294930
  20
727.880188
  0
VERTEX
  8
84
  10
-111.799812
  20
727.176880
  0
VERTEX
  8
84
  10
-114.310089
  20
726.493652
  0
VERTEX
  8
84
  10
-116.825592
  20
725.830505
  0
VERTEX
  8
84
  10
-119.346092
  20
725.187561
  0
VERTEX
  8
84
  10
-121.871376
  20
724.564880
  0
VERTEX
  8
84
  10
-124.401260
  20
723.962402
  0
VERTEX
  8
84
  10
-126.935532
  20
723.380371
  0
VERTEX
  8
84
  10
-129.473969
  20
722.818726
  0
VERTEX
  8
84
  10
-132.016388
  20
722.277588
  0
VERTEX
  8
84
  10
-134.562592
  20
721.756958
  0
VERTEX
  8
84
  10
-137.112335
  20
721.256897
  0
VERTEX
  8
84
  10
-139.665436
  20
720.777588
  0
VERTEX
  8
84
  10
-142.221680
  20
720.318909
  0
VERTEX
  8
84
  10
-145.448593
  20
719.770142
  0
VERTEX
  8
84
  10
-148.679245
  20
719.253174
  0
VERTEX
  8
84
  10
-151.913483
  20
718.766663
  0
VERTEX
  8
84
  10
-155.151169
  20
718.308960
  0
VERTEX
  8
84
  10
-158.392105
  20
717.878845
  0
VERTEX
  8
84
  10
-161.636185
  20
717.474670
  0
VERTEX
  8
84
  10
-164.883240
  20
717.095093
  0
VERTEX
  8
84
  10
-168.133118
  20
716.738647
  0
VERTEX
  8
84
  10
-171.385666
  20
716.403870
  0
VERTEX
  8
84
  10
-174.640732
  20
716.089294
  0
VERTEX
  8
84
  10
-177.898178
  20
715.793457
  0
VERTEX
  8
84
  10
-181.157837
  20
715.514954
  0
VERTEX
  8
84
  10
-184.419556
  20
715.252319
  0
VERTEX
  8
84
  10
-187.683182
  20
715.004089
  0
VERTEX
  8
84
  10
-190.948578
  20
714.768799
  0
VERTEX
  8
84
  10
-194.215576
  20
714.544983
  0
VERTEX
  8
84
  10
-197.484039
  20
714.331238
  0
VERTEX
  8
84
  10
-200.753815
  20
714.126099
  0
VERTEX
  8
84
  10
-204.024734
  20
713.928101
  0
VERTEX
  8
84
  10
-207.296661
  20
713.735779
  0
VERTEX
  8
84
  10
-210.569427
  20
713.547729
  0
VERTEX
  8
84
  10
-213.842896
  20
713.362427
  0
VERTEX
  8
84
  10
-217.116913
  20
713.178467
  0
VERTEX
  8
84
  10
-220.390930
  20
713.362427
  0
VERTEX
  8
84
  10
-223.664398
  20
713.547729
  0
VERTEX
  8
84
  10
-226.937164
  20
713.735779
  0
VERTEX
  8
84
  10
-230.209091
  20
713.928101
  0
VERTEX
  8
84
  10
-233.480011
  20
714.126099
  0
VERTEX
  8
84
  10
-236.749786
  20
714.331299
  0
VERTEX
  8
84
  10
-240.018250
  20
714.545044
  0
VERTEX
  8
84
  10
-243.285248
  20
714.768799
  0
VERTEX
  8
84
  10
-246.550629
  20
715.004089
  0
VERTEX
  8
84
  10
-249.814270
  20
715.252319
  0
VERTEX
  8
84
  10
-253.075989
  20
715.515015
  0
VERTEX
  8
84
  10
-256.335632
  20
715.793518
  0
VERTEX
  8
84
  10
-259.593079
  20
716.089294
  0
VERTEX
  8
84
  10
-262.848145
  20
716.403931
  0
VERTEX
  8
84
  10
-266.100708
  20
716.738647
  0
VERTEX
  8
84
  10
-269.350586
  20
717.095154
  0
VERTEX
  8
84
  10
-272.597656
  20
717.474731
  0
VERTEX
  8
84
  10
-275.841705
  20
717.878845
  0
VERTEX
  8
84
  10
-279.082672
  20
718.309021
  0
VERTEX
  8
84
  10
-282.320312
  20
718.766663
  0
VERTEX
  8
84
  10
-285.554565
  20
719.253235
  0
VERTEX
  8
84
  10
-288.785217
  20
719.770203
  0
VERTEX
  8
84
  10
-292.012146
  20
720.318970
  0
VERTEX
  8
84
  10
-294.568390
  20
720.777588
  0
VERTEX
  8
84
  10
-297.121490
  20
721.256897
  0
VERTEX
  8
84
  10
-299.671234
  20
721.756958
  0
VERTEX
  8
84
  10
-302.217438
  20
722.277527
  0
VERTEX
  8
84
  10
-304.759857
  20
722.818726
  0
VERTEX
  8
84
  10
-307.298309
  20
723.380371
  0
VERTEX
  8
84
  10
-309.832581
  20
723.962402
  0
VERTEX
  8
84
  10
-312.362457
  20
724.564819
  0
VERTEX
  8
84
  10
-314.887756
  20
725.187500
  0
VERTEX
  8
84
  10
-317.408264
  20
725.830444
  0
VERTEX
  8
84
  10
-319.923767
  20
726.493591
  0
VERTEX
  8
84
  10
-322.434052
  20
727.176819
  0
VERTEX
  8
84
  10
-324.938904
  20
727.880127
  0
VERTEX
  8
84
  10
-327.438171
  20
728.603394
  0
VERTEX
  8
84
  10
-329.931580
  20
729.346558
  0
VERTEX
  8
84
  10
-332.418976
  20
730.109680
  0
VERTEX
  8
84
  10
-334.900146
  20
730.892517
  0
VERTEX
  8
84
  10
-337.374847
  20
731.695129
  0
VERTEX
  8
84
  10
-339.842896
  20
732.517456
  0
VERTEX
  8
84
  10
-342.304077
  20
733.359375
  0
VERTEX
  8
84
  10
-344.758209
  20
734.220825
  0
VERTEX
  8
84
  10
-347.205078
  20
735.101807
  0
VERTEX
  8
84
  10
-349.644440
  20
736.002197
  0
VERTEX
  8
84
  10
-352.076141
  20
736.921997
  0
VERTEX
  8
84
  10
-354.499939
  20
737.861084
  0
VERTEX
  8
84
  10
-356.915649
  20
738.819458
  0
VERTEX
  8
84
  10
-359.323059
  20
739.796997
  0
VERTEX
  8
84
  10
-361.721985
  20
740.793701
  0
VERTEX
  8
84
  10
-364.112183
  20
741.809387
  0
VERTEX
  8
84
  10
-367.112915
  20
743.116882
  0
VERTEX
  8
84
  10
-370.099365
  20
744.453064
  0
VERTEX
  8
84
  10
-373.072174
  20
745.816589
  0
VERTEX
  8
84
  10
-376.032043
  20
747.206238
  0
VERTEX
  8
84
  10
-378.979584
  20
748.620667
  0
VERTEX
  8
84
  10
-381.915497
  20
750.058594
  0
VERTEX
  8
84
  10
-384.840454
  20
751.518677
  0
VERTEX
  8
84
  10
-387.755127
  20
752.999634
  0
VERTEX
  8
84
  10
-390.660156
  20
754.500244
  0
VERTEX
  8
84
  10
-393.556244
  20
756.019165
  0
VERTEX
  8
84
  10
-396.444031
  20
757.554993
  0
VERTEX
  8
84
  10
-399.324219
  20
759.106567
  0
VERTEX
  8
84
  10
-402.197388
  20
760.672607
  0
VERTEX
  8
84
  10
-405.064331
  20
762.251648
  0
VERTEX
  8
84
  10
-407.925659
  20
763.842529
  0
VERTEX
  8
84
  10
-410.782043
  20
765.443970
  0
VERTEX
  8
84
  10
-413.634094
  20
767.054504
  0
VERTEX
  8
84
  10
-416.482574
  20
768.673035
  0
VERTEX
  8
84
  10
-419.328094
  20
770.298157
  0
VERTEX
  8
84
  10
-422.171326
  20
771.928589
  0
VERTEX
  8
84
  10
-425.012970
  20
773.563049
  0
VERTEX
  8
84
  10
-427.853668
  20
775.200195
  0
VERTEX
  8
84
  10
-430.694092
  20
776.838745
  0
VERTEX
  8
84
  10
-598.722839
  20
522.536865
  0
VERTEX
  8
84
  10
-594.698914
  20
520.209961
  0
VERTEX
  8
84
  10
-590.674805
  20
517.884399
  0
VERTEX
  8
84
  10
-586.650024
  20
515.561279
  0
VERTEX
  8
84
  10
-582.623840
  20
513.241760
  0
VERTEX
  8
84
  10
-578.595703
  20
510.927002
  0
VERTEX
  8
84
  10
-574.565002
  20
508.618195
  0
VERTEX
  8
84
  10
-570.531189
  20
506.316437
  0
VERTEX
  8
84
  10
-566.493652
  20
504.022888
  0
VERTEX
  8
84
  10
-562.451843
  20
501.738770
  0
VERTEX
  8
84
  10
-558.405029
  20
499.465179
  0
VERTEX
  8
84
  10
-554.352661
  20
497.203308
  0
VERTEX
  8
84
  10
-550.294250
  20
494.954285
  0
VERTEX
  8
84
  10
-546.229126
  20
492.719269
  0
VERTEX
  8
84
  10
-542.156616
  20
490.499451
  0
VERTEX
  8
84
  10
-538.076233
  20
488.295959
  0
VERTEX
  8
84
  10
-533.987366
  20
486.109985
  0
VERTEX
  8
84
  10
-529.889343
  20
483.942627
  0
VERTEX
  8
84
  10
-525.781616
  20
481.795105
  0
VERTEX
  8
84
  10
-521.663635
  20
479.668518
  0
VERTEX
  8
84
  10
-517.534729
  20
477.564056
  0
VERTEX
  8
84
  10
-513.394348
  20
475.482910
  0
VERTEX
  8
84
  10
-509.241882
  20
473.426147
  0
VERTEX
  8
84
  10
-505.076660
  20
471.395020
  0
VERTEX
  8
84
  10
-500.898193
  20
469.390625
  0
VERTEX
  8
84
  10
-496.705872
  20
467.414124
  0
VERTEX
  8
84
  10
-492.499023
  20
465.466705
  0
VERTEX
  8
84
  10
-488.277161
  20
463.549500
  0
VERTEX
  8
84
  10
-484.039612
  20
461.663696
  0
VERTEX
  8
84
  10
-479.785767
  20
459.810425
  0
VERTEX
  8
84
  10
-475.515686
  20
457.990784
  0
VERTEX
  8
84
  10
-471.229980
  20
456.205200
  0
VERTEX
  8
84
  10
-466.929016
  20
454.453827
  0
VERTEX
  8
84
  10
-462.613190
  20
452.736725
  0
VERTEX
  8
84
  10
-458.282867
  20
451.054016
  0
VERTEX
  8
84
  10
-453.938416
  20
449.405823
  0
VERTEX
  8
84
  10
-449.580170
  20
447.792267
  0
VERTEX
  8
84
  10
-445.208527
  20
446.213440
  0
VERTEX
  8
84
  10
-440.823853
  20
444.669403
  0
VERTEX
  8
84
  10
-436.426544
  20
443.160339
  0
VERTEX
  8
84
  10
-432.016907
  20
441.686340
  0
VERTEX
  8
84
  10
-427.595367
  20
440.247528
  0
VERTEX
  8
84
  10
-423.162292
  20
438.843964
  0
VERTEX
  8
84
  10
-418.717987
  20
437.475769
  0
VERTEX
  8
84
  10
-414.262878
  20
436.143127
  0
VERTEX
  8
84
  10
-409.797302
  20
434.846039
  0
VERTEX
  8
84
  10
-405.321655
  20
433.584717
  0
VERTEX
  8
84
  10
-400.836304
  20
432.359131
  0
VERTEX
  8
84
  10
-396.341614
  20
431.169556
  0
VERTEX
  8
84
  10
-391.837891
  20
430.016022
  0
VERTEX
  8
84
  10
-387.325623
  20
428.898621
  0
VERTEX
  8
84
  10
-382.805084
  20
427.817505
  0
VERTEX
  8
84
  10
-378.276703
  20
426.772766
  0
VERTEX
  8
84
  10
-373.740784
  20
425.764465
  0
VERTEX
  8
84
  10
-369.197754
  20
424.792786
  0
VERTEX
  8
84
  10
-364.647949
  20
423.857819
  0
VERTEX
  8
84
  10
-360.091736
  20
422.959656
  0
VERTEX
  8
84
  10
-355.529480
  20
422.098450
  0
VERTEX
  8
84
  10
-350.961609
  20
421.274231
  0
VERTEX
  8
84
  10
-346.388824
  20
420.487061
  0
VERTEX
  8
84
  10
-341.811768
  20
419.736023
  0
VERTEX
  8
84
  10
-337.230591
  20
419.019775
  0
VERTEX
  8
84
  10
-332.645386
  20
418.337067
  0
VERTEX
  8
84
  10
-328.056366
  20
417.686584
  0
VERTEX
  8
84
  10
-323.463593
  20
417.067047
  0
VERTEX
  8
84
  10
-318.867249
  20
416.477142
  0
VERTEX
  8
84
  10
-314.267456
  20
415.915588
  0
VERTEX
  8
84
  10
-309.664337
  20
415.381073
  0
VERTEX
  8
84
  10
-305.058044
  20
414.872345
  0
VERTEX
  8
84
  10
-300.448730
  20
414.388062
  0
VERTEX
  8
84
  10
-295.836487
  20
413.926941
  0
VERTEX
  8
84
  10
-291.221497
  20
413.487701
  0
VERTEX
  8
84
  10
-286.603851
  20
413.069031
  0
VERTEX
  8
84
  10
-281.983734
  20
412.669647
  0
VERTEX
  8
84
  10
-277.361267
  20
412.288269
  0
VERTEX
  8
84
  10
-272.736542
  20
411.923584
  0
VERTEX
  8
84
  10
-268.109772
  20
411.574280
  0
VERTEX
  8
84
  10
-263.481049
  20
411.239075
  0
VERTEX
  8
84
  10
-258.850525
  20
410.916748
  0
VERTEX
  8
84
  10
-254.218323
  20
410.605896
  0
VERTEX
  8
84
  10
-249.584564
  20
410.305237
  0
VERTEX
  8
84
  10
-244.949417
  20
410.013550
  0
VERTEX
  8
84
  10
-240.313019
  20
409.729492
  0
VERTEX
  8
84
  10
-235.675491
  20
409.451752
  0
VERTEX
  8
84
  10
-231.036957
  20
409.179077
  0
VERTEX
  8
84
  10
-226.397583
  20
408.910156
  0
VERTEX
  8
84
  10
-221.757492
  20
408.643677
  0
VERTEX
  8
84
  10
-217.116821
  20
408.378357
  0
SEQEND
  0
LINE
  8
7
  10
-217.116867
  20
502.608643
  11
-217.116898
  21
682.608643
  0
POLYLINE
  8
14
  66
1
  70
1
  250
2
  0
VERTEX
  8
14
  10
-217.116821
  20
408.378357
  0
VERTEX
  8
14
  10
-83.272018
  20
421.274292
  0
VERTEX
  8
14
  10
45.552109
  20
459.810547
  0
VERTEX
  8
14
  10
164.489090
  20
522.537109
  0
VERTEX
  8
14
  10
-3.539749
  20
776.838867
  0
VERTEX
  8
14
  10
-70.121719
  20
741.809570
  0
VERTEX
  8
14
  10
-142.221680
  20
720.318909
  0
VERTEX
  8
14
  10
-217.116913
  20
713.178467
  0
VERTEX
  8
14
  10
-292.012146
  20
720.318970
  0
VERTEX
  8
14
  10
-364.112183
  20
741.809387
  0
VERTEX
  8
14
  10
-430.694092
  20
776.838745
  0
VERTEX
  8
14
  10
-598.722839
  20
522.536865
  0
VERTEX
  8
14
  10
-479.785767
  20
459.810425
  0
VERTEX
  8
14
  10
-350.961609
  20
421.274231
  0
SEQEND
  0
TEXT
  8
14
  10
-217.116821
  20
408.378357
  40
0.250000
  50
0.000000
  1
# 5
  7
STANDARD
  0
TEXT
  8
14
  10
164.489090
  20
522.537109
  40
0.250000
  50
0.000000
  1
# 6
  7
STANDARD
  0
TEXT
  8
14
  10
-3.539749
  20
776.838867
  40
0.250000
  50
0.000000
  1
# 7
  7
STANDARD
  0
TEXT
  8
14
  10
-217.116913
  20
713.178467
  40
0.250000
  50
0.000000
  1
# 8
  7
STANDARD
  0
TEXT
  8
14
  10
-430.694092
  20
776.838745
  40
0.250000
  50
0.000000
  1
# 7
  7
STANDARD
  0
TEXT
  8
14
  10
-598.722839
  20
522.536865
  40
0.250000
  50
0.000000
  1
# 6
  7
STANDARD
  0
POINT
  8
2
  10
-217.116821
  20
408.378357
  0
POINT
  8
2
  10
164.489090
  20
522.537109
  0
POINT
  8
2
  10
-3.539749
  20
776.838867
  0
POINT
  8
2
  10
-217.116913
  20
713.178467
  0
POINT
  8
2
  10
-430.694092
  20
776.838745
  0
POINT
  8
2
  10
-598.722839
  20
522.536865
  0
POINT
  8
3
  10
-83.272018
  20
421.274292
  0
POINT
  8
3
  10
45.552109
  20
459.810547
  0
POINT
  8
3
  10
-70.121719
  20
741.809570
  0
POINT
  8
3
  10
-142.221680
  20
720.318909
  0
POINT
  8
3
  10
-292.012146
  20
720.318970
  0
POINT
  8
3
  10
-364.112183
  20
741.809387
  0
POINT
  8
3
  10
-479.785767
  20
459.810425
  0
POINT
  8
3
  10
-350.961609
  20
421.274231
  0
TEXT
  8
15
  10
-253.070297
  20
544.788269
  40
8.781250
  50
90.000023
  999
11.000000
  1000
3
  1
Pattern_634078
  7
STANDARD
  0
POLYLINE
  8
87
  66
1
  70
1
  250
2
  0
VERTEX
  8
87
  10
-212.476151
  20
408.643677
  0
VERTEX
  8
87
  10
-207.836060
  20
408.910156
  0
VERTEX
  8
87
  10
-203.196686
  20
409.179077
  0
VERTEX
  8
87
  10
-198.558151
  20
409.451752
  0
VERTEX
  8
87
  10
-193.920624
  20
409.729492
  0
VERTEX
  8
87
  10
-189.284210
  20
410.013550
  0
VERTEX
  8
87
  10
-184.649063
  20
410.305298
  0
VERTEX
  8
87
  10
-180.015320
  20
410.605896
  0
VERTEX
  8
87
  10
-175.383118
  20
410.916748
  0
VERTEX
  8
87
  10
-170.752579
  20
411.239136
  0
VERTEX
  8
87
  10
-166.123856
  20
411.574280
  0
VERTEX
  8
87
  10
-161.497070
  20
411.923584
  0
VERTEX
  8
87
  10
-156.872375
  20
412.288269
  0
VERTEX
  8
87
  10
-152.249908
  20
412.669678
  0
VERTEX
  8
87
  10
-147.629776
  20
413.069031
  0
VERTEX
  8
87
  10
-143.012146
  20
413.487732
  0
VERTEX
  8
87
  10
-138.397156
  20
413.926971
  0
VERTEX
  8
87
  10
-133.784927
  20
414.388092
  0
VERTEX
  8
87
  10
-129.175598
  20
414.872375
  0
VERTEX
  8
87
  10
-124.569305
  20
415.381104
  0
VERTEX
  8
87
  10
-119.966194
  20
415.915619
  0
VERTEX
  8
87
  10
-115.366394
  20
416.477173
  0
VERTEX
  8
87
  10
-110.770035
  20
417.067078
  0
VERTEX
  8
87
  10
-106.177269
  20
417.686646
  0
VERTEX
  8
87
  10
-101.588234
  20
418.337097
  0
VERTEX
  8
87
  10
-97.003036
  20
419.019806
  0
VERTEX
  8
87
  10
-92.421860
  20
419.736053
  0
VERTEX
  8
87
  10
-87.844818
  20
420.487122
  0
VERTEX
  8
87
  10
-83.272018
  20
421.274292
  0
VERTEX
  8
87
  10
-78.704132
  20
422.098511
  0
VERTEX
  8
87
  10
-74.141891
  20
422.959717
  0
VERTEX
  8
87
  10
-69.585693
  20
423.857880
  0
VERTEX
  8
87
  10
-65.035873
  20
424.792847
  0
VERTEX
  8
87
  10
-60.492844
  20
425.764526
  0
VERTEX
  8
87
  10
-55.956940
  20
426.772797
  0
VERTEX
  8
87
  10
-51.428543
  20
427.817566
  0
VERTEX
  8
87
  10
-46.908020
  20
428.898682
  0
VERTEX
  8
87
  10
-42.395721
  20
430.016083
  0
VERTEX
  8
87
  10
-37.892044
  20
431.169647
  0
VERTEX
  8
87
  10
-33.397339
  20
432.359253
  0
VERTEX
  8
87
  10
-28.911987
  20
433.584778
  0
VERTEX
  8
87
  10
-24.436356
  20
434.846130
  0
VERTEX
  8
87
  10
-19.970795
  20
436.143188
  0
VERTEX
  8
87
  10
-15.515671
  20
437.475891
  0
VERTEX
  8
87
  10
-11.071411
  20
438.844055
  0
VERTEX
  8
87
  10
-6.638290
  20
440.247620
  0
VERTEX
  8
87
  10
-2.216736
  20
441.686462
  0
VERTEX
  8
87
  10
2.192871
  20
443.160461
  0
VERTEX
  8
87
  10
6.590210
  20
444.669525
  0
VERTEX
  8
87
  10
10.974854
  20
446.213531
  0
VERTEX
  8
87
  10
15.346497
  20
447.792358
  0
VERTEX
  8
87
  10
19.704727
  20
449.405945
  0
VERTEX
  8
87
  10
24.049194
  20
451.054138
  0
VERTEX
  8
87
  10
28.379532
  20
452.736816
  0
VERTEX
  8
87
  10
32.695358
  20
454.453949
  0
VERTEX
  8
87
  10
36.996307
  20
456.205322
  0
VERTEX
  8
87
  10
41.281998
  20
457.990906
  0
VERTEX
  8
87
  10
45.552109
  20
459.810547
  0
VERTEX
  8
87
  10
49.805954
  20
461.663818
  0
VERTEX
  8
87
  10
54.043503
  20
463.549652
  0
VERTEX
  8
87
  10
58.265366
  20
465.466858
  0
VERTEX
  8
87
  10
62.472183
  20
467.414276
  0
VERTEX
  8
87
  10
66.664536
  20
469.390747
  0
VERTEX
  8
87
  10
70.842972
  20
471.395142
  0
VERTEX
  8
87
  10
75.008194
  20
473.426331
  0
VERTEX
  8
87
  10
79.160660
  20
475.483063
  0
VERTEX
  8
87
  10
83.301041
  20
477.564240
  0
VERTEX
  8
87
  10
87.429947
  20
479.668701
  0
VERTEX
  8
87
  10
91.547989
  20
481.795258
  0
VERTEX
  8
87
  10
95.655655
  20
483.942810
  0
VERTEX
  8
87
  10
99.753677
  20
486.110168
  0
VERTEX
  8
87
  10
103.842575
  20
488.296143
  0
VERTEX
  8
87
  10
107.922958
  20
490.499664
  0
VERTEX
  8
87
  10
111.995438
  20
492.719482
  0
VERTEX
  8
87
  10
116.060593
  20
494.954468
  0
VERTEX
  8
87
  10
120.119003
  20
497.203491
  0
VERTEX
  8
87
  10
124.171371
  20
499.465393
  0
VERTEX
  8
87
  10
128.218155
  20
501.738983
  0
VERTEX
  8
87
  10
132.259995
  20
504.023132
  0
VERTEX
  8
87
  10
136.297501
  20
506.316650
  0
VERTEX
  8
87
  10
140.331345
  20
508.618408
  0
VERTEX
  8
87
  10
144.361954
  20
510.927246
  0
VERTEX
  8
87
  10
148.390060
  20
513.242004
  0
VERTEX
  8
87
  10
152.416275
  20
515.561523
  0
VERTEX
  8
87
  10
156.441086
  20
517.884644
  0
VERTEX
  8
87
  10
160.465164
  20
520.210205
  0
VERTEX
  8
87
  10
164.489090
  20
522.537109
  0
VERTEX
  8
87
  10
-3.539749
  20
776.838867
  0
VERTEX
  8
87
  10
-6.380173
  20
775.200317
  0
VERTEX
  8
87
  10
-9.220871
  20
773.563171
  0
VERTEX
  8
87
  10
-12.062500
  20
771.928711
  0
VERTEX
  8
87
  10
-14.905762
  20
770.298279
  0
VERTEX
  8
87
  10
-17.751266
  20
768.673218
  0
VERTEX
  8
87
  10
-20.599747
  20
767.054688
  0
VERTEX
  8
87
  10
-23.451828
  20
765.444092
  0
VERTEX
  8
87
  10
-26.308197
  20
763.842712
  0
VERTEX
  8
87
  10
-29.169510
  20
762.251831
  0
VERTEX
  8
87
  10
-32.036438
  20
760.672729
  0
VERTEX
  8
87
  10
-34.909668
  20
759.106750
  0
VERTEX
  8
87
  10
-37.789841
  20
757.555176
  0
VERTEX
  8
87
  10
-40.677628
  20
756.019287
  0
VERTEX
  8
87
  10
-43.573715
  20
754.500427
  0
VERTEX
  8
87
  10
-46.478760
  20
752.999817
  0
VERTEX
  8
87
  10
-49.393417
  20
751.518799
  0
VERTEX
  8
87
  10
-52.318375
  20
750.058716
  0
VERTEX
  8
87
  10
-55.254303
  20
748.620789
  0
VERTEX
  8
87
  10
-58.201859
  20
747.206421
  0
VERTEX
  8
87
  10
-61.161713
  20
745.816772
  0
VERTEX
  8
87
  10
-64.134537
  20
744.453186
  0
VERTEX
  8
87
  10
-67.120987
  20
743.117065
  0
VERTEX
  8
87
  10
-70.121719
  20
741.809570
  0
VERTEX
  8
87
  10
-72.511902
  20
740.793823
  0
VERTEX
  8
87
  10
-74.910812
  20
739.797119
  0
VERTEX
  8
87
  10
-77.318222
  20
738.819580
  0
VERTEX
  8
87
  10
-79.733932
  20
737.861206
  0
VERTEX
  8
87
  10
-82.157715
  20
736.922119
  0
VERTEX
  8
87
  10
-84.589417
  20
736.002319
  0
VERTEX
  8
87
  10
-87.028793
  20
735.101929
  0
VERTEX
  8
87
  10
-89.475655
  20
734.220947
  0
VERTEX
  8
87
  10
-91.929779
  20
733.359436
  0
VERTEX
  8
87
  10
-94.390976
  20
732.517517
  0
VERTEX
  8
87
  10
-96.859024
  20
731.695190
  0
VERTEX
  8
87
  10
-99.333725
  20
730.892578
  0
VERTEX
  8
87
  10
-101.814873
  20
730.109741
  0
VERTEX
  8
87
  10
-104.302254
  20
729.346680
  0
VERTEX
  8
87
  10
-106.795692
  20
728.603455
  0
VERTEX
  8
87
  10
-109.294930
  20
727.880188
  0
VERTEX
  8
87
  10
-111.799812
  20
727.176880
  0
VERTEX
  8
87
  10
-114.310089
  20
726.493652
  0
VERTEX
  8
87
  10
-116.825592
  20
725.830505
  0
VERTEX
  8
87
  10
-119.346092
  20
725.187561
  0
VERTEX
  8
87
  10
-121.871376
  20
724.564880
  0
VERTEX
  8
87
  10
-124.401260
  20
723.962402
  0
VERTEX
  8
87
  10
-126.935532
  20
723.380371
  0
VERTEX
  8
87
  10
-129.473969
  20
722.818726
  0
VERTEX
  8
87
  10
-132.016388
  20
722.277588
  0
VERTEX
  8
87
  10
-134.562592
  20
721.756958
  0
VERTEX
  8
87
  10
-137.112335
  20
721.256897
  0
VERTEX
  8
87
  10
-139.665436
  20
720.777588
  0
VERTEX
  8
87
  10
-142.221680
  20
720.318909
  0
VERTEX
  8
87
  10
-145.448593
  20
719.770142
  0
VERTEX
  8
87
  10
-148.679245
  20
719.253174
  0
VERTEX
  8
87
  10
-151.913483
  20
718.766663
  0
VERTEX
  8
87
  10
-155.151169
  20
718.308960
  0
VERTEX
  8
87
  10
-158.392105
  20
717.878845
  0
VERTEX
  8
87
  10
-161.636185
  20
717.474670
  0
VERTEX
  8
87
  10
-164.883240
  20
717.095093
  0
VERTEX
  8
87
  10
-168.133118
  20
716.738647
  0
VERTEX
  8
87
  10
-171.385666
  20
716.403870
  0
VERTEX
  8
87
  10
-174.640732
  20
716.089294
  0
VERTEX
  8
87
  10
-177.898178
  20
715.793457
  0
VERTEX
  8
87
  10
-181.157837
  20
715.514954
  0
VERTEX
  8
87
  10
-184.419556
  20
715.252319
  0
VERTEX
  8
87
  10
-187.683182
  20
715.004089
  0
VERTEX
  8
87
  10
-190.948578
  20
714.768799
  0
VERTEX
  8
87
  10
-194.215576
  20
714.544983
  0
VERTEX
  8
87
  10
-197.484039
  20
714.331238
  0
VERTEX
  8
87
  10
-200.753815
  20
714.126099
  0
VERTEX
  8
87
  10
-204.024734
  20
713.928101
  0
VERTEX
  8
87
  10
-207.296661
  20
713.735779
  0
VERTEX
  8
87
  10
-210.569427
  20
713.547729
  0
VERTEX
  8
87
  10
-213.842896
  20
713.362427
  0
VERTEX
  8
87
  10
-217.116913
  20
713.178467
  0
VERTEX
  8
87
  10
-220.390930
  20
713.362427
  0
VERTEX
  8
87
  10
-223.664398
  20
713.547729
  0
VERTEX
  8
87
  10
-226.937164
  20
713.735779
  0
VERTEX
  8
87
  10
-230.209091
  20
713.928101
  0
VERTEX
  8
87
  10
-233.480011
  20
714.126099
  0
VERTEX
  8
87
  10
-236.749786
  20
714.331299
  0
VERTEX
  8
87
  10
-240.018250
  20
714.545044
  0
VERTEX
  8
87
  10
-243.285248
  20
714.768799
  0
VERTEX
  8
87
  10
-246.550629
  20
715.004089
  0
VERTEX
  8
87
  10
-249.814270
  20
715.252319
  0
VERTEX
  8
87
  10
-253.075989
  20
715.515015
  0
VERTEX
  8
87
  10
-256.335632
  20
715.793518
  0
VERTEX
  8
87
  10
-259.593079
  20
716.089294
  0
VERTEX
  8
87
  10
-262.848145
  20
716.403931
  0
VERTEX
  8
87
  10
-266.100708
  20
716.738647
  0
VERTEX
  8
87
  10
-269.350586
  20
717.095154
  0
VERTEX
  8
87
  10
-272.597656
  20
717.474731
  0
VERTEX
  8
87
  10
-275.841705
  20
717.878845
  0
VERTEX
  8
87
  10
-279.082672
  20
718.309021
  0
VERTEX
  8
87
  10
-282.320312
  20
718.766663
  0
VERTEX
  8
87
  10
-285.554565
  20
719.253235
  0
VERTEX
  8
87
  10
-288.785217
  20
719.770203
  0
VERTEX
  8
87
  10
-292.012146
  20
720.318970
  0
VERTEX
  8
87
  10
-294.568390
  20
720.777588
  0
VERTEX
  8
87
  10
-297.121490
  20
721.256897
  0
VERTEX
  8
87
  10
-299.671234
  20
721.756958
  0
VERTEX
  8
87
  10
-302.217438
  20
722.277527
  0
VERTEX
  8
87
  10
-304.759857
  20
722.818726
  0
VERTEX
  8
87
  10
-307.298309
  20
723.380371
  0
VERTEX
  8
87
  10
-309.832581
  20
723.962402
  0
VERTEX
  8
87
  10
-312.362457
  20
724.564819
  0
VERTEX
  8
87
  10
-314.887756
  20
725.187500
  0
VERTEX
  8
87
  10
-317.408264
  20
725.830444
  0
VERTEX
  8
87
  10
-319.923767
  20
726.493591
  0
VERTEX
  8
87
  10
-322.434052
  20
727.176819
  0
VERTEX
  8
87
  10
-324.938904
  20
727.880127
  0
VERTEX
  8
87
  10
-327.438171
  20
728.603394
  0
VERTEX
  8
87
  10
-329.931580
  20
729.346558
  0
VERTEX
  8
87
  10
-332.418976
  20
730.109680
  0
VERTEX
  8
87
  10
-334.900146
  20
730.892517
  0
VERTEX
  8
87
  10
-337.374847
  20
731.695129
  0
VERTEX
  8
87
  10
-339.842896
  20
732.517456
  0
VERTEX
  8
87
  10
-342.304077
  20
733.359375
  0
VERTEX
  8
87
  10
-344.758209
  20
734.220825
  0
VERTEX
  8
87
  10
-347.205078
  20
735.101807
  0
VERTEX
  8
87
  10
-349.644440
  20
736.002197
  0
VERTEX
  8
87
  10
-352.076141
  20
736.921997
  0
VERTEX
  8
87
  10
-354.499939
  20
737.861084
  0
VERTEX
  8
87
  10
-356.915649
  20
738.819458
  0
VERTEX
  8
87
  10
-359.323059
  20
739.796997
  0
VERTEX
  8
87
  10
-361.721985
  20
740.793701
  0
VERTEX
  8
87
  10
-364.112183
  20
741.809387
  0
VERTEX
  8
87
  10
-367.112915
  20
743.116882
  0
VERTEX
  8
87
  10
-370.099365
  20
744.453064
  0
VERTEX
  8
87
  10
-373.072174
  20
745.816589
  0
VERTEX
  8
87
  10
-376.032043
  20
747.206238
  0
VERTEX
  8
87
  10
-378.979584
  20
748.620667
  0
VERTEX
  8
87
  10
-381.915497
  20
750.058594
  0
VERTEX
  8
87
  10
-384.840454
  20
751.518677
  0
VERTEX
  8
87
  10
-387.755127
  20
752.999634
  0
VERTEX
  8
87
  10
-390.660156
  20
754.500244
  0
VERTEX
  8
87
  10
-393.556244
  20
756.019165
  0
VERTEX
  8
87
  10
-396.444031
  20
757.554993
  0
VERTEX
  8
87
  10
-399.324219
  20
759.106567
  0
VERTEX
  8
87
  10
-402.197388
  20
760.672607
  0
VERTEX
  8
87
  10
-405.064331
  20
762.251648
  0
VERTEX
  8
87
  10
-407.925659
  20
763.842529
  0
VERTEX
  8
87
  10
-410.782043
  20
765.443970
  0
VERTEX
  8
87
  10
-413.634094
  20
767.054504
  0
VERTEX
  8
87
  10
-416.482574
  20
768.673035
  0
VERTEX
  8
87
  10
-419.328094
  20
770.298157
  0
VERTEX
  8
87
  10
-422.171326
  20
771.928589
  0
VERTEX
  8
87
  10
-425.012970
  20
773.563049
  0
VERTEX
  8
87
  10
-427.853668
  20
775.200195
  0
VERTEX
  8
87
  10
-430.694092
  20
776.838745
  0
VERTEX
  8
87
  10
-598.722839
  20
522.536865
  0
VERTEX
  8
87
  10
-594.698914
  20
520.209961
  0
VERTEX
  8
87
  10
-590.674805
  20
517.884399
  0
VERTEX
  8
87
  10
-586.650024
  20
515.561279
  0
VERTEX
  8
87
  10
-582.623840
  20
513.241760
  0
VERTEX
  8
87
  10
-578.595703
  20
510.927002
  0
VERTEX
  8
87
  10
-574.565002
  20
508.618195
  0
VERTEX
  8
87
  10
-570.531189
  20
506.316437
  0
VERTEX
  8
87
  10
-566.493652
  20
504.022888
  0
VERTEX
  8
87
  10
-562.451843
  20
501.738770
  0
VERTEX
  8
87
  10
-558.405029
  20
499.465179
  0
VERTEX
  8
87
  10
-554.352661
  20
497.203308
  0
VERTEX
  8
87
  10
-550.294250
  20
494.954285
  0
VERTEX
  8
87
  10
-546.229126
  20
492.719269
  0
VERTEX
  8
87
  10
-542.156616
  20
490.499451
  0
VERTEX
  8
87
  10
-538.076233
  20
488.295959
  0
VERTEX
  8
87
  10
-533.987366
  20
486.109985
  0
VERTEX
  8
87
  10
-529.889343
  20
483.942627
  0
VERTEX
  8
87
  10
-525.781616
  20
481.795105
  0
VERTEX
  8
87
  10
-521.663635
  20
479.668518
  0
VERTEX
  8
87
  10
-517.534729
  20
477.564056
  0
VERTEX
  8
87
  10
-513.394348
  20
475.482910
  0
VERTEX
  8
87
  10
-509.241882
  20
473.426147
  0
VERTEX
  8
87
  10
-505.076660
  20
471.395020
  0
VERTEX
  8
87
  10
-500.898193
  20
469.390625
  0
VERTEX
  8
87
  10
-496.705872
  20
467.414124
  0
VERTEX
  8
87
  10
-492.499023
  20
465.466705
  0
VERTEX
  8
87
  10
-488.277161
  20
463.549500
  0
VERTEX
  8
87
  10
-484.039612
  20
461.663696
  0
VERTEX
  8
87
  10
-479.785767
  20
459.810425
  0
VERTEX
  8
87
  10
-475.515686
  20
457.990784
  0
VERTEX
  8
87
  10
-471.229980
  20
456.205200
  0
VERTEX
  8
87
  10
-466.929016
  20
454.453827
  0
VERTEX
  8
87
  10
-462.613190
  20
452.736725
  0
VERTEX
  8
87
  10
-458.282867
  20
451.054016
  0
VERTEX
  8
87
  10
-453.938416
  20
449.405823
  0
VERTEX
  8
87
  10
-449.580170
  20
447.792267
  0
VERTEX
  8
87
  10
-445.208527
  20
446.213440
  0
VERTEX
  8
87
  10
-440.823853
  20
444.669403
  0
VERTEX
  8
87
  10
-436.426544
  20
443.160339
  0
VERTEX
  8
87
  10
-432.016907
  20
441.686340
  0
VERTEX
  8
87
  10
-427.595367
  20
440.247528
  0
VERTEX
  8
87
  10
-423.162292
  20
438.843964
  0
VERTEX
  8
87
  10
-418.717987
  20
437.475769
  0
VERTEX
  8
87
  10
-414.262878
  20
436.143127
  0
VERTEX
  8
87
  10
-409.797302
  20
434.846039
  0
VERTEX
  8
87
  10
-405.321655
  20
433.584717
  0
VERTEX
  8
87
  10
-400.836304
  20
432.359131
  0
VERTEX
  8
87
  10
-396.341614
  20
431.169556
  0
VERTEX
  8
87
  10
-391.837891
  20
430.016022
  0
VERTEX
  8
87
  10
-387.325623
  20
428.898621
  0
VERTEX
  8
87
  10
-382.805084
  20
427.817505
  0
VERTEX
  8
87
  10
-378.276703
  20
426.772766
  0
VERTEX
  8
87
  10
-373.740784
  20
425.764465
  0
VERTEX
  8
87
  10
-369.197754
  20
424.792786
  0
VERTEX
  8
87
  10
-364.647949
  20
423.857819
  0
VERTEX
  8
87
  10
-360.091736
  20
422.959656
  0
VERTEX
  8
87
  10
-355.529480
  20
422.098450
  0
VERTEX
  8
87
  10
-350.961609
  20
421.274231
  0
VERTEX
  8
87
  10
-346.388824
  20
420.487061
  0
VERTEX
  8
87
  10
-341.811768
  20
419.736023
  0
VERTEX
  8
87
  10
-337.230591
  20
419.019775
  0
VERTEX
  8
87
  10
-332.645386
  20
418.337067
  0
VERTEX
  8
87
  10
-328.056366
  20
417.686584
  0
VERTEX
  8
87
  10
-323.463593
  20
417.067047
  0
VERTEX
  8
87
  10
-318.867249
  20
416.477142
  0
VERTEX
  8
87
  10
-314.267456
  20
415.915588
  0
VERTEX
  8
87
  10
-309.664337
  20
415.381073
  0
VERTEX
  8
87
  10
-305.058044
  20
414.872345
  0
VERTEX
  8
87
  10
-300.448730
  20
414.388062
  0
VERTEX
  8
87
  10
-295.836487
  20
413.926941
  0
VERTEX
  8
87
  10
-291.221497
  20
413.487701
  0
VERTEX
  8
87
  10
-286.603851
  20
413.069031
  0
VERTEX
  8
87
  10
-281.983734
  20
412.669647
  0
VERTEX
  8
87
  10
-277.361267
  20
412.288269
  0
VERTEX
  8
87
  10
-272.736542
  20
411.923584
  0
VERTEX
  8
87
  10
-268.109772
  20
411.574280
  0
VERTEX
  8
87
  10
-263.481049
  20
411.239075
  0
VERTEX
  8
87
  10
-258.850525
  20
410.916748
  0
VERTEX
  8
87
  10
-254.218323
  20
410.605896
  0
VERTEX
  8
87
  10
-249.584564
  20
410.305237
  0
VERTEX
  8
87
  10
-244.949417
  20
410.013550
  0
VERTEX
  8
87
  10
-240.313019
  20
409.729492
  0
VERTEX
  8
87
  10
-235.675491
  20
409.451752
  0
VERTEX
  8
87
  10
-231.036957
  20
409.179077
  0
VERTEX
  8
87
  10
-226.397583
  20
408.910156
  0
VERTEX
  8
87
  10
-221.757492
  20
408.643677
  0
VERTEX
  8
87
  10
-217.116821
  20
408.378357
  0
SEQEND
  0
POLYLINE
  8
8
  66
1
  70
1
  250
0
  0
VERTEX
  8
8
  10
-217.116821
  20
408.378357
  0
VERTEX
  8
8
  10
-212.476151
  20
408.643677
  0
VERTEX
  8
8
  10
-207.836060
  20
408.910156
  0
VERTEX
  8
8
  10
-203.196686
  20
409.179077
  0
VERTEX
  8
8
  10
-198.558151
  20
409.451752
  0
VERTEX
  8
8
  10
-193.920624
  20
409.729492
  0
VERTEX
  8
8
  10
-189.284210
  20
410.013550
  0
VERTEX
  8
8
  10
-184.649063
  20
410.305298
  0
VERTEX
  8
8
  10
-180.015320
  20
410.605896
  0
VERTEX
  8
8
  10
-175.383118
  20
410.916748
  0
VERTEX
  8
8
  10
-170.752579
  20
411.239136
  0
VERTEX
  8
8
  10
-166.123856
  20
411.574280
  0
VERTEX
  8
8
  10
-161.497070
  20
411.923584
  0
VERTEX
  8
8
  10
-156.872375
  20
412.288269
  0
VERTEX
  8
8
  10
-152.249908
  20
412.669678
  0
VERTEX
  8
8
  10
-147.629776
  20
413.069031
  0
VERTEX
  8
8
  10
-143.012146
  20
413.487732
  0
VERTEX
  8
8
  10
-138.397156
  20
413.926971
  0
VERTEX
  8
8
  10
-133.784927
  20
414.388092
  0
VERTEX
  8
8
  10
-129.175598
  20
414.872375
  0
VERTEX
  8
8
  10
-124.569305
  20
415.381104
  0
VERTEX
  8
8
  10
-119.966194
  20
415.915619
  0
VERTEX
  8
8
  10
-115.366394
  20
416.477173
  0
VERTEX
  8
8
  10
-110.770035
  20
417.067078
  0
VERTEX
  8
8
  10
-106.177269
  20
417.686646
  0
VERTEX
  8
8
  10
-101.588234
  20
418.337097
  0
VERTEX
  8
8
  10
-97.003036
  20
419.019806
  0
VERTEX
  8
8
  10
-92.421860
  20
419.736053
  0
VERTEX
  8
8
  10
-87.844818
  20
420.487122
  0
VERTEX
  8
8
  10
-83.272018
  20
421.274292
  0
VERTEX
  8
8
  10
-78.704132
  20
422.098511
  0
VERTEX
  8
8
  10
-74.141891
  20
422.959717
  0
VERTEX
  8
8
  10
-69.585693
  20
423.857880
  0
VERTEX
  8
8
  10
-65.035873
  20
424.792847
  0
VERTEX
  8
8
  10
-60.492844
  20
425.764526
  0
VERTEX
  8
8
  10
-55.956940
  20
426.772797
  0
VERTEX
  8
8
  10
-51.428543
  20
427.817566
  0
VERTEX
  8
8
  10
-46.908020
  20
428.898682
  0
VERTEX
  8
8
  10
-42.395721
  20
430.016083
  0
VERTEX
  8
8
  10
-37.892044
  20
431.169647
  0
VERTEX
  8
8
  10
-33.397339
  20
432.359253
  0
VERTEX
  8
8
  10
-28.911987
  20
433.584778
  0
VERTEX
  8
8
  10
-24.436356
  20
434.846130
  0
VERTEX
  8
8
  10
-19.970795
  20
436.143188
  0
VERTEX
  8
8
  10
-15.515671
  20
437.475891
  0
VERTEX
  8
8
  10
-11.071411
  20
438.844055
  0
VERTEX
  8
8
  10
-6.638290
  20
440.247620
  0
VERTEX
  8
8
  10
-2.216736
  20
441.686462
  0
VERTEX
  8
8
  10
2.192871
  20
443.160461
  0
VERTEX
  8
8
  10
6.590210
  20
444.669525
  0
VERTEX
  8
8
  10
10.974854
  20
446.213531
  0
VERTEX
  8
8
  10
15.346497
  20
447.792358
  0
VERTEX
  8
8
  10
19.704727
  20
449.405945
  0
VERTEX
  8
8
  10
24.049194
  20
451.054138
  0
VERTEX
  8
8
  10
28.379532
  20
452.736816
  0
VERTEX
  8
8
  10
32.695358
  20
454.453949
  0
VERTEX
  8
8
  10
36.996307
  20
456.205322
  0
VERTEX
  8
8
  10
41.281998
  20
457.990906
  0
VERTEX
  8
8
  10
45.552109
  20
459.810547
  0
VERTEX
  8
8
  10
49.805954
  20
461.663818
  0
VERTEX
  8
8
  10
54.043503
  20
463.549652
  0
VERTEX
  8
8
  10
58.265366
  20
465.466858
  0
VERTEX
  8
8
  10
62.472183
  20
467.414276
  0
VERTEX
  8
8
  10
66.664536
  20
469.390747
  0
VERTEX
  8
8
  10
70.842972
  20
471.395142
  0
VERTEX
  8
8
  10
75.008194
  20
473.426331
  0
VERTEX
  8
8
  10
79.160660
  20
475.483063
  0
VERTEX
  8
8
  10
83.301041
  20
477.564240
  0
VERTEX
  8
8
  10
87.429947
  20
479.668701
  0
VERTEX
  8
8
  10
91.547989
  20
481.795258
  0
VERTEX
  8
8
  10
95.655655
  20
483.942810
  0
VERTEX
  8
8
  10
99.753677
  20
486.110168
  0
VERTEX
  8
8
  10
103.842575
  20
488.296143
  0
VERTEX
  8
8
  10
107.922958
  20
490.499664
  0
VERTEX
  8
8
  10
111.995438
  20
492.719482
  0
VERTEX
  8
8
  10
116.060593
  20
494.954468
  0
VERTEX
  8
8
  10
120.119003
  20
497.203491
  0
VERTEX
  8
8
  10
124.171371
  20
499.465393
  0
VERTEX
  8
8
  10
128.218155
  20
501.738983
  0
VERTEX
  8
8
  10
132.259995
  20
504.023132
  0
VERTEX
  8
8
  10
136.297501
  20
506.316650
  0
VERTEX
  8
8
  10
140.331345
  20
508.618408
  0
VERTEX
  8
8
  10
144.361954
  20
510.927246
  0
VERTEX
  8
8
  10
148.390060
  20
513.242004
  0
VERTEX
  8
8
  10
152.416275
  20
515.561523
  0
VERTEX
  8
8
  10
156.441086
  20
517.884644
  0
VERTEX
  8
8
  10
160.465164
  20
520.210205
  0
VERTEX
  8
8
  10
164.489090
  20
522.537109
  0
VERTEX
  8
8
  10
-3.539749
  20
776.838867
  0
VERTEX
  8
8
  10
-6.380173
  20
775.200317
  0
VERTEX
  8
8
  10
-9.220871
  20
773.563171
  0
VERTEX
  8
8
  10
-12.062500
  20
771.928711
  0
VERTEX
  8
8
  10
-14.905762
  20
770.298279
  0
VERTEX
  8
8
  10
-17.751266
  20
768.673218
  0
VERTEX
  8
8
  10
-20.599747
  20
767.054688
  0
VERTEX
  8
8
  10
-23.451828
  20
765.444092
  0
VERTEX
  8
8
  10
-26.308197
  20
763.842712
  0
VERTEX
  8
8
  10
-29.169510
  20
762.251831
  0
VERTEX
  8
8
  10
-32.036438
  20
760.672729
  0
VERTEX
  8
8
  10
-34.909668
  20
759.106750
  0
VERTEX
  8
8
  10
-37.789841
  20
757.555176
  0
VERTEX
  8
8
  10
-40.677628
  20
756.019287
  0
VERTEX
  8
8
  10
-43.573715
  20
754.500427
  0
VERTEX
  8
8
  10
-46.478760
  20
752.999817
  0
VERTEX
  8
8
  10
-49.393417
  20
751.518799
  0
VERTEX
  8
8
  10
-52.318375
  20
750.058716
  0
VERTEX
  8
8
  10
-55.254303
  20
748.620789
  0
VERTEX
  8
8
  10
-58.201859
  20
747.206421
  0
VERTEX
  8
8
  10
-61.161713
  20
745.816772
  0
VERTEX
  8
8
  10
-64.134537
  20
744.453186
  0
VERTEX
  8
8
  10
-67.120987
  20
743.117065
  0
VERTEX
  8
8
  10
-70.121719
  20
741.809570
  0
VERTEX
  8
8
  10
-72.511902
  20
740.793823
  0
VERTEX
  8
8
  10
-74.910812
  20
739.797119
  0
VERTEX
  8
8
  10
-77.318222
  20
738.819580
  0
VERTEX
  8
8
  10
-79.733932
  20
737.861206
  0
VERTEX
  8
8
  10
-82.157715
  20
736.922119
  0
VERTEX
  8
8
  10
-84.589417
  20
736.002319
  0
VERTEX
  8
8
  10
-87.028793
  20
735.101929
  0
VERTEX
  8
8
  10
-89.475655
  20
734.220947
  0
VERTEX
  8
8
  10
-91.929779
  20
733.359436
  0
VERTEX
  8
8
  10
-94.390976
  20
732.517517
  0
VERTEX
  8
8
  10
-96.859024
  20
731.695190
  0
VERTEX
  8
8
  10
-99.333725
  20
730.892578
  0
VERTEX
  8
8
  10
-101.814873
  20
730.109741
  0
VERTEX
  8
8
  10
-104.302254
  20
729.346680
  0
VERTEX
  8
8
  10
-106.795692
  20
728.603455
  0
VERTEX
  8
8
  10
-109.294930
  20
727.880188
  0
VERTEX
  8
8
  10
-111.799812
  20
727.176880
  0
VERTEX
  8
8
  10
-114.310089
  20
726.493652
  0
VERTEX
  8
8
  10
-116.825592
  20
725.830505
  0
VERTEX
  8
8
  10
-119.346092
  20
725.187561
  0
VERTEX
  8
8
  10
-121.871376
  20
724.564880
  0
VERTEX
  8
8
  10
-124.401260
  20
723.962402
  0
VERTEX
  8
8
  10
-126.935532
  20
723.380371
  0
VERTEX
  8
8
  10
-129.473969
  20
722.818726
  0
VERTEX
  8
8
  10
-132.016388
  20
722.277588
  0
VERTEX
  8
8
  10
-134.562592
  20
721.756958
  0
VERTEX
  8
8
  10
-137.112335
  20
721.256897
  0
VERTEX
  8
8
  10
-139.665436
  20
720.777588
  0
VERTEX
  8
8
  10
-142.221680
  20
720.318909
  0
VERTEX
  8
8
  10
-145.448593
  20
719.770142
  0
VERTEX
  8
8
  10
-148.679245
  20
719.253174
  0
VERTEX
  8
8
  10
-151.913483
  20
718.766663
  0
VERTEX
  8
8
  10
-155.151169
  20
718.308960
  0
VERTEX
  8
8
  10
-158.392105
  20
717.878845
  0
VERTEX
  8
8
  10
-161.636185
  20
717.474670
  0
VERTEX
  8
8
  10
-164.883240
  20
717.095093
  0
VERTEX
  8
8
  10
-168.133118
  20
716.738647
  0
VERTEX
  8
8
  10
-171.385666
  20
716.403870
  0
VERTEX
  8
8
  10
-174.640732
  20
716.089294
  0
VERTEX
  8
8
  10
-177.898178
  20
715.793457
  0
VERTEX
  8
8
  10
-181.157837
  20
715.514954
  0
VERTEX
  8
8
  10
-184.419556
  20
715.252319
  0
VERTEX
  8
8
  10
-187.683182
  20
715.004089
  0
VERTEX
  8
8
  10
-190.948578
  20
714.768799
  0
VERTEX
  8
8
  10
-194.215576
  20
714.544983
  0
VERTEX
  8
8
  10
-197.484039
  20
714.331238
  0
VERTEX
  8
8
  10
-200.753815
  20
714.126099
  0
VERTEX
  8
8
  10
-204.024734
  20
713.928101
  0
VERTEX
  8
8
  10
-207.296661
  20
713.735779
  0
VERTEX
  8
8
  10
-210.569427
  20
713.547729
  0
VERTEX
  8
8
  10
-213.842896
  20
713.362427
  0
VERTEX
  8
8
  10
-217.116913
  20
713.178467
  0
VERTEX
  8
8
  10
-220.390930
  20
713.362427
  0
VERTEX
  8
8
  10
-223.664398
  20
713.547729
  0
VERTEX
  8
8
  10
-226.937164
  20
713.735779
  0
VERTEX
  8
8
  10
-230.209091
  20
713.928101
  0
VERTEX
  8
8
  10
-233.480011
  20
714.126099
  0
VERTEX
  8
8
  10
-236.749786
  20
714.331299
  0
VERTEX
  8
8
  10
-240.018250
  20
714.545044
  0
VERTEX
  8
8
  10
-243.285248
  20
714.768799
  0
VERTEX
  8
8
  10
-246.550629
  20
715.004089
  0
VERTEX
  8
8
  10
-249.814270
  20
715.252319
  0
VERTEX
  8
8
  10
-253.075989
  20
715.515015
  0
VERTEX
  8
8
  10
-256.335632
  20
715.793518
  0
VERTEX
  8
8
  10
-259.593079
  20
716.089294
  0
VERTEX
  8
8
  10
-262.848145
  20
716.403931
  0
VERTEX
  8
8
  10
-266.100708
  20
716.738647
  0
VERTEX
  8
8
  10
-269.350586
  20
717.095154
  0
VERTEX
  8
8
  10
-272.597656
  20
717.474731
  0
VERTEX
  8
8
  10
-275.841705
  20
717.878845
  0
VERTEX
  8
8
  10
-279.082672
  20
718.309021
  0
VERTEX
  8
8
  10
-282.320312
  20
718.766663
  0
VERTEX
  8
8
  10
-285.554565
  20
719.253235
  0
VERTEX
  8
8
  10
-288.785217
  20
719.770203
  0
VERTEX
  8
8
  10
-292.012146
  20
720.318970
  0
VERTEX
  8
8
  10
-294.568390
  20
720.777588
  0
VERTEX
  8
8
  10
-297.121490
  20
721.256897
  0
VERTEX
  8
8
  10
-299.671234
  20
721.756958
  0
VERTEX
  8
8
  10
-302.217438
  20
722.277527
  0
VERTEX
  8
8
  10
-304.759857
  20
722.818726
  0
VERTEX
  8
8
  10
-307.298309
  20
723.380371
  0
VERTEX
  8
8
  10
-309.832581
  20
723.962402
  0
VERTEX
  8
8
  10
-312.362457
  20
724.564819
  0
VERTEX
  8
8
  10
-314.887756
  20
725.187500
  0
VERTEX
  8
8
  10
-317.408264
  20
725.830444
  0
VERTEX
  8
8
  10
-319.923767
  20
726.493591
  0
VERTEX
  8
8
  10
-322.434052
  20
727.176819
  0
VERTEX
  8
8
  10
-324.938904
  20
727.880127
  0
VERTEX
  8
8
  10
-327.438171
  20
728.603394
  0
VERTEX
  8
8
  10
-329.931580
  20
729.346558
  0
VERTEX
  8
8
  10
-332.418976
  20
730.109680
  0
VERTEX
  8
8
  10
-334.900146
  20
730.892517
  0
VERTEX
  8
8
  10
-337.374847
  20
731.695129
  0
VERTEX
  8
8
  10
-339.842896
  20
732.517456
  0
VERTEX
  8
8
  10
-342.304077
  20
733.359375
  0
VERTEX
  8
8
  10
-344.758209
  20
734.220825
  0
VERTEX
  8
8
  10
-347.205078
  20
735.101807
  0
VERTEX
  8
8
  10
-349.644440
  20
736.002197
  0
VERTEX
  8
8
  10
-352.076141
  20
736.921997
  0
VERTEX
  8
8
  10
-354.499939
  20
737.861084
  0
VERTEX
  8
8
  10
-356.915649
  20
738.819458
  0
VERTEX
  8
8
  10
-359.323059
  20
739.796997
  0
VERTEX
  8
8
  10
-361.721985
  20
740.793701
  0
VERTEX
  8
8
  10
-364.112183
  20
741.809387
  0
VERTEX
  8
8
  10
-367.112915
  20
743.116882
  0
VERTEX
  8
8
  10
-370.099365
  20
744.453064
  0
VERTEX
  8
8
  10
-373.072174
  20
745.816589
  0
VERTEX
  8
8
  10
-376.032043
  20
747.206238
  0
VERTEX
  8
8
  10
-378.979584
  20
748.620667
  0
VERTEX
  8
8
  10
-381.915497
  20
750.058594
  0
VERTEX
  8
8
  10
-384.840454
  20
751.518677
  0
VERTEX
  8
8
  10
-387.755127
  20
752.999634
  0
VERTEX
  8
8
  10
-390.660156
  20
754.500244
  0
VERTEX
  8
8
  10
-393.556244
  20
756.019165
  0
VERTEX
  8
8
  10
-396.444031
  20
757.554993
  0
VERTEX
  8
8
  10
-399.324219
  20
759.106567
  0
VERTEX
  8
8
  10
-402.197388
  20
760.672607
  0
VERTEX
  8
8
  10
-405.064331
  20
762.251648
  0
VERTEX
  8
8
  10
-407.925659
  20
763.842529
  0
VERTEX
  8
8
  10
-410.782043
  20
765.443970
  0
VERTEX
  8
8
  10
-413.634094
  20
767.054504
  0
VERTEX
  8
8
  10
-416.482574
  20
768.673035
  0
VERTEX
  8
8
  10
-419.328094
  20
770.298157
  0
VERTEX
  8
8
  10
-422.171326
  20
771.928589
  0
VERTEX
  8
8
  10
-425.012970
  20
773.563049
  0
VERTEX
  8
8
  10
-427.853668
  20
775.200195
  0
VERTEX
  8
8
  10
-430.694092
  20
776.838745
  0
VERTEX
  8
8
  10
-598.722839
  20
522.536865
  0
VERTEX
  8
8
  10
-594.698914
  20
520.209961
  0
VERTEX
  8
8
  10
-590.674805
  20
517.884399
  0
VERTEX
  8
8
  10
-586.650024
  20
515.561279
  0
VERTEX
  8
8
  10
-582.623840
  20
513.241760
  0
VERTEX
  8
8
  10
-578.595703
  20
510.927002
  0
VERTEX
  8
8
  10
-574.565002
  20
508.618195
  0
VERTEX
  8
8
  10
-570.531189
  20
506.316437
  0
VERTEX
  8
8
  10
-566.493652
  20
504.022888
  0
VERTEX
  8
8
  10
-562.451843
  20
501.738770
  0
VERTEX
  8
8
  10
-558.405029
  20
499.465179
  0
VERTEX
  8
8
  10
-554.352661
  20
497.203308
  0
VERTEX
  8
8
  10
-550.294250
  20
494.954285
  0
VERTEX
  8
8
  10
-546.229126
  20
492.719269
  0
VERTEX
  8
8
  10
-542.156616
  20
490.499451
  0
VERTEX
  8
8
  10
-538.076233
  20
488.295959
  0
VERTEX
  8
8
  10
-533.987366
  20
486.109985
  0
VERTEX
  8
8
  10
-529.889343
  20
483.942627
  0
VERTEX
  8
8
  10
-525.781616
  20
481.795105
  0
VERTEX
  8
8
  10
-521.663635
  20
479.668518
  0
VERTEX
  8
8
  10
-517.534729
  20
477.564056
  0
VERTEX
  8
8
  10
-513.394348
  20
475.482910
  0
VERTEX
  8
8
  10
-509.241882
  20
473.426147
  0
VERTEX
  8
8
  10
-505.076660
  20
471.395020
  0
VERTEX
  8
8
  10
-500.898193
  20
469.390625
  0
VERTEX
  8
8
  10
-496.705872
  20
467.414124
  0
VERTEX
  8
8
  10
-492.499023
  20
465.466705
  0
VERTEX
  8
8
  10
-488.277161
  20
463.549500
  0
VERTEX
  8
8
  10
-484.039612
  20
461.663696
  0
VERTEX
  8
8
  10
-479.785767
  20
459.810425
  0
VERTEX
  8
8
  10
-475.515686
  20
457.990784
  0
VERTEX
  8
8
  10
-471.229980
  20
456.205200
  0
VERTEX
  8
8
  10
-466.929016
  20
454.453827
  0
VERTEX
  8
8
  10
-462.613190
  20
452.736725
  0
VERTEX
  8
8
  10
-458.282867
  20
451.054016
  0
VERTEX
  8
8
  10
-453.938416
  20
449.405823
  0
VERTEX
  8
8
  10
-449.580170
  20
447.792267
  0
VERTEX
  8
8
  10
-445.208527
  20
446.213440
  0
VERTEX
  8
8
  10
-440.823853
  20
444.669403
  0
VERTEX
  8
8
  10
-436.426544
  20
443.160339
  0
VERTEX
  8
8
  10
-432.016907
  20
441.686340
  0
VERTEX
  8
8
  10
-427.595367
  20
440.247528
  0
VERTEX
  8
8
  10
-423.162292
  20
438.843964
  0
VERTEX
  8
8
  10
-418.717987
  20
437.475769
  0
VERTEX
  8
8
  10
-414.262878
  20
436.143127
  0
VERTEX
  8
8
  10
-409.797302
  20
434.846039
  0
VERTEX
  8
8
  10
-405.321655
  20
433.584717
  0
VERTEX
  8
8
  10
-400.836304
  20
432.359131
  0
VERTEX
  8
8
  10
-396.341614
  20
431.169556
  0
VERTEX
  8
8
  10
-391.837891
  20
430.016022
  0
VERTEX
  8
8
  10
-387.325623
  20
428.898621
  0
VERTEX
  8
8
  10
-382.805084
  20
427.817505
  0
VERTEX
  8
8
  10
-378.276703
  20
426.772766
  0
VERTEX
  8
8
  10
-373.740784
  20
425.764465
  0
VERTEX
  8
8
  10
-369.197754
  20
424.792786
  0
VERTEX
  8
8
  10
-364.647949
  20
423.857819
  0
VERTEX
  8
8
  10
-360.091736
  20
422.959656
  0
VERTEX
  8
8
  10
-355.529480
  20
422.098450
  0
VERTEX
  8
8
  10
-350.961609
  20
421.274231
  0
VERTEX
  8
8
  10
-346.388824
  20
420.487061
  0
VERTEX
  8
8
  10
-341.811768
  20
419.736023
  0
VERTEX
  8
8
  10
-337.230591
  20
419.019775
  0
VERTEX
  8
8
  10
-332.645386
  20
418.337067
  0
VERTEX
  8
8
  10
-328.056366
  20
417.686584
  0
VERTEX
  8
8
  10
-323.463593
  20
417.067047
  0
VERTEX
  8
8
  10
-318.867249
  20
416.477142
  0
VERTEX
  8
8
  10
-314.267456
  20
415.915588
  0
VERTEX
  8
8
  10
-309.664337
  20
415.381073
  0
VERTEX
  8
8
  10
-305.058044
  20
414.872345
  0
VERTEX
  8
8
  10
-300.448730
  20
414.388062
  0
VERTEX
  8
8
  10
-295.836487
  20
413.926941
  0
VERTEX
  8
8
  10
-291.221497
  20
413.487701
  0
VERTEX
  8
8
  10
-286.603851
  20
413.069031
  0
VERTEX
  8
8
  10
-281.983734
  20
412.669647
  0
VERTEX
  8
8
  10
-277.361267
  20
412.288269
  0
VERTEX
  8
8
  10
-272.736542
  20
411.923584
  0
VERTEX
  8
8
  10
-268.109772
  20
411.574280
  0
VERTEX
  8
8
  10
-263.481049
  20
411.239075
  0
VERTEX
  8
8
  10
-258.850525
  20
410.916748
  0
VERTEX
  8
8
  10
-254.218323
  20
410.605896
  0
VERTEX
  8
8
  10
-249.584564
  20
410.305237
  0
VERTEX
  8
8
  10
-244.949417
  20
410.013550
  0
VERTEX
  8
8
  10
-240.313019
  20
409.729492
  0
VERTEX
  8
8
  10
-235.675491
  20
409.451752
  0
VERTEX
  8
8
  10
-231.036957
  20
409.179077
  0
VERTEX
  8
8
  10
-226.397583
  20
408.910156
  0
VERTEX
  8
8
  10
-221.757492
  20
408.643677
  0
SEQEND
  0
POINT
  8
2
  10
-217.116821
  20
408.378357
  0
POINT
  8
2
  10
164.489090
  20
522.537109
  0
POINT
  8
2
  10
-3.539749
  20
776.838867
  0
POINT
  8
2
  10
-217.116913
  20
713.178467
  0
POINT
  8
2
  10
-430.694092
  20
776.838745
  0
POINT
  8
2
  10
-598.722839
  20
522.536865
  0
POINT
  8
3
  10
-212.476151
  20
408.643677
  0
POINT
  8
3
  10
-207.836060
  20
408.910156
  0
POINT
  8
3
  10
-203.196686
  20
409.179077
  0
POINT
  8
3
  10
-198.558151
  20
409.451752
  0
POINT
  8
3
  10
-193.920624
  20
409.729492
  0
POINT
  8
3
  10
-189.284210
  20
410.013550
  0
POINT
  8
3
  10
-184.649063
  20
410.305298
  0
POINT
  8
3
  10
-180.015320
  20
410.605896
  0
POINT
  8
3
  10
-175.383118
  20
410.916748
  0
POINT
  8
3
  10
-170.752579
  20
411.239136
  0
POINT
  8
3
  10
-166.123856
  20
411.574280
  0
POINT
  8
3
  10
-161.497070
  20
411.923584
  0
POINT
  8
3
  10
-156.872375
  20
412.288269
  0
POINT
  8
3
  10
-152.249908
  20
412.669678
  0
POINT
  8
3
  10
-147.629776
  20
413.069031
  0
POINT
  8
3
  10
-143.012146
  20
413.487732
  0
POINT
  8
3
  10
-138.397156
  20
413.926971
  0
POINT
  8
3
  10
-133.784927
  20
414.388092
  0
POINT
  8
3
  10
-129.175598
  20
414.872375
  0
POINT
  8
3
  10
-124.569305
  20
415.381104
  0
POINT
  8
3
  10
-119.966194
  20
415.915619
  0
POINT
  8
3
  10
-115.366394
  20
416.477173
  0
POINT
  8
3
  10
-110.770035
  20
417.067078
  0
POINT
  8
3
  10
-106.177269
  20
417.686646
  0
POINT
  8
3
  10
-101.588234
  20
418.337097
  0
POINT
  8
3
  10
-97.003036
  20
419.019806
  0
POINT
  8
3
  10
-92.421860
  20
419.736053
  0
POINT
  8
3
  10
-87.844818
  20
420.487122
  0
POINT
  8
3
  10
-83.272018
  20
421.274292
  0
POINT
  8
3
  10
-78.704132
  20
422.098511
  0
POINT
  8
3
  10
-74.141891
  20
422.959717
  0
POINT
  8
3
  10
-69.585693
  20
423.857880
  0
POINT
  8
3
  10
-65.035873
  20
424.792847
  0
POINT
  8
3
  10
-60.492844
  20
425.764526
  0
POINT
  8
3
  10
-55.956940
  20
426.772797
  0
POINT
  8
3
  10
-51.428543
  20
427.817566
  0
POINT
  8
3
  10
-46.908020
  20
428.898682
  0
POINT
  8
3
  10
-42.395721
  20
430.016083
  0
POINT
  8
3
  10
-37.892044
  20
431.169647
  0
POINT
  8
3
  10
-33.397339
  20
432.359253
  0
POINT
  8
3
  10
-28.911987
  20
433.584778
  0
POINT
  8
3
  10
-24.436356
  20
434.846130
  0
POINT
  8
3
  10
-19.970795
  20
436.143188
  0
POINT
  8
3
  10
-15.515671
  20
437.475891
  0
POINT
  8
3
  10
-11.071411
  20
438.844055
  0
POINT
  8
3
  10
-6.638290
  20
440.247620
  0
POINT
  8
3
  10
-2.216736
  20
441.686462
  0
POINT
  8
3
  10
2.192871
  20
443.160461
  0
POINT
  8
3
  10
6.590210
  20
444.669525
  0
POINT
  8
3
  10
10.974854
  20
446.213531
  0
POINT
  8
3
  10
15.346497
  20
447.792358
  0
POINT
  8
3
  10
19.704727
  20
449.405945
  0
POINT
  8
3
  10
24.049194
  20
451.054138
  0
POINT
  8
3
  10
28.379532
  20
452.736816
  0
POINT
  8
3
  10
32.695358
  20
454.453949
  0
POINT
  8
3
  10
36.996307
  20
456.205322
  0
POINT
  8
3
  10
41.281998
  20
457.990906
  0
POINT
  8
3
  10
45.552109
  20
459.810547
  0
POINT
  8
3
  10
49.805954
  20
461.663818
  0
POINT
  8
3
  10
54.043503
  20
463.549652
  0
POINT
  8
3
  10
58.265366
  20
465.466858
  0
POINT
  8
3
  10
62.472183
  20
467.414276
  0
POINT
  8
3
  10
66.664536
  20
469.390747
  0
POINT
  8
3
  10
70.842972
  20
471.395142
  0
POINT
  8
3
  10
75.008194
  20
473.426331
  0
POINT
  8
3
  10
79.160660
  20
475.483063
  0
POINT
  8
3
  10
83.301041
  20
477.564240
  0
POINT
  8
3
  10
87.429947
  20
479.668701
  0
POINT
  8
3
  10
91.547989
  20
481.795258
  0
POINT
  8
3
  10
95.655655
  20
483.942810
  0
POINT
  8
3
  10
99.753677
  20
486.110168
  0
POINT
  8
3
  10
103.842575
  20
488.296143
  0
POINT
  8
3
  10
107.922958
  20
490.499664
  0
POINT
  8
3
  10
111.995438
  20
492.719482
  0
POINT
  8
3
  10
116.060593
  20
494.954468
  0
POINT
  8
3
  10
120.119003
  20
497.203491
  0
POINT
  8
3
  10
124.171371
  20
499.465393
  0
POINT
  8
3
  10
128.218155
  20
501.738983
  0
POINT
  8
3
  10
132.259995
  20
504.023132
  0
POINT
  8
3
  10
136.297501
  20
506.316650
  0
POINT
  8
3
  10
140.331345
  20
508.618408
  0
POINT
  8
3
  10
144.361954
  20
510.927246
  0
POINT
  8
3
  10
148.390060
  20
513.242004
  0
POINT
  8
3
  10
152.416275
  20
515.561523
  0
POINT
  8
3
  10
156.441086
  20
517.884644
  0
POINT
  8
3
  10
160.465164
  20
520.210205
  0
POINT
  8
3
  10
-6.380173
  20
775.200317
  0
POINT
  8
3
  10
-9.220871
  20
773.563171
  0
POINT
  8
3
  10
-12.062500
  20
771.928711
  0
POINT
  8
3
  10
-14.905762
  20
770.298279
  0
POINT
  8
3
  10
-17.751266
  20
768.673218
  0
POINT
  8
3
  10
-20.599747
  20
767.054688
  0
POINT
  8
3
  10
-23.451828
  20
765.444092
  0
POINT
  8
3
  10
-26.308197
  20
763.842712
  0
POINT
  8
3
  10
-29.169510
  20
762.251831
  0
POINT
  8
3
  10
-32.036438
  20
760.672729
  0
POINT
  8
3
  10
-34.909668
  20
759.106750
  0
POINT
  8
3
  10
-37.789841
  20
757.555176
  0
POINT
  8
3
  10
-40.677628
  20
756.019287
  0
POINT
  8
3
  10
-43.573715
  20
754.500427
  0
POINT
  8
3
  10
-46.478760
  20
752.999817
  0
POINT
  8
3
  10
-49.393417
  20
751.518799
  0
POINT
  8
3
  10
-52.318375
  20
750.058716
  0
POINT
  8
3
  10
-55.254303
  20
748.620789
  0
POINT
  8
3
  10
-58.201859
  20
747.206421
  0
POINT
  8
3
  10
-61.161713
  20
745.816772
  0
POINT
  8
3
  10
-64.134537
  20
744.453186
  0
POINT
  8
3
  10
-67.120987
  20
743.117065
  0
POINT
  8
3
  10
-70.121719
  20
741.809570
  0
POINT
  8
3
  10
-72.511902
  20
740.793823
  0
POINT
  8
3
  10
-74.910812
  20
739.797119
  0
POINT
  8
3
  10
-77.318222
  20
738.819580
  0
POINT
  8
3
  10
-79.733932
  20
737.861206
  0
POINT
  8
3
  10
-82.157715
  20
736.922119
  0
POINT
  8
3
  10
-84.589417
  20
736.002319
  0
POINT
  8
3
  10
-87.028793
  20
735.101929
  0
POINT
  8
3
  10
-89.475655
  20
734.220947
  0
POINT
  8
3
  10
-91.929779
  20
733.359436
  0
POINT
  8
3
  10
-94.390976
  20
732.517517
  0
POINT
  8
3
  10
-96.859024
  20
731.695190
  0
POINT
  8
3
  10
-99.333725
  20
730.892578
  0
POINT
  8
3
  10
-101.814873
  20
730.109741
  0
POINT
  8
3
  10
-104.302254
  20
729.346680
  0
POINT
  8
3
  10
-106.795692
  20
728.603455
  0
POINT
  8
3
  10
-109.294930
  20
727.880188
  0
POINT
  8
3
  10
-111.799812
  20
727.176880
  0
POINT
  8
3
  10
-114.310089
  20
726.493652
  0
POINT
  8
3
  10
-116.825592
  20
725.830505
  0
POINT
  8
3
  10
-119.346092
  20
725.187561
  0
POINT
  8
3
  10
-121.871376
  20
724.564880
  0
POINT
  8
3
  10
-124.401260
  20
723.962402
  0
POINT
  8
3
  10
-126.935532
  20
723.380371
  0
POINT
  8
3
  10
-129.473969
  20
722.818726
  0
POINT
  8
3
  10
-132.016388
  20
722.277588
  0
POINT
  8
3
  10
-134.562592
  20
721.756958
  0
POINT
  8
3
  10
-137.112335
  20
721.256897
  0
POINT
  8
3
  10
-139.665436
  20
720.777588
  0
POINT
  8
3
  10
-142.221680
  20
720.318909
  0
POINT
  8
3
  10
-145.448593
  20
719.770142
  0
POINT
  8
3
  10
-148.679245
  20
719.253174
  0
POINT
  8
3
  10
-151.913483
  20
718.766663
  0
POINT
  8
3
  10
-155.151169
  20
718.308960
  0
POINT
  8
3
  10
-158.392105
  20
717.878845
  0
POINT
  8
3
  10
-161.636185
  20
717.474670
  0
POINT
  8
3
  10
-164.883240
  20
717.095093
  0
POINT
  8
3
  10
-168.133118
  20
716.738647
  0
POINT
  8
3
  10
-171.385666
  20
716.403870
  0
POINT
  8
3
  10
-174.640732
  20
716.089294
  0
POINT
  8
3
  10
-177.898178
  20
715.793457
  0
POINT
  8
3
  10
-181.157837
  20
715.514954
  0
POINT
  8
3
  10
-184.419556
  20
715.252319
  0
POINT
  8
3
  10
-187.683182
  20
715.004089
  0
POINT
  8
3
  10
-190.948578
  20
714.768799
  0
POINT
  8
3
  10
-194.215576
  20
714.544983
  0
POINT
  8
3
  10
-197.484039
  20
714.331238
  0
POINT
  8
3
  10
-200.753815
  20
714.126099
  0
POINT
  8
3
  10
-204.024734
  20
713.928101
  0
POINT
  8
3
  10
-207.296661
  20
713.735779
  0
POINT
  8
3
  10
-210.569427
  20
713.547729
  0
POINT
  8
3
  10
-213.842896
  20
713.362427
  0
POINT
  8
3
  10
-220.390930
  20
713.362427
  0
POINT
  8
3
  10
-223.664398
  20
713.547729
  0
POINT
  8
3
  10
-226.937164
  20
713.735779
  0
POINT
  8
3
  10
-230.209091
  20
713.928101
  0
POINT
  8
3
  10
-233.480011
  20
714.126099
  0
POINT
  8
3
  10
-236.749786
  20
714.331299
  0
POINT
  8
3
  10
-240.018250
  20
714.545044
  0
POINT
  8
3
  10
-243.285248
  20
714.768799
  0
POINT
  8
3
  10
-246.550629
  20
715.004089
  0
POINT
  8
3
  10
-249.814270
  20
715.252319
  0
POINT
  8
3
  10
-253.075989
  20
715.515015
  0
POINT
  8
3
  10
-256.335632
  20
715.793518
  0
POINT
  8
3
  10
-259.593079
  20
716.089294
  0
POINT
  8
3
  10
-262.848145
  20
716.403931
  0
POINT
  8
3
  10
-266.100708
  20
716.738647
  0
POINT
  8
3
  10
-269.350586
  20
717.095154
  0
POINT
  8
3
  10
-272.597656
  20
717.474731
  0
POINT
  8
3
  10
-275.841705
  20
717.878845
  0
POINT
  8
3
  10
-279.082672
  20
718.309021
  0
POINT
  8
3
  10
-282.320312
  20
718.766663
  0
POINT
  8
3
  10
-285.554565
  20
719.253235
  0
POINT
  8
3
  10
-288.785217
  20
719.770203
  0
POINT
  8
3
  10
-292.012146
  20
720.318970
  0
POINT
  8
3
  10
-294.568390
  20
720.777588
  0
POINT
  8
3
  10
-297.121490
  20
721.256897
  0
POINT
  8
3
  10
-299.671234
  20
721.756958
  0
POINT
  8
3
  10
-302.217438
  20
722.277527
  0
POINT
  8
3
  10
-304.759857
  20
722.818726
  0
POINT
  8
3
  10
-307.298309
  20
723.380371
  0
POINT
  8
3
  10
-309.832581
  20
723.962402
  0
POINT
  8
3
  10
-312.362457
  20
724.564819
  0
POINT
  8
3
  10
-314.887756
  20
725.187500
  0
POINT
  8
3
  10
-317.408264
  20
725.830444
  0
POINT
  8
3
  10
-319.923767
  20
726.493591
  0
POINT
  8
3
  10
-322.434052
  20
727.176819
  0
POINT
  8
3
  10
-324.938904
  20
727.880127
  0
POINT
  8
3
  10
-327.438171
  20
728.603394
  0
POINT
  8
3
  10
-329.931580
  20
729.346558
  0
POINT
  8
3
  10
-332.418976
  20
730.109680
  0
POINT
  8
3
  10
-334.900146
  20
730.892517
  0
POINT
  8
3
  10
-337.374847
  20
731.695129
  0
POINT
  8
3
  10
-339.842896
  20
732.517456
  0
POINT
  8
3
  10
-342.304077
  20
733.359375
  0
POINT
  8
3
  10
-344.758209
  20
734.220825
  0
POINT
  8
3
  10
-347.205078
  20
735.101807
  0
POINT
  8
3
  10
-349.644440
  20
736.002197
  0
POINT
  8
3
  10
-352.076141
  20
736.921997
  0
POINT
  8
3
  10
-354.499939
  20
737.861084
  0
POINT
  8
3
  10
-356.915649
  20
738.819458
  0
POINT
  8
3
  10
-359.323059
  20
739.796997
  0
POINT
  8
3
  10
-361.721985
  20
740.793701
  0
POINT
  8
3
  10
-364.112183
  20
741.809387
  0
POINT
  8
3
  10
-367.112915
  20
743.116882
  0
POINT
  8
3
  10
-370.099365
  20
744.453064
  0
POINT
  8
3
  10
-373.072174
  20
745.816589
  0
POINT
  8
3
  10
-376.032043
  20
747.206238
  0
POINT
  8
3
  10
-378.979584
  20
748.620667
  0
POINT
  8
3
  10
-381.915497
  20
750.058594
  0
POINT
  8
3
  10
-384.840454
  20
751.518677
  0
POINT
  8
3
  10
-387.755127
  20
752.999634
  0
POINT
  8
3
  10
-390.660156
  20
754.500244
  0
POINT
  8
3
  10
-393.556244
  20
756.019165
  0
POINT
  8
3
  10
-396.444031
  20
757.554993
  0
POINT
  8
3
  10
-399.324219
  20
759.106567
  0
POINT
  8
3
  10
-402.197388
  20
760.672607
  0
POINT
  8
3
  10
-405.064331
  20
762.251648
  0
POINT
  8
3
  10
-407.925659
  20
763.842529
  0
POINT
  8
3
  10
-410.782043
  20
765.443970
  0
POINT
  8
3
  10
-413.634094
  20
767.054504
  0
POINT
  8
3
  10
-416.482574
  20
768.673035
  0
POINT
  8
3
  10
-419.328094
  20
770.298157
  0
POINT
  8
3
  10
-422.171326
  20
771.928589
  0
POINT
  8
3
  10
-425.012970
  20
773.563049
  0
POINT
  8
3
  10
-427.853668
  20
775.200195
  0
POINT
  8
3
  10
-594.698914
  20
520.209961
  0
POINT
  8
3
  10
-590.674805
  20
517.884399
  0
POINT
  8
3
  10
-586.650024
  20
515.561279
  0
POINT
  8
3
  10
-582.623840
  20
513.241760
  0
POINT
  8
3
  10
-578.595703
  20
510.927002
  0
POINT
  8
3
  10
-574.565002
  20
508.618195
  0
POINT
  8
3
  10
-570.531189
  20
506.316437
  0
POINT
  8
3
  10
-566.493652
  20
504.022888
  0
POINT
  8
3
  10
-562.451843
  20
501.738770
  0
POINT
  8
3
  10
-558.405029
  20
499.465179
  0
POINT
  8
3
  10
-554.352661
  20
497.203308
  0
POINT
  8
3
  10
-550.294250
  20
494.954285
  0
POINT
  8
3
  10
-546.229126
  20
492.719269
  0
POINT
  8
3
  10
-542.156616
  20
490.499451
  0
POINT
  8
3
  10
-538.076233
  20
488.295959
  0
POINT
  8
3
  10
-533.987366
  20
486.109985
  0
POINT
  8
3
  10
-529.889343
  20
483.942627
  0
POINT
  8
3
  10
-525.781616
  20
481.795105
  0
POINT
  8
3
  10
-521.663635
  20
479.668518
  0
POINT
  8
3
  10
-517.534729
  20
477.564056
  0
POINT
  8
3
  10
-513.394348
  20
475.482910
  0
POINT
  8
3
  10
-509.241882
  20
473.426147
  0
POINT
  8
3
  10
-505.076660
  20
471.395020
  0
POINT
  8
3
  10
-500.898193
  20
469.390625
  0
POINT
  8
3
  10
-496.705872
  20
467.414124
  0
POINT
  8
3
  10
-492.499023
  20
465.466705
  0
POINT
  8
3
  10
-488.277161
  20
463.549500
  0
POINT
  8
3
  10
-484.039612
  20
461.663696
  0
POINT
  8
3
  10
-479.785767
  20
459.810425
  0
POINT
  8
3
  10
-475.515686
  20
457.990784
  0
POINT
  8
3
  10
-471.229980
  20
456.205200
  0
POINT
  8
3
  10
-466.929016
  20
454.453827
  0
POINT
  8
3
  10
-462.613190
  20
452.736725
  0
POINT
  8
3
  10
-458.282867
  20
451.054016
  0
POINT
  8
3
  10
-453.938416
  20
449.405823
  0
POINT
  8
3
  10
-449.580170
  20
447.792267
  0
POINT
  8
3
  10
-445.208527
  20
446.213440
  0
POINT
  8
3
  10
-440.823853
  20
444.669403
  0
POINT
  8
3
  10
-436.426544
  20
443.160339
  0
POINT
  8
3
  10
-432.016907
  20
441.686340
  0
POINT
  8
3
  10
-427.595367
  20
440.247528
  0
POINT
  8
3
  10
-423.162292
  20
438.843964
  0
POINT
  8
3
  10
-418.717987
  20
437.475769
  0
POINT
  8
3
  10
-414.262878
  20
436.143127
  0
POINT
  8
3
  10
-409.797302
  20
434.846039
  0
POINT
  8
3
  10
-405.321655
  20
433.584717
  0
POINT
  8
3
  10
-400.836304
  20
432.359131
  0
POINT
  8
3
  10
-396.341614
  20
431.169556
  0
POINT
  8
3
  10
-391.837891
  20
430.016022
  0
POINT
  8
3
  10
-387.325623
  20
428.898621
  0
POINT
  8
3
  10
-382.805084
  20
427.817505
  0
POINT
  8
3
  10
-378.276703
  20
426.772766
  0
POINT
  8
3
  10
-373.740784
  20
425.764465
  0
POINT
  8
3
  10
-369.197754
  20
424.792786
  0
POINT
  8
3
  10
-364.647949
  20
423.857819
  0
POINT
  8
3
  10
-360.091736
  20
422.959656
  0
POINT
  8
3
  10
-355.529480
  20
422.098450
  0
POINT
  8
3
  10
-350.961609
  20
421.274231
  0
POINT
  8
3
  10
-346.388824
  20
420.487061
  0
POINT
  8
3
  10
-341.811768
  20
419.736023
  0
POINT
  8
3
  10
-337.230591
  20
419.019775
  0
POINT
  8
3
  10
-332.645386
  20
418.337067
  0
POINT
  8
3
  10
-328.056366
  20
417.686584
  0
POINT
  8
3
  10
-323.463593
  20
417.067047
  0
POINT
  8
3
  10
-318.867249
  20
416.477142
  0
POINT
  8
3
  10
-314.267456
  20
415.915588
  0
POINT
  8
3
  10
-309.664337
  20
415.381073
  0
POINT
  8
3
  10
-305.058044
  20
414.872345
  0
POINT
  8
3
  10
-300.448730
  20
414.388062
  0
POINT
  8
3
  10
-295.836487
  20
413.926941
  0
POINT
  8
3
  10
-291.221497
  20
413.487701
  0
POINT
  8
3
  10
-286.603851
  20
413.069031
  0
POINT
  8
3
  10
-281.983734
  20
412.669647
  0
POINT
  8
3
  10
-277.361267
  20
412.288269
  0
POINT
  8
3
  10
-272.736542
  20
411.923584
  0
POINT
  8
3
  10
-268.109772
  20
411.574280
  0
POINT
  8
3
  10
-263.481049
  20
411.239075
  0
POINT
  8
3
  10
-258.850525
  20
410.916748
  0
POINT
  8
3
  10
-254.218323
  20
410.605896
  0
POINT
  8
3
  10
-249.584564
  20
410.305237
  0
POINT
  8
3
  10
-244.949417
  20
410.013550
  0
POINT
  8
3
  10
-240.313019
  20
409.729492
  0
POINT
  8
3
  10
-235.675491
  20
409.451752
  0
POINT
  8
3
  10
-231.036957
  20
409.179077
  0
POINT
  8
3
  10
-226.397583
  20
408.910156
  0
POINT
  8
3
  10
-221.757492
  20
408.643677
  0
POLYLINE
  8
85
  66
1
  70
1
  250
1
  0
VERTEX
  8
85
  10
-212.476151
  20
408.643677
  0
VERTEX
  8
85
  10
-207.836060
  20
408.910156
  0
VERTEX
  8
85
  10
-203.196686
  20
409.179077
  0
VERTEX
  8
85
  10
-198.558151
  20
409.451752
  0
VERTEX
  8
85
  10
-193.920624
  20
409.729492
  0
VERTEX
  8
85
  10
-189.284210
  20
410.013550
  0
VERTEX
  8
85
  10
-184.649063
  20
410.305298
  0
VERTEX
  8
85
  10
-180.015320
  20
410.605896
  0
VERTEX
  8
85
  10
-175.383118
  20
410.916748
  0
VERTEX
  8
85
  10
-170.752579
  20
411.239136
  0
VERTEX
  8
85
  10
-166.123856
  20
411.574280
  0
VERTEX
  8
85
  10
-161.497070
  20
411.923584
  0
VERTEX
  8
85
  10
-156.872375
  20
412.288269
  0
VERTEX
  8
85
  10
-152.249908
  20
412.669678
  0
VERTEX
  8
85
  10
-147.629776
  20
413.069031
  0
VERTEX
  8
85
  10
-143.012146
  20
413.487732
  0
VERTEX
  8
85
  10
-138.397156
  20
413.926971
  0
VERTEX
  8
85
  10
-133.784927
  20
414.388092
  0
VERTEX
  8
85
  10
-129.175598
  20
414.872375
  0
VERTEX
  8
85
  10
-124.569305
  20
415.381104
  0
VERTEX
  8
85
  10
-119.966194
  20
415.915619
  0
VERTEX
  8
85
  10
-115.366394
  20
416.477173
  0
VERTEX
  8
85
  10
-110.770035
  20
417.067078
  0
VERTEX
  8
85
  10
-106.177269
  20
417.686646
  0
VERTEX
  8
85
  10
-101.588234
  20
418.337097
  0
VERTEX
  8
85
  10
-97.003036
  20
419.019806
  0
VERTEX
  8
85
  10
-92.421860
  20
419.736053
  0
VERTEX
  8
85
  10
-87.844818
  20
420.487122
  0
VERTEX
  8
85
  10
-83.272018
  20
421.274292
  0
VERTEX
  8
85
  10
-78.704132
  20
422.098511
  0
VERTEX
  8
85
  10
-74.141891
  20
422.959717
  0
VERTEX
  8
85
  10
-69.585693
  20
423.857880
  0
VERTEX
  8
85
  10
-65.035873
  20
424.792847
  0
VERTEX
  8
85
  10
-60.492844
  20
425.764526
  0
VERTEX
  8
85
  10
-55.956940
  20
426.772797
  0
VERTEX
  8
85
  10
-51.428543
  20
427.817566
  0
VERTEX
  8
85
  10
-46.908020
  20
428.898682
  0
VERTEX
  8
85
  10
-42.395721
  20
430.016083
  0
VERTEX
  8
85
  10
-37.892044
  20
431.169647
  0
VERTEX
  8
85
  10
-33.397339
  20
432.359253
  0
VERTEX
  8
85
  10
-28.911987
  20
433.584778
  0
VERTEX
  8
85
  10
-24.436356
  20
434.846130
  0
VERTEX
  8
85
  10
-19.970795
  20
436.143188
  0
VERTEX
  8
85
  10
-15.515671
  20
437.475891
  0
VERTEX
  8
85
  10
-11.071411
  20
438.844055
  0
VERTEX
  8
85
  10
-6.638290
  20
440.247620
  0
VERTEX
  8
85
  10
-2.216736
  20
441.686462
  0
VERTEX
  8
85
  10
2.192871
  20
443.160461
  0
VERTEX
  8
85
  10
6.590210
  20
444.669525
  0
VERTEX
  8
85
  10
10.974854
  20
446.213531
  0
VERTEX
  8
85
  10
15.346497
  20
447.792358
  0
VERTEX
  8
85
  10
19.704727
  20
449.405945
  0
VERTEX
  8
85
  10
24.049194
  20
451.054138
  0
VERTEX
  8
85
  10
28.379532
  20
452.736816
  0
VERTEX
  8
85
  10
32.695358
  20
454.453949
  0
VERTEX
  8
85
  10
36.996307
  20
456.205322
  0
VERTEX
  8
85
  10
41.281998
  20
457.990906
  0
VERTEX
  8
85
  10
45.552109
  20
459.810547
  0
VERTEX
  8
85
  10
49.805954
  20
461.663818
  0
VERTEX
  8
85
  10
54.043503
  20
463.549652
  0
VERTEX
  8
85
  10
58.265366
  20
465.466858
  0
VERTEX
  8
85
  10
62.472183
  20
467.414276
  0
VERTEX
  8
85
  10
66.664536
  20
469.390747
  0
VERTEX
  8
85
  10
70.842972
  20
471.395142
  0
VERTEX
  8
85
  10
75.008194
  20
473.426331
  0
VERTEX
  8
85
  10
79.160660
  20
475.483063
  0
VERTEX
  8
85
  10
83.301041
  20
477.564240
  0
VERTEX
  8
85
  10
87.429947
  20
479.668701
  0
VERTEX
  8
85
  10
91.547989
  20
481.795258
  0
VERTEX
  8
85
  10
95.655655
  20
483.942810
  0
VERTEX
  8
85
  10
99.753677
  20
486.110168
  0
VERTEX
  8
85
  10
103.842575
  20
488.296143
  0
VERTEX
  8
85
  10
107.922958
  20
490.499664
  0
VERTEX
  8
85
  10
111.995438
  20
492.719482
  0
VERTEX
  8
85
  10
116.060593
  20
494.954468
  0
VERTEX
  8
85
  10
120.119003
  20
497.203491
  0
VERTEX
  8
85
  10
124.171371
  20
499.465393
  0
VERTEX
  8
85
  10
128.218155
  20
501.738983
  0
VERTEX
  8
85
  10
132.259995
  20
504.023132
  0
VERTEX
  8
85
  10
136.297501
  20
506.316650
  0
VERTEX
  8
85
  10
140.331345
  20
508.618408
  0
VERTEX
  8
85
  10
144.361954
  20
510.927246
  0
VERTEX
  8
85
  10
148.390060
  20
513.242004
  0
VERTEX
  8
85
  10
152.416275
  20
515.561523
  0
VERTEX
  8
85
  10
156.441086
  20
517.884644
  0
VERTEX
  8
85
  10
160.465164
  20
520.210205
  0
VERTEX
  8
85
  10
164.489090
  20
522.537109
  0
VERTEX
  8
85
  10
-3.539749
  20
776.838867
  0
VERTEX
  8
85
  10
-6.380173
  20
775.200317
  0
VERTEX
  8
85
  10
-9.220871
  20
773.563171
  0
VERTEX
  8
85
  10
-12.062500
  20
771.928711
  0
VERTEX
  8
85
  10
-14.905762
  20
770.298279
  0
VERTEX
  8
85
  10
-17.751266
  20
768.673218
  0
VERTEX
  8
85
  10
-20.599747
  20
767.054688
  0
VERTEX
  8
85
  10
-23.451828
  20
765.444092
  0
VERTEX
  8
85
  10
-26.308197
  20
763.842712
  0
VERTEX
  8
85
  10
-29.169510
  20
762.251831
  0
VERTEX
  8
85
  10
-32.036438
  20
760.672729
  0
VERTEX
  8
85
  10
-34.909668
  20
759.106750
  0
VERTEX
  8
85
  10
-37.789841
  20
757.555176
  0
VERTEX
  8
85
  10
-40.677628
  20
756.019287
  0
VERTEX
  8
85
  10
-43.573715
  20
754.500427
  0
VERTEX
  8
85
  10
-46.478760
  20
752.999817
  0
VERTEX
  8
85
  10
-49.393417
  20
751.518799
  0
VERTEX
  8
85
  10
-52.318375
  20
750.058716
  0
VERTEX
  8
85
  10
-55.254303
  20
748.620789
  0
VERTEX
  8
85
  10
-58.201859
  20
747.206421
  0
VERTEX
  8
85
  10
-61.161713
  20
745.816772
  0
VERTEX
  8
85
  10
-64.134537
  20
744.453186
  0
VERTEX
  8
85
  10
-67.120987
  20
743.117065
  0
VERTEX
  8
85
  10
-70.121719
  20
741.809570
  0
VERTEX
  8
85
  10
-72.511902
  20
740.793823
  0
VERTEX
  8
85
  10
-74.910812
  20
739.797119
  0
VERTEX
  8
85
  10
-77.318222
  20
738.819580
  0
VERTEX
  8
85
  10
-79.733932
  20
737.861206
  0
VERTEX
  8
85
  10
-82.157715
  20
736.922119
  0
VERTEX
  8
85
  10
-84.589417
  20
736.002319
  0
VERTEX
  8
85
  10
-87.028793
  20
735.101929
  0
VERTEX
  8
85
  10
-89.475655
  20
734.220947
  0
VERTEX
  8
85
  10
-91.929779
  20
733.359436
  0
VERTEX
  8
85
  10
-94.390976
  20
732.517517
  0
VERTEX
  8
85
  10
-96.859024
  20
731.695190
  0
VERTEX
  8
85
  10
-99.333725
  20
730.892578
  0
VERTEX
  8
85
  10
-101.814873
  20
730.109741
  0
VERTEX
  8
85
  10
-104.302254
  20
729.346680
  0
VERTEX
  8
85
  10
-106.795692
  20
728.603455
  0
VERTEX
  8
85
  10
-109.294930
  20
727.880188
  0
VERTEX
  8
85
  10
-111.799812
  20
727.176880
  0
VERTEX
  8
85
  10
-114.310089
  20
726.493652
  0
VERTEX
  8
85
  10
-116.825592
  20
725.830505
  0
VERTEX
  8
85
  10
-119.346092
  20
725.187561
  0
VERTEX
  8
85
  10
-121.871376
  20
724.564880
  0
VERTEX
  8
85
  10
-124.401260
  20
723.962402
  0
VERTEX
  8
85
  10
-126.935532
  20
723.380371
  0
VERTEX
  8
85
  10
-129.473969
  20
722.818726
  0
VERTEX
  8
85
  10
-132.016388
  20
722.277588
  0
VERTEX
  8
85
  10
-134.562592
  20
721.756958
  0
VERTEX
  8
85
  10
-137.112335
  20
721.256897
  0
VERTEX
  8
85
  10
-139.665436
  20
720.777588
  0
VERTEX
  8
85
  10
-142.221680
  20
720.318909
  0
VERTEX
  8
85
  10
-145.448593
  20
719.770142
  0
VERTEX
  8
85
  10
-148.679245
  20
719.253174
  0
VERTEX
  8
85
  10
-151.913483
  20
718.766663
  0
VERTEX
  8
85
  10
-155.151169
  20
718.308960
  0
VERTEX
  8
85
  10
-158.392105
  20
717.878845
  0
VERTEX
  8
85
  10
-161.636185
  20
717.474670
  0
VERTEX
  8
85
  10
-164.883240
  20
717.095093
  0
VERTEX
  8
85
  10
-168.133118
  20
716.738647
  0
VERTEX
  8
85
  10
-171.385666
  20
716.403870
  0
VERTEX
  8
85
  10
-174.640732
  20
716.089294
  0
VERTEX
  8
85
  10
-177.898178
  20
715.793457
  0
VERTEX
  8
85
  10
-181.157837
  20
715.514954
  0
VERTEX
  8
85
  10
-184.419556
  20
715.252319
  0
VERTEX
  8
85
  10
-187.683182
  20
715.004089
  0
VERTEX
  8
85
  10
-190.948578
  20
714.768799
  0
VERTEX
  8
85
  10
-194.215576
  20
714.544983
  0
VERTEX
  8
85
  10
-197.484039
  20
714.331238
  0
VERTEX
  8
85
  10
-200.753815
  20
714.126099
  0
VERTEX
  8
85
  10
-204.024734
  20
713.928101
  0
VERTEX
  8
85
  10
-207.296661
  20
713.735779
  0
VERTEX
  8
85
  10
-210.569427
  20
713.547729
  0
VERTEX
  8
85
  10
-213.842896
  20
713.362427
  0
VERTEX
  8
85
  10
-217.116913
  20
713.178467
  0
VERTEX
  8
85
  10
-220.390930
  20
713.362427
  0
VERTEX
  8
85
  10
-223.664398
  20
713.547729
  0
VERTEX
  8
85
  10
-226.937164
  20
713.735779
  0
VERTEX
  8
85
  10
-230.209091
  20
713.928101
  0
VERTEX
  8
85
  10
-233.480011
  20
714.126099
  0
VERTEX
  8
85
  10
-236.749786
  20
714.331299
  0
VERTEX
  8
85
  10
-240.018250
  20
714.545044
  0
VERTEX
  8
85
  10
-243.285248
  20
714.768799
  0
VERTEX
  8
85
  10
-246.550629
  20
715.004089
  0
VERTEX
  8
85
  10
-249.814270
  20
715.252319
  0
VERTEX
  8
85
  10
-253.075989
  20
715.515015
  0
VERTEX
  8
85
  10
-256.335632
  20
715.793518
  0
VERTEX
  8
85
  10
-259.593079
  20
716.089294
  0
VERTEX
  8
85
  10
-262.848145
  20
716.403931
  0
VERTEX
  8
85
  10
-266.100708
  20
716.738647
  0
VERTEX
  8
85
  10
-269.350586
  20
717.095154
  0
VERTEX
  8
85
  10
-272.597656
  20
717.474731
  0
VERTEX
  8
85
  10
-275.841705
  20
717.878845
  0
VERTEX
  8
85
  10
-279.082672
  20
718.309021
  0
VERTEX
  8
85
  10
-282.320312
  20
718.766663
  0
VERTEX
  8
85
  10
-285.554565
  20
719.253235
  0
VERTEX
  8
85
  10
-288.785217
  20
719.770203
  0
VERTEX
  8
85
  10
-292.012146
  20
720.318970
  0
VERTEX
  8
85
  10
-294.568390
  20
720.777588
  0
VERTEX
  8
85
  10
-297.121490
  20
721.256897
  0
VERTEX
  8
85
  10
-299.671234
  20
721.756958
  0
VERTEX
  8
85
  10
-302.217438
  20
722.277527
  0
VERTEX
  8
85
  10
-304.759857
  20
722.818726
  0
VERTEX
  8
85
  10
-307.298309
  20
723.380371
  0
VERTEX
  8
85
  10
-309.832581
  20
723.962402
  0
VERTEX
  8
85
  10
-312.362457
  20
724.564819
  0
VERTEX
  8
85
  10
-314.887756
  20
725.187500
  0
VERTEX
  8
85
  10
-317.408264
  20
725.830444
  0
VERTEX
  8
85
  10
-319.923767
  20
726.493591
  0
VERTEX
  8
85
  10
-322.434052
  20
727.176819
  0
VERTEX
  8
85
  10
-324.938904
  20
727.880127
  0
VERTEX
  8
85
  10
-327.438171
  20
728.603394
  0
VERTEX
  8
85
  10
-329.931580
  20
729.346558
  0
VERTEX
  8
85
  10
-332.418976
  20
730.109680
  0
VERTEX
  8
85
  10
-334.900146
  20
730.892517
  0
VERTEX
  8
85
  10
-337.374847
  20
731.695129
  0
VERTEX
  8
85
  10
-339.842896
  20
732.517456
  0
VERTEX
  8
85
  10
-342.304077
  20
733.359375
  0
VERTEX
  8
85
  10
-344.758209
  20
734.220825
  0
VERTEX
  8
85
  10
-347.205078
  20
735.101807
  0
VERTEX
  8
85
  10
-349.644440
  20
736.002197
  0
VERTEX
  8
85
  10
-352.076141
  20
736.921997
  0
VERTEX
  8
85
  10
-354.499939
  20
737.861084
  0
VERTEX
  8
85
  10
-356.915649
  20
738.819458
  0
VERTEX
  8
85
  10
-359.323059
  20
739.796997
  0
VERTEX
  8
85
  10
-361.721985
  20
740.793701
  0
VERTEX
  8
85
  10
-364.112183
  20
741.809387
  0
VERTEX
  8
85
  10
-367.112915
  20
743.116882
  0
VERTEX
  8
85
  10
-370.099365
  20
744.453064
  0
VERTEX
  8
85
  10
-373.072174
  20
745.816589
  0
VERTEX
  8
85
  10
-376.032043
  20
747.206238
  0
VERTEX
  8
85
  10
-378.979584
  20
748.620667
  0
VERTEX
  8
85
  10
-381.915497
  20
750.058594
  0
VERTEX
  8
85
  10
-384.840454
  20
751.518677
  0
VERTEX
  8
85
  10
-387.755127
  20
752.999634
  0
VERTEX
  8
85
  10
-390.660156
  20
754.500244
  0
VERTEX
  8
85
  10
-393.556244
  20
756.019165
  0
VERTEX
  8
85
  10
-396.444031
  20
757.554993
  0
VERTEX
  8
85
  10
-399.324219
  20
759.106567
  0
VERTEX
  8
85
  10
-402.197388
  20
760.672607
  0
VERTEX
  8
85
  10
-405.064331
  20
762.251648
  0
VERTEX
  8
85
  10
-407.925659
  20
763.842529
  0
VERTEX
  8
85
  10
-410.782043
  20
765.443970
  0
VERTEX
  8
85
  10
-413.634094
  20
767.054504
  0
VERTEX
  8
85
  10
-416.482574
  20
768.673035
  0
VERTEX
  8
85
  10
-419.328094
  20
770.298157
  0
VERTEX
  8
85
  10
-422.171326
  20
771.928589
  0
VERTEX
  8
85
  10
-425.012970
  20
773.563049
  0
VERTEX
  8
85
  10
-427.853668
  20
775.200195
  0
VERTEX
  8
85
  10
-430.694092
  20
776.838745
  0
VERTEX
  8
85
  10
-598.722839
  20
522.536865
  0
VERTEX
  8
85
  10
-594.698914
  20
520.209961
  0
VERTEX
  8
85
  10
-590.674805
  20
517.884399
  0
VERTEX
  8
85
  10
-586.650024
  20
515.561279
  0
VERTEX
  8
85
  10
-582.623840
  20
513.241760
  0
VERTEX
  8
85
  10
-578.595703
  20
510.927002
  0
VERTEX
  8
85
  10
-574.565002
  20
508.618195
  0
VERTEX
  8
85
  10
-570.531189
  20
506.316437
  0
VERTEX
  8
85
  10
-566.493652
  20
504.022888
  0
VERTEX
  8
85
  10
-562.451843
  20
501.738770
  0
VERTEX
  8
85
  10
-558.405029
  20
499.465179
  0
VERTEX
  8
85
  10
-554.352661
  20
497.203308
  0
VERTEX
  8
85
  10
-550.294250
  20
494.954285
  0
VERTEX
  8
85
  10
-546.229126
  20
492.719269
  0
VERTEX
  8
85
  10
-542.156616
  20
490.499451
  0
VERTEX
  8
85
  10
-538.076233
  20
488.295959
  0
VERTEX
  8
85
  10
-533.987366
  20
486.109985
  0
VERTEX
  8
85
  10
-529.889343
  20
483.942627
  0
VERTEX
  8
85
  10
-525.781616
  20
481.795105
  0
VERTEX
  8
85
  10
-521.663635
  20
479.668518
  0
VERTEX
  8
85
  10
-517.534729
  20
477.564056
  0
VERTEX
  8
85
  10
-513.394348
  20
475.482910
  0
VERTEX
  8
85
  10
-509.241882
  20
473.426147
  0
VERTEX
  8
85
  10
-505.076660
  20
471.395020
  0
VERTEX
  8
85
  10
-500.898193
  20
469.390625
  0
VERTEX
  8
85
  10
-496.705872
  20
467.414124
  0
VERTEX
  8
85
  10
-492.499023
  20
465.466705
  0
VERTEX
  8
85
  10
-488.277161
  20
463.549500
  0
VERTEX
  8
85
  10
-484.039612
  20
461.663696
  0
VERTEX
  8
85
  10
-479.785767
  20
459.810425
  0
VERTEX
  8
85
  10
-475.515686
  20
457.990784
  0
VERTEX
  8
85
  10
-471.229980
  20
456.205200
  0
VERTEX
  8
85
  10
-466.929016
  20
454.453827
  0
VERTEX
  8
85
  10
-462.613190
  20
452.736725
  0
VERTEX
  8
85
  10
-458.282867
  20
451.054016
  0
VERTEX
  8
85
  10
-453.938416
  20
449.405823
  0
VERTEX
  8
85
  10
-449.580170
  20
447.792267
  0
VERTEX
  8
85
  10
-445.208527
  20
446.213440
  0
VERTEX
  8
85
  10
-440.823853
  20
444.669403
  0
VERTEX
  8
85
  10
-436.426544
  20
443.160339
  0
VERTEX
  8
85
  10
-432.016907
  20
441.686340
  0
VERTEX
  8
85
  10
-427.595367
  20
440.247528
  0
VERTEX
  8
85
  10
-423.162292
  20
438.843964
  0
VERTEX
  8
85
  10
-418.717987
  20
437.475769
  0
VERTEX
  8
85
  10
-414.262878
  20
436.143127
  0
VERTEX
  8
85
  10
-409.797302
  20
434.846039
  0
VERTEX
  8
85
  10
-405.321655
  20
433.584717
  0
VERTEX
  8
85
  10
-400.836304
  20
432.359131
  0
VERTEX
  8
85
  10
-396.341614
  20
431.169556
  0
VERTEX
  8
85
  10
-391.837891
  20
430.016022
  0
VERTEX
  8
85
  10
-387.325623
  20
428.898621
  0
VERTEX
  8
85
  10
-382.805084
  20
427.817505
  0
VERTEX
  8
85
  10
-378.276703
  20
426.772766
  0
VERTEX
  8
85
  10
-373.740784
  20
425.764465
  0
VERTEX
  8
85
  10
-369.197754
  20
424.792786
  0
VERTEX
  8
85
  10
-364.647949
  20
423.857819
  0
VERTEX
  8
85
  10
-360.091736
  20
422.959656
  0
VERTEX
  8
85
  10
-355.529480
  20
422.098450
  0
VERTEX
  8
85
  10
-350.961609
  20
421.274231
  0
VERTEX
  8
85
  10
-346.388824
  20
420.487061
  0
VERTEX
  8
85
  10
-341.811768
  20
419.736023
  0
VERTEX
  8
85
  10
-337.230591
  20
419.019775
  0
VERTEX
  8
85
  10
-332.645386
  20
418.337067
  0
VERTEX
  8
85
  10
-328.056366
  20
417.686584
  0
VERTEX
  8
85
  10
-323.463593
  20
417.067047
  0
VERTEX
  8
85
  10
-318.867249
  20
416.477142
  0
VERTEX
  8
85
  10
-314.267456
  20
415.915588
  0
VERTEX
  8
85
  10
-309.664337
  20
415.381073
  0
VERTEX
  8
85
  10
-305.058044
  20
414.872345
  0
VERTEX
  8
85
  10
-300.448730
  20
414.388062
  0
VERTEX
  8
85
  10
-295.836487
  20
413.926941
  0
VERTEX
  8
85
  10
-291.221497
  20
413.487701
  0
VERTEX
  8
85
  10
-286.603851
  20
413.069031
  0
VERTEX
  8
85
  10
-281.983734
  20
412.669647
  0
VERTEX
  8
85
  10
-277.361267
  20
412.288269
  0
VERTEX
  8
85
  10
-272.736542
  20
411.923584
  0
VERTEX
  8
85
  10
-268.109772
  20
411.574280
  0
VERTEX
  8
85
  10
-263.481049
  20
411.239075
  0
VERTEX
  8
85
  10
-258.850525
  20
410.916748
  0
VERTEX
  8
85
  10
-254.218323
  20
410.605896
  0
VERTEX
  8
85
  10
-249.584564
  20
410.305237
  0
VERTEX
  8
85
  10
-244.949417
  20
410.013550
  0
VERTEX
  8
85
  10
-240.313019
  20
409.729492
  0
VERTEX
  8
85
  10
-235.675491
  20
409.451752
  0
VERTEX
  8
85
  10
-231.036957
  20
409.179077
  0
VERTEX
  8
85
  10
-226.397583
  20
408.910156
  0
VERTEX
  8
85
  10
-221.757492
  20
408.643677
  0
VERTEX
  8
85
  10
-217.116821
  20
408.378357
  0
SEQEND
  0
TEXT
  8
1
  10
-217.116882
  20
592.608643
  50
0.000000
  1
PIECE NAME: Pattern_634078
  7
STANDARD
  0
TEXT
  8
1
  10
-217.116882
  20
587.608643
  50
0.000000
  1
SIZE: M
  7
STANDARD
  0
TEXT
  8
1
  10
-217.116882
  20
577.608643
  50
0.000000
  1
QUANTITY: 1
  7
STANDARD
  0
ENDBLK
  0
BLOCK
  8
1
  2
Pattern_669883_M
  70
64
  10
0
  20
0
  0
POLYLINE
  8
1
  66
1
  70
1
  250
0
  0
VERTEX
  8
1
  10
774.390930
  20
699.874756
  0
VERTEX
  8
1
  10
702.020752
  20
706.773804
  0
VERTEX
  8
1
  10
632.351196
  20
727.538818
  0
VERTEX
  8
1
  10
568.009949
  20
761.381165
  0
VERTEX
  8
1
  10
399.981628
  20
507.079224
  0
VERTEX
  8
1
  10
516.678162
  20
445.540710
  0
VERTEX
  8
1
  10
643.071472
  20
407.729675
  0
VERTEX
  8
1
  10
774.390930
  20
395.074799
  0
VERTEX
  8
1
  10
905.710388
  20
407.729675
  0
VERTEX
  8
1
  10
1032.103760
  20
445.540710
  0
VERTEX
  8
1
  10
1148.800293
  20
507.079224
  0
VERTEX
  8
1
  10
980.771912
  20
761.381165
  0
VERTEX
  8
1
  10
916.430664
  20
727.538818
  0
VERTEX
  8
1
  10
846.761108
  20
706.773804
  0
SEQEND
  0
TEXT
  8
1
  10
774.390930
  20
699.874756
  40
0.250000
  50
0.000000
  1
# 1
  7
STANDARD
  0
TEXT
  8
1
  10
568.009949
  20
761.381165
  40
0.250000
  50
0.000000
  1
# 2
  7
STANDARD
  0
TEXT
  8
1
  10
399.981628
  20
507.079224
  40
0.250000
  50
0.000000
  1
# 3
  7
STANDARD
  0
TEXT
  8
1
  10
774.390930
  20
395.074799
  40
0.250000
  50
0.000000
  1
# 4
  7
STANDARD
  0
TEXT
  8
1
  10
1148.800293
  20
507.079224
  40
0.250000
  50
0.000000
  1
# 3
  7
STANDARD
  0
TEXT
  8
1
  10
980.771912
  20
761.381165
  40
0.250000
  50
0.000000
  1
# 2
  7
STANDARD
  0
POINT
  8
2
  10
774.390930
  20
699.874756
  0
POINT
  8
2
  10
568.009949
  20
761.381165
  0
POINT
  8
2
  10
399.981628
  20
507.079224
  0
POINT
  8
2
  10
774.390930
  20
395.074799
  0
POINT
  8
2
  10
1148.800293
  20
507.079224
  0
POINT
  8
2
  10
980.771912
  20
761.381165
  0
POINT
  8
3
  10
702.020752
  20
706.773804
  0
POINT
  8
3
  10
632.351196
  20
727.538818
  0
POINT
  8
3
  10
516.678162
  20
445.540710
  0
POINT
  8
3
  10
643.071472
  20
407.729675
  0
POINT
  8
3
  10
905.710388
  20
407.729675
  0
POINT
  8
3
  10
1032.103760
  20
445.540710
  0
POINT
  8
3
  10
916.430664
  20
727.538818
  0
POINT
  8
3
  10
846.761108
  20
706.773804
  0
POLYLINE
  8
84
  66
1
  70
1
  250
1
  0
VERTEX
  8
84
  10
771.083496
  20
700.060547
  0
VERTEX
  8
84
  10
767.776672
  20
700.247864
  0
VERTEX
  8
84
  10
764.470581
  20
700.438232
  0
VERTEX
  8
84
  10
761.165405
  20
700.633301
  0
VERTEX
  8
84
  10
757.861328
  20
700.834595
  0
VERTEX
  8
84
  10
754.558472
  20
701.043884
  0
VERTEX
  8
84
  10
751.257080
  20
701.262573
  0
VERTEX
  8
84
  10
747.957214
  20
701.492432
  0
VERTEX
  8
84
  10
744.659180
  20
701.734985
  0
VERTEX
  8
84
  10
741.363037
  20
701.991821
  0
VERTEX
  8
84
  10
738.069031
  20
702.264587
  0
VERTEX
  8
84
  10
734.777222
  20
702.554932
  0
VERTEX
  8
84
  10
731.487854
  20
702.864258
  0
VERTEX
  8
84
  10
728.201111
  20
703.194397
  0
VERTEX
  8
84
  10
724.917114
  20
703.546875
  0
VERTEX
  8
84
  10
721.636108
  20
703.923218
  0
VERTEX
  8
84
  10
718.358154
  20
704.325134
  0
VERTEX
  8
84
  10
715.083435
  20
704.754150
  0
VERTEX
  8
84
  10
711.812195
  20
705.211975
  0
VERTEX
  8
84
  10
708.544556
  20
705.700073
  0
VERTEX
  8
84
  10
705.280701
  20
706.220154
  0
VERTEX
  8
84
  10
702.020752
  20
706.773804
  0
VERTEX
  8
84
  10
699.550659
  20
707.216980
  0
VERTEX
  8
84
  10
697.083679
  20
707.680176
  0
VERTEX
  8
84
  10
694.619873
  20
708.163330
  0
VERTEX
  8
84
  10
692.159546
  20
708.666382
  0
VERTEX
  8
84
  10
689.702881
  20
709.189270
  0
VERTEX
  8
84
  10
687.250000
  20
709.731995
  0
VERTEX
  8
84
  10
684.801208
  20
710.294434
  0
VERTEX
  8
84
  10
682.356567
  20
710.876526
  0
VERTEX
  8
84
  10
679.916443
  20
711.478271
  0
VERTEX
  8
84
  10
677.480896
  20
712.099548
  0
VERTEX
  8
84
  10
675.050232
  20
712.740295
  0
VERTEX
  8
84
  10
672.624573
  20
713.400513
  0
VERTEX
  8
84
  10
670.204163
  20
714.080078
  0
VERTEX
  8
84
  10
667.789185
  20
714.778931
  0
VERTEX
  8
84
  10
665.379822
  20
715.497070
  0
VERTEX
  8
84
  10
662.976257
  20
716.234375
  0
VERTEX
  8
84
  10
660.578735
  20
716.990845
  0
VERTEX
  8
84
  10
658.187500
  20
717.766357
  0
VERTEX
  8
84
  10
655.802612
  20
718.560913
  0
VERTEX
  8
84
  10
653.424377
  20
719.374390
  0
VERTEX
  8
84
  10
651.052979
  20
720.206726
  0
VERTEX
  8
84
  10
648.688599
  20
721.057983
  0
VERTEX
  8
84
  10
646.331421
  20
721.927979
  0
VERTEX
  8
84
  10
643.981689
  20
722.816650
  0
VERTEX
  8
84
  10
641.639526
  20
723.723999
  0
VERTEX
  8
84
  10
639.305237
  20
724.649963
  0
VERTEX
  8
84
  10
636.978943
  20
725.594482
  0
VERTEX
  8
84
  10
634.660889
  20
726.557434
  0
VERTEX
  8
84
  10
632.351196
  20
727.538818
  0
VERTEX
  8
84
  10
629.320068
  20
728.860168
  0
VERTEX
  8
84
  10
626.303955
  20
730.211731
  0
VERTEX
  8
84
  10
623.302124
  20
731.592041
  0
VERTEX
  8
84
  10
620.313965
  20
732.999756
  0
VERTEX
  8
84
  10
617.338623
  20
734.433350
  0
VERTEX
  8
84
  10
614.375366
  20
735.891418
  0
VERTEX
  8
84
  10
611.423584
  20
737.372559
  0
VERTEX
  8
84
  10
608.482361
  20
738.875305
  0
VERTEX
  8
84
  10
605.551025
  20
740.398254
  0
VERTEX
  8
84
  10
602.628906
  20
741.939941
  0
VERTEX
  8
84
  10
599.715210
  20
743.498901
  0
VERTEX
  8
84
  10
596.809204
  20
745.073792
  0
VERTEX
  8
84
  10
593.910156
  20
746.663147
  0
VERTEX
  8
84
  10
591.017334
  20
748.265503
  0
VERTEX
  8
84
  10
588.129944
  20
749.879456
  0
VERTEX
  8
84
  10
585.247314
  20
751.503540
  0
VERTEX
  8
84
  10
582.368713
  20
753.136353
  0
VERTEX
  8
84
  10
579.493347
  20
754.776489
  0
VERTEX
  8
84
  10
576.620544
  20
756.422485
  0
VERTEX
  8
84
  10
573.749512
  20
758.072876
  0
VERTEX
  8
84
  10
570.879578
  20
759.726196
  0
VERTEX
  8
84
  10
568.009949
  20
761.381165
  0
VERTEX
  8
84
  10
399.981628
  20
507.079224
  0
VERTEX
  8
84
  10
403.929779
  20
504.796478
  0
VERTEX
  8
84
  10
407.878113
  20
502.515015
  0
VERTEX
  8
84
  10
411.827148
  20
500.235931
  0
VERTEX
  8
84
  10
415.777496
  20
497.960388
  0
VERTEX
  8
84
  10
419.729767
  20
495.689514
  0
VERTEX
  8
84
  10
423.684540
  20
493.424438
  0
VERTEX
  8
84
  10
427.642334
  20
491.166321
  0
VERTEX
  8
84
  10
431.603821
  20
488.916260
  0
VERTEX
  8
84
  10
435.569611
  20
486.675415
  0
VERTEX
  8
84
  10
439.540192
  20
484.444916
  0
VERTEX
  8
84
  10
443.516205
  20
482.225891
  0
VERTEX
  8
84
  10
447.498169
  20
480.019501
  0
VERTEX
  8
84
  10
451.486816
  20
477.826843
  0
VERTEX
  8
84
  10
455.482574
  20
475.649078
  0
VERTEX
  8
84
  10
459.486084
  20
473.487335
  0
VERTEX
  8
84
  10
463.497955
  20
471.342743
  0
VERTEX
  8
84
  10
467.518768
  20
469.216431
  0
VERTEX
  8
84
  10
471.549072
  20
467.109589
  0
VERTEX
  8
84
  10
475.589539
  20
465.023254
  0
VERTEX
  8
84
  10
479.640656
  20
462.958649
  0
VERTEX
  8
84
  10
483.703003
  20
460.916870
  0
VERTEX
  8
84
  10
487.777252
  20
458.899048
  0
VERTEX
  8
84
  10
491.863983
  20
456.906311
  0
VERTEX
  8
84
  10
495.963654
  20
454.939850
  0
VERTEX
  8
84
  10
500.077026
  20
453.000732
  0
VERTEX
  8
84
  10
504.204529
  20
451.090149
  0
VERTEX
  8
84
  10
508.346832
  20
449.209167
  0
VERTEX
  8
84
  10
512.504517
  20
447.359009
  0
VERTEX
  8
84
  10
516.678162
  20
445.540710
  0
VERTEX
  8
84
  10
520.867676
  20
443.755432
  0
VERTEX
  8
84
  10
525.072632
  20
442.003601
  0
VERTEX
  8
84
  10
529.292480
  20
440.285278
  0
VERTEX
  8
84
  10
533.526855
  20
438.600586
  0
VERTEX
  8
84
  10
537.775513
  20
436.949615
  0
VERTEX
  8
84
  10
542.038025
  20
435.332520
  0
VERTEX
  8
84
  10
546.314026
  20
433.749359
  0
VERTEX
  8
84
  10
550.603149
  20
432.200256
  0
VERTEX
  8
84
  10
554.905090
  20
430.685333
  0
VERTEX
  8
84
  10
559.219482
  20
429.204712
  0
VERTEX
  8
84
  10
563.545898
  20
427.758453
  0
VERTEX
  8
84
  10
567.883972
  20
426.346680
  0
VERTEX
  8
84
  10
572.233398
  20
424.969543
  0
VERTEX
  8
84
  10
576.593872
  20
423.627106
  0
VERTEX
  8
84
  10
580.964844
  20
422.319519
  0
VERTEX
  8
84
  10
585.346191
  20
421.046814
  0
VERTEX
  8
84
  10
589.737305
  20
419.809143
  0
VERTEX
  8
84
  10
594.138062
  20
418.606628
  0
VERTEX
  8
84
  10
598.547913
  20
417.439392
  0
VERTEX
  8
84
  10
602.966614
  20
416.307495
  0
VERTEX
  8
84
  10
607.393738
  20
415.211090
  0
VERTEX
  8
84
  10
611.828979
  20
414.150269
  0
VERTEX
  8
84
  10
616.271912
  20
413.125122
  0
VERTEX
  8
84
  10
620.722168
  20
412.135742
  0
VERTEX
  8
84
  10
625.179504
  20
411.182312
  0
VERTEX
  8
84
  10
629.643433
  20
410.264832
  0
VERTEX
  8
84
  10
634.113647
  20
409.383545
  0
VERTEX
  8
84
  10
638.589783
  20
408.538422
  0
VERTEX
  8
84
  10
643.071472
  20
407.729675
  0
VERTEX
  8
84
  10
647.557983
  20
406.957275
  0
VERTEX
  8
84
  10
652.048645
  20
406.220276
  0
VERTEX
  8
84
  10
656.543396
  20
405.517456
  0
VERTEX
  8
84
  10
661.042053
  20
404.847534
  0
VERTEX
  8
84
  10
665.544495
  20
404.209229
  0
VERTEX
  8
84
  10
670.050598
  20
403.601318
  0
VERTEX
  8
84
  10
674.560181
  20
403.022430
  0
VERTEX
  8
84
  10
679.073181
  20
402.471375
  0
VERTEX
  8
84
  10
683.589478
  20
401.946899
  0
VERTEX
  8
84
  10
688.108826
  20
401.447632
  0
VERTEX
  8
84
  10
692.631226
  20
400.972412
  0
VERTEX
  8
84
  10
697.156433
  20
400.519928
  0
VERTEX
  8
84
  10
701.684326
  20
400.088898
  0
VERTEX
  8
84
  10
706.214844
  20
399.678040
  0
VERTEX
  8
84
  10
710.747803
  20
399.286133
  0
VERTEX
  8
84
  10
715.283081
  20
398.911865
  0
VERTEX
  8
84
  10
719.820496
  20
398.553955
  0
VERTEX
  8
84
  10
724.359985
  20
398.211182
  0
VERTEX
  8
84
  10
728.901367
  20
397.882263
  0
VERTEX
  8
84
  10
733.444580
  20
397.565918
  0
VERTEX
  8
84
  10
737.989380
  20
397.260864
  0
VERTEX
  8
84
  10
742.535706
  20
396.965820
  0
VERTEX
  8
84
  10
747.083374
  20
396.679565
  0
VERTEX
  8
84
  10
751.632324
  20
396.400757
  0
VERTEX
  8
84
  10
756.182373
  20
396.128204
  0
VERTEX
  8
84
  10
760.733398
  20
395.860596
  0
VERTEX
  8
84
  10
765.285278
  20
395.596680
  0
VERTEX
  8
84
  10
769.837830
  20
395.335144
  0
VERTEX
  8
84
  10
774.390930
  20
395.074799
  0
VERTEX
  8
84
  10
778.944031
  20
395.335144
  0
VERTEX
  8
84
  10
783.496582
  20
395.596680
  0
VERTEX
  8
84
  10
788.048462
  20
395.860596
  0
VERTEX
  8
84
  10
792.599487
  20
396.128204
  0
VERTEX
  8
84
  10
797.149536
  20
396.400757
  0
VERTEX
  8
84
  10
801.698486
  20
396.679565
  0
VERTEX
  8
84
  10
806.246155
  20
396.965820
  0
VERTEX
  8
84
  10
810.792480
  20
397.260864
  0
VERTEX
  8
84
  10
815.337280
  20
397.565918
  0
VERTEX
  8
84
  10
819.880493
  20
397.882263
  0
VERTEX
  8
84
  10
824.421875
  20
398.211182
  0
VERTEX
  8
84
  10
828.961365
  20
398.553955
  0
VERTEX
  8
84
  10
833.498779
  20
398.911865
  0
VERTEX
  8
84
  10
838.034058
  20
399.286133
  0
VERTEX
  8
84
  10
842.567017
  20
399.678040
  0
VERTEX
  8
84
  10
847.097534
  20
400.088898
  0
VERTEX
  8
84
  10
851.625427
  20
400.519928
  0
VERTEX
  8
84
  10
856.150635
  20
400.972412
  0
VERTEX
  8
84
  10
860.673035
  20
401.447632
  0
VERTEX
  8
84
  10
865.192383
  20
401.946899
  0
VERTEX
  8
84
  10
869.708618
  20
402.471375
  0
VERTEX
  8
84
  10
874.221680
  20
403.022430
  0
VERTEX
  8
84
  10
878.731262
  20
403.601318
  0
VERTEX
  8
84
  10
883.237366
  20
404.209229
  0
VERTEX
  8
84
  10
887.739807
  20
404.847534
  0
VERTEX
  8
84
  10
892.238464
  20
405.517456
  0
VERTEX
  8
84
  10
896.733215
  20
406.220276
  0
VERTEX
  8
84
  10
901.223877
  20
406.957275
  0
VERTEX
  8
84
  10
905.710388
  20
407.729675
  0
VERTEX
  8
84
  10
910.192078
  20
408.538422
  0
VERTEX
  8
84
  10
914.668213
  20
409.383545
  0
VERTEX
  8
84
  10
919.138428
  20
410.264832
  0
VERTEX
  8
84
  10
923.602356
  20
411.182312
  0
VERTEX
  8
84
  10
928.059692
  20
412.135742
  0
VERTEX
  8
84
  10
932.510010
  20
413.125122
  0
VERTEX
  8
84
  10
936.952881
  20
414.150269
  0
VERTEX
  8
84
  10
941.388123
  20
415.211090
  0
VERTEX
  8
84
  10
945.815247
  20
416.307495
  0
VERTEX
  8
84
  10
950.233948
  20
417.439392
  0
VERTEX
  8
84
  10
954.643799
  20
418.606628
  0
VERTEX
  8
84
  10
959.044556
  20
419.809143
  0
VERTEX
  8
84
  10
963.435730
  20
421.046814
  0
VERTEX
  8
84
  10
967.817017
  20
422.319489
  0
VERTEX
  8
84
  10
972.187988
  20
423.627106
  0
VERTEX
  8
84
  10
976.548462
  20
424.969543
  0
VERTEX
  8
84
  10
980.897888
  20
426.346680
  0
VERTEX
  8
84
  10
985.236023
  20
427.758453
  0
VERTEX
  8
84
  10
989.562439
  20
429.204712
  0
VERTEX
  8
84
  10
993.876831
  20
430.685333
  0
VERTEX
  8
84
  10
998.178711
  20
432.200256
  0
VERTEX
  8
84
  10
1002.467896
  20
433.749359
  0
VERTEX
  8
84
  10
1006.743896
  20
435.332520
  0
VERTEX
  8
84
  10
1011.006409
  20
436.949615
  0
VERTEX
  8
84
  10
1015.255066
  20
438.600586
  0
VERTEX
  8
84
  10
1019.489502
  20
440.285278
  0
VERTEX
  8
84
  10
1023.709290
  20
442.003601
  0
VERTEX
  8
84
  10
1027.914185
  20
443.755432
  0
VERTEX
  8
84
  10
1032.103760
  20
445.540710
  0
VERTEX
  8
84
  10
1036.277344
  20
447.358978
  0
VERTEX
  8
84
  10
1040.435059
  20
449.209167
  0
VERTEX
  8
84
  10
1044.577393
  20
451.090149
  0
VERTEX
  8
84
  10
1048.704956
  20
453.000732
  0
VERTEX
  8
84
  10
1052.818237
  20
454.939850
  0
VERTEX
  8
84
  10
1056.917969
  20
456.906311
  0
VERTEX
  8
84
  10
1061.004639
  20
458.899048
  0
VERTEX
  8
84
  10
1065.078857
  20
460.916870
  0
VERTEX
  8
84
  10
1069.141235
  20
462.958649
  0
VERTEX
  8
84
  10
1073.192383
  20
465.023254
  0
VERTEX
  8
84
  10
1077.232910
  20
467.109589
  0
VERTEX
  8
84
  10
1081.263184
  20
469.216431
  0
VERTEX
  8
84
  10
1085.283936
  20
471.342743
  0
VERTEX
  8
84
  10
1089.295898
  20
473.487335
  0
VERTEX
  8
84
  10
1093.299316
  20
475.649078
  0
VERTEX
  8
84
  10
1097.295166
  20
477.826843
  0
VERTEX
  8
84
  10
1101.283691
  20
480.019501
  0
VERTEX
  8
84
  10
1105.265747
  20
482.225891
  0
VERTEX
  8
84
  10
1109.241699
  20
484.444916
  0
VERTEX
  8
84
  10
1113.212280
  20
486.675415
  0
VERTEX
  8
84
  10
1117.178101
  20
488.916260
  0
VERTEX
  8
84
  10
1121.139648
  20
491.166290
  0
VERTEX
  8
84
  10
1125.097412
  20
493.424438
  0
VERTEX
  8
84
  10
1129.052124
  20
495.689514
  0
VERTEX
  8
84
  10
1133.004395
  20
497.960388
  0
VERTEX
  8
84
  10
1136.954834
  20
500.235931
  0
VERTEX
  8
84
  10
1140.903809
  20
502.515015
  0
VERTEX
  8
84
  10
1144.852173
  20
504.796478
  0
VERTEX
  8
84
  10
1148.800293
  20
507.079224
  0
VERTEX
  8
84
  10
980.771912
  20
761.381165
  0
VERTEX
  8
84
  10
977.902283
  20
759.726196
  0
VERTEX
  8
84
  10
975.032349
  20
758.072876
  0
VERTEX
  8
84
  10
972.161316
  20
756.422485
  0
VERTEX
  8
84
  10
969.288513
  20
754.776489
  0
VERTEX
  8
84
  10
966.413147
  20
753.136353
  0
VERTEX
  8
84
  10
963.534546
  20
751.503540
  0
VERTEX
  8
84
  10
960.651917
  20
749.879456
  0
VERTEX
  8
84
  10
957.764526
  20
748.265503
  0
VERTEX
  8
84
  10
954.871704
  20
746.663147
  0
VERTEX
  8
84
  10
951.972656
  20
745.073792
  0
VERTEX
  8
84
  10
949.066650
  20
743.498901
  0
VERTEX
  8
84
  10
946.152954
  20
741.939941
  0
VERTEX
  8
84
  10
943.230835
  20
740.398254
  0
VERTEX
  8
84
  10
940.299500
  20
738.875305
  0
VERTEX
  8
84
  10
937.358276
  20
737.372559
  0
VERTEX
  8
84
  10
934.406494
  20
735.891418
  0
VERTEX
  8
84
  10
931.443237
  20
734.433350
  0
VERTEX
  8
84
  10
928.467896
  20
732.999756
  0
VERTEX
  8
84
  10
925.479736
  20
731.592041
  0
VERTEX
  8
84
  10
922.477905
  20
730.211731
  0
VERTEX
  8
84
  10
919.461792
  20
728.860168
  0
VERTEX
  8
84
  10
916.430664
  20
727.538818
  0
VERTEX
  8
84
  10
914.120972
  20
726.557434
  0
VERTEX
  8
84
  10
911.802917
  20
725.594482
  0
VERTEX
  8
84
  10
909.476624
  20
724.649963
  0
VERTEX
  8
84
  10
907.142334
  20
723.723999
  0
VERTEX
  8
84
  10
904.800171
  20
722.816650
  0
VERTEX
  8
84
  10
902.450439
  20
721.927979
  0
VERTEX
  8
84
  10
900.093262
  20
721.057983
  0
VERTEX
  8
84
  10
897.728882
  20
720.206726
  0
VERTEX
  8
84
  10
895.357483
  20
719.374390
  0
VERTEX
  8
84
  10
892.979248
  20
718.560913
  0
VERTEX
  8
84
  10
890.594360
  20
717.766357
  0
VERTEX
  8
84
  10
888.203125
  20
716.990845
  0
VERTEX
  8
84
  10
885.805603
  20
716.234375
  0
VERTEX
  8
84
  10
883.402039
  20
715.497070
  0
VERTEX
  8
84
  10
880.992676
  20
714.778931
  0
VERTEX
  8
84
  10
878.577698
  20
714.080078
  0
VERTEX
  8
84
  10
876.157288
  20
713.400513
  0
VERTEX
  8
84
  10
873.731628
  20
712.740295
  0
VERTEX
  8
84
  10
871.300964
  20
712.099548
  0
VERTEX
  8
84
  10
868.865417
  20
711.478271
  0
VERTEX
  8
84
  10
866.425293
  20
710.876526
  0
VERTEX
  8
84
  10
863.980652
  20
710.294434
  0
VERTEX
  8
84
  10
861.531860
  20
709.731995
  0
VERTEX
  8
84
  10
859.078979
  20
709.189270
  0
VERTEX
  8
84
  10
856.622314
  20
708.666382
  0
VERTEX
  8
84
  10
854.161987
  20
708.163330
  0
VERTEX
  8
84
  10
851.698181
  20
707.680176
  0
VERTEX
  8
84
  10
849.231201
  20
707.216980
  0
VERTEX
  8
84
  10
846.761108
  20
706.773804
  0
VERTEX
  8
84
  10
843.501160
  20
706.220154
  0
VERTEX
  8
84
  10
840.237305
  20
705.700073
  0
VERTEX
  8
84
  10
836.969666
  20
705.211975
  0
VERTEX
  8
84
  10
833.698425
  20
704.754150
  0
VERTEX
  8
84
  10
830.423706
  20
704.325134
  0
VERTEX
  8
84
  10
827.145752
  20
703.923218
  0
VERTEX
  8
84
  10
823.864746
  20
703.546875
  0
VERTEX
  8
84
  10
820.580750
  20
703.194397
  0
VERTEX
  8
84
  10
817.294006
  20
702.864319
  0
VERTEX
  8
84
  10
814.004639
  20
702.554932
  0
VERTEX
  8
84
  10
810.712830
  20
702.264587
  0
VERTEX
  8
84
  10
807.418823
  20
701.991821
  0
VERTEX
  8
84
  10
804.122681
  20
701.734985
  0
VERTEX
  8
84
  10
800.824646
  20
701.492432
  0
VERTEX
  8
84
  10
797.524780
  20
701.262573
  0
VERTEX
  8
84
  10
794.223389
  20
701.043884
  0
VERTEX
  8
84
  10
790.920593
  20
700.834595
  0
VERTEX
  8
84
  10
787.616455
  20
700.633301
  0
VERTEX
  8
84
  10
784.311279
  20
700.438232
  0
VERTEX
  8
84
  10
781.005188
  20
700.247864
  0
VERTEX
  8
84
  10
777.698364
  20
700.060547
  0
VERTEX
  8
84
  10
774.390930
  20
699.874756
  0
SEQEND
  0
LINE
  8
7
  10
774.390991
  20
488.227966
  11
774.390991
  21
668.227966
  0
POLYLINE
  8
14
  66
1
  70
1
  250
2
  0
VERTEX
  8
14
  10
774.390930
  20
699.874756
  0
VERTEX
  8
14
  10
702.020752
  20
706.773804
  0
VERTEX
  8
14
  10
632.351196
  20
727.538818
  0
VERTEX
  8
14
  10
568.009949
  20
761.381165
  0
VERTEX
  8
14
  10
399.981628
  20
507.079224
  0
VERTEX
  8
14
  10
516.678162
  20
445.540710
  0
VERTEX
  8
14
  10
643.071472
  20
407.729675
  0
VERTEX
  8
14
  10
774.390930
  20
395.074799
  0
VERTEX
  8
14
  10
905.710388
  20
407.729675
  0
VERTEX
  8
14
  10
1032.103760
  20
445.540710
  0
VERTEX
  8
14
  10
1148.800293
  20
507.079224
  0
VERTEX
  8
14
  10
980.771912
  20
761.381165
  0
VERTEX
  8
14
  10
916.430664
  20
727.538818
  0
VERTEX
  8
14
  10
846.761108
  20
706.773804
  0
SEQEND
  0
TEXT
  8
14
  10
774.390930
  20
699.874756
  40
0.250000
  50
0.000000
  1
# 1
  7
STANDARD
  0
TEXT
  8
14
  10
568.009949
  20
761.381165
  40
0.250000
  50
0.000000
  1
# 2
  7
STANDARD
  0
TEXT
  8
14
  10
399.981628
  20
507.079224
  40
0.250000
  50
0.000000
  1
# 3
  7
STANDARD
  0
TEXT
  8
14
  10
774.390930
  20
395.074799
  40
0.250000
  50
0.000000
  1
# 4
  7
STANDARD
  0
TEXT
  8
14
  10
1148.800293
  20
507.079224
  40
0.250000
  50
0.000000
  1
# 3
  7
STANDARD
  0
TEXT
  8
14
  10
980.771912
  20
761.381165
  40
0.250000
  50
0.000000
  1
# 2
  7
STANDARD
  0
POINT
  8
2
  10
774.390930
  20
699.874756
  0
POINT
  8
2
  10
568.009949
  20
761.381165
  0
POINT
  8
2
  10
399.981628
  20
507.079224
  0
POINT
  8
2
  10
774.390930
  20
395.074799
  0
POINT
  8
2
  10
1148.800293
  20
507.079224
  0
POINT
  8
2
  10
980.771912
  20
761.381165
  0
POINT
  8
3
  10
702.020752
  20
706.773804
  0
POINT
  8
3
  10
632.351196
  20
727.538818
  0
POINT
  8
3
  10
516.678162
  20
445.540710
  0
POINT
  8
3
  10
643.071472
  20
407.729675
  0
POINT
  8
3
  10
905.710388
  20
407.729675
  0
POINT
  8
3
  10
1032.103760
  20
445.540710
  0
POINT
  8
3
  10
916.430664
  20
727.538818
  0
POINT
  8
3
  10
846.761108
  20
706.773804
  0
TEXT
  8
15
  10
811.043518
  20
529.878540
  40
8.843750
  50
90.000008
  999
11.000000
  1000
3
  1
Pattern_669883
  7
STANDARD
  0
POLYLINE
  8
87
  66
1
  70
1
  250
2
  0
VERTEX
  8
87
  10
771.083496
  20
700.060547
  0
VERTEX
  8
87
  10
767.776672
  20
700.247864
  0
VERTEX
  8
87
  10
764.470581
  20
700.438232
  0
VERTEX
  8
87
  10
761.165405
  20
700.633301
  0
VERTEX
  8
87
  10
757.861328
  20
700.834595
  0
VERTEX
  8
87
  10
754.558472
  20
701.043884
  0
VERTEX
  8
87
  10
751.257080
  20
701.262573
  0
VERTEX
  8
87
  10
747.957214
  20
701.492432
  0
VERTEX
  8
87
  10
744.659180
  20
701.734985
  0
VERTEX
  8
87
  10
741.363037
  20
701.991821
  0
VERTEX
  8
87
  10
738.069031
  20
702.264587
  0
VERTEX
  8
87
  10
734.777222
  20
702.554932
  0
VERTEX
  8
87
  10
731.487854
  20
702.864258
  0
VERTEX
  8
87
  10
728.201111
  20
703.194397
  0
VERTEX
  8
87
  10
724.917114
  20
703.546875
  0
VERTEX
  8
87
  10
721.636108
  20
703.923218
  0
VERTEX
  8
87
  10
718.358154
  20
704.325134
  0
VERTEX
  8
87
  10
715.083435
  20
704.754150
  0
VERTEX
  8
87
  10
711.812195
  20
705.211975
  0
VERTEX
  8
87
  10
708.544556
  20
705.700073
  0
VERTEX
  8
87
  10
705.280701
  20
706.220154
  0
VERTEX
  8
87
  10
702.020752
  20
706.773804
  0
VERTEX
  8
87
  10
699.550659
  20
707.216980
  0
VERTEX
  8
87
  10
697.083679
  20
707.680176
  0
VERTEX
  8
87
  10
694.619873
  20
708.163330
  0
VERTEX
  8
87
  10
692.159546
  20
708.666382
  0
VERTEX
  8
87
  10
689.702881
  20
709.189270
  0
VERTEX
  8
87
  10
687.250000
  20
709.731995
  0
VERTEX
  8
87
  10
684.801208
  20
710.294434
  0
VERTEX
  8
87
  10
682.356567
  20
710.876526
  0
VERTEX
  8
87
  10
679.916443
  20
711.478271
  0
VERTEX
  8
87
  10
677.480896
  20
712.099548
  0
VERTEX
  8
87
  10
675.050232
  20
712.740295
  0
VERTEX
  8
87
  10
672.624573
  20
713.400513
  0
VERTEX
  8
87
  10
670.204163
  20
714.080078
  0
VERTEX
  8
87
  10
667.789185
  20
714.778931
  0
VERTEX
  8
87
  10
665.379822
  20
715.497070
  0
VERTEX
  8
87
  10
662.976257
  20
716.234375
  0
VERTEX
  8
87
  10
660.578735
  20
716.990845
  0
VERTEX
  8
87
  10
658.187500
  20
717.766357
  0
VERTEX
  8
87
  10
655.802612
  20
718.560913
  0
VERTEX
  8
87
  10
653.424377
  20
719.374390
  0
VERTEX
  8
87
  10
651.052979
  20
720.206726
  0
VERTEX
  8
87
  10
648.688599
  20
721.057983
  0
VERTEX
  8
87
  10
646.331421
  20
721.927979
  0
VERTEX
  8
87
  10
643.981689
  20
722.816650
  0
VERTEX
  8
87
  10
641.639526
  20
723.723999
  0
VERTEX
  8
87
  10
639.305237
  20
724.649963
  0
VERTEX
  8
87
  10
636.978943
  20
725.594482
  0
VERTEX
  8
87
  10
634.660889
  20
726.557434
  0
VERTEX
  8
87
  10
632.351196
  20
727.538818
  0
VERTEX
  8
87
  10
629.320068
  20
728.860168
  0
VERTEX
  8
87
  10
626.303955
  20
730.211731
  0
VERTEX
  8
87
  10
623.302124
  20
731.592041
  0
VERTEX
  8
87
  10
620.313965
  20
732.999756
  0
VERTEX
  8
87
  10
617.338623
  20
734.433350
  0
VERTEX
  8
87
  10
614.375366
  20
735.891418
  0
VERTEX
  8
87
  10
611.423584
  20
737.372559
  0
VERTEX
  8
87
  10
608.482361
  20
738.875305
  0
VERTEX
  8
87
  10
605.551025
  20
740.398254
  0
VERTEX
  8
87
  10
602.628906
  20
741.939941
  0
VERTEX
  8
87
  10
599.715210
  20
743.498901
  0
VERTEX
  8
87
  10
596.809204
  20
745.073792
  0
VERTEX
  8
87
  10
593.910156
  20
746.663147
  0
VERTEX
  8
87
  10
591.017334
  20
748.265503
  0
VERTEX
  8
87
  10
588.129944
  20
749.879456
  0
VERTEX
  8
87
  10
585.247314
  20
751.503540
  0
VERTEX
  8
87
  10
582.368713
  20
753.136353
  0
VERTEX
  8
87
  10
579.493347
  20
754.776489
  0
VERTEX
  8
87
  10
576.620544
  20
756.422485
  0
VERTEX
  8
87
  10
573.749512
  20
758.072876
  0
VERTEX
  8
87
  10
570.879578
  20
759.726196
  0
VERTEX
  8
87
  10
568.009949
  20
761.381165
  0
VERTEX
  8
87
  10
399.981628
  20
507.079224
  0
VERTEX
  8
87
  10
403.929779
  20
504.796478
  0
VERTEX
  8
87
  10
407.878113
  20
502.515015
  0
VERTEX
  8
87
  10
411.827148
  20
500.235931
  0
VERTEX
  8
87
  10
415.777496
  20
497.960388
  0
VERTEX
  8
87
  10
419.729767
  20
495.689514
  0
VERTEX
  8
87
  10
423.684540
  20
493.424438
  0
VERTEX
  8
87
  10
427.642334
  20
491.166321
  0
VERTEX
  8
87
  10
431.603821
  20
488.916260
  0
VERTEX
  8
87
  10
435.569611
  20
486.675415
  0
VERTEX
  8
87
  10
439.540192
  20
484.444916
  0
VERTEX
  8
87
  10
443.516205
  20
482.225891
  0
VERTEX
  8
87
  10
447.498169
  20
480.019501
  0
VERTEX
  8
87
  10
451.486816
  20
477.826843
  0
VERTEX
  8
87
  10
455.482574
  20
475.649078
  0
VERTEX
  8
87
  10
459.486084
  20
473.487335
  0
VERTEX
  8
87
  10
463.497955
  20
471.342743
  0
VERTEX
  8
87
  10
467.518768
  20
469.216431
  0
VERTEX
  8
87
  10
471.549072
  20
467.109589
  0
VERTEX
  8
87
  10
475.589539
  20
465.023254
  0
VERTEX
  8
87
  10
479.640656
  20
462.958649
  0
VERTEX
  8
87
  10
483.703003
  20
460.916870
  0
VERTEX
  8
87
  10
487.777252
  20
458.899048
  0
VERTEX
  8
87
  10
491.863983
  20
456.906311
  0
VERTEX
  8
87
  10
495.963654
  20
454.939850
  0
VERTEX
  8
87
  10
500.077026
  20
453.000732
  0
VERTEX
  8
87
  10
504.204529
  20
451.090149
  0
VERTEX
  8
87
  10
508.346832
  20
449.209167
  0
VERTEX
  8
87
  10
512.504517
  20
447.359009
  0
VERTEX
  8
87
  10
516.678162
  20
445.540710
  0
VERTEX
  8
87
  10
520.867676
  20
443.755432
  0
VERTEX
  8
87
  10
525.072632
  20
442.003601
  0
VERTEX
  8
87
  10
529.292480
  20
440.285278
  0
VERTEX
  8
87
  10
533.526855
  20
438.600586
  0
VERTEX
  8
87
  10
537.775513
  20
436.949615
  0
VERTEX
  8
87
  10
542.038025
  20
435.332520
  0
VERTEX
  8
87
  10
546.314026
  20
433.749359
  0
VERTEX
  8
87
  10
550.603149
  20
432.200256
  0
VERTEX
  8
87
  10
554.905090
  20
430.685333
  0
VERTEX
  8
87
  10
559.219482
  20
429.204712
  0
VERTEX
  8
87
  10
563.545898
  20
427.758453
  0
VERTEX
  8
87
  10
567.883972
  20
426.346680
  0
VERTEX
  8
87
  10
572.233398
  20
424.969543
  0
VERTEX
  8
87
  10
576.593872
  20
423.627106
  0
VERTEX
  8
87
  10
580.964844
  20
422.319519
  0
VERTEX
  8
87
  10
585.346191
  20
421.046814
  0
VERTEX
  8
87
  10
589.737305
  20
419.809143
  0
VERTEX
  8
87
  10
594.138062
  20
418.606628
  0
VERTEX
  8
87
  10
598.547913
  20
417.439392
  0
VERTEX
  8
87
  10
602.966614
  20
416.307495
  0
VERTEX
  8
87
  10
607.393738
  20
415.211090
  0
VERTEX
  8
87
  10
611.828979
  20
414.150269
  0
VERTEX
  8
87
  10
616.271912
  20
413.125122
  0
VERTEX
  8
87
  10
620.722168
  20
412.135742
  0
VERTEX
  8
87
  10
625.179504
  20
411.182312
  0
VERTEX
  8
87
  10
629.643433
  20
410.264832
  0
VERTEX
  8
87
  10
634.113647
  20
409.383545
  0
VERTEX
  8
87
  10
638.589783
  20
408.538422
  0
VERTEX
  8
87
  10
643.071472
  20
407.729675
  0
VERTEX
  8
87
  10
647.557983
  20
406.957275
  0
VERTEX
  8
87
  10
652.048645
  20
406.220276
  0
VERTEX
  8
87
  10
656.543396
  20
405.517456
  0
VERTEX
  8
87
  10
661.042053
  20
404.847534
  0
VERTEX
  8
87
  10
665.544495
  20
404.209229
  0
VERTEX
  8
87
  10
670.050598
  20
403.601318
  0
VERTEX
  8
87
  10
674.560181
  20
403.022430
  0
VERTEX
  8
87
  10
679.073181
  20
402.471375
  0
VERTEX
  8
87
  10
683.589478
  20
401.946899
  0
VERTEX
  8
87
  10
688.108826
  20
401.447632
  0
VERTEX
  8
87
  10
692.631226
  20
400.972412
  0
VERTEX
  8
87
  10
697.156433
  20
400.519928
  0
VERTEX
  8
87
  10
701.684326
  20
400.088898
  0
VERTEX
  8
87
  10
706.214844
  20
399.678040
  0
VERTEX
  8
87
  10
710.747803
  20
399.286133
  0
VERTEX
  8
87
  10
715.283081
  20
398.911865
  0
VERTEX
  8
87
  10
719.820496
  20
398.553955
  0
VERTEX
  8
87
  10
724.359985
  20
398.211182
  0
VERTEX
  8
87
  10
728.901367
  20
397.882263
  0
VERTEX
  8
87
  10
733.444580
  20
397.565918
  0
VERTEX
  8
87
  10
737.989380
  20
397.260864
  0
VERTEX
  8
87
  10
742.535706
  20
396.965820
  0
VERTEX
  8
87
  10
747.083374
  20
396.679565
  0
VERTEX
  8
87
  10
751.632324
  20
396.400757
  0
VERTEX
  8
87
  10
756.182373
  20
396.128204
  0
VERTEX
  8
87
  10
760.733398
  20
395.860596
  0
VERTEX
  8
87
  10
765.285278
  20
395.596680
  0
VERTEX
  8
87
  10
769.837830
  20
395.335144
  0
VERTEX
  8
87
  10
774.390930
  20
395.074799
  0
VERTEX
  8
87
  10
778.944031
  20
395.335144
  0
VERTEX
  8
87
  10
783.496582
  20
395.596680
  0
VERTEX
  8
87
  10
788.048462
  20
395.860596
  0
VERTEX
  8
87
  10
792.599487
  20
396.128204
  0
VERTEX
  8
87
  10
797.149536
  20
396.400757
  0
VERTEX
  8
87
  10
801.698486
  20
396.679565
  0
VERTEX
  8
87
  10
806.246155
  20
396.965820
  0
VERTEX
  8
87
  10
810.792480
  20
397.260864
  0
VERTEX
  8
87
  10
815.337280
  20
397.565918
  0
VERTEX
  8
87
  10
819.880493
  20
397.882263
  0
VERTEX
  8
87
  10
824.421875
  20
398.211182
  0
VERTEX
  8
87
  10
828.961365
  20
398.553955
  0
VERTEX
  8
87
  10
833.498779
  20
398.911865
  0
VERTEX
  8
87
  10
838.034058
  20
399.286133
  0
VERTEX
  8
87
  10
842.567017
  20
399.678040
  0
VERTEX
  8
87
  10
847.097534
  20
400.088898
  0
VERTEX
  8
87
  10
851.625427
  20
400.519928
  0
VERTEX
  8
87
  10
856.150635
  20
400.972412
  0
VERTEX
  8
87
  10
860.673035
  20
401.447632
  0
VERTEX
  8
87
  10
865.192383
  20
401.946899
  0
VERTEX
  8
87
  10
869.708618
  20
402.471375
  0
VERTEX
  8
87
  10
874.221680
  20
403.022430
  0
VERTEX
  8
87
  10
878.731262
  20
403.601318
  0
VERTEX
  8
87
  10
883.237366
  20
404.209229
  0
VERTEX
  8
87
  10
887.739807
  20
404.847534
  0
VERTEX
  8
87
  10
892.238464
  20
405.517456
  0
VERTEX
  8
87
  10
896.733215
  20
406.220276
  0
VERTEX
  8
87
  10
901.223877
  20
406.957275
  0
VERTEX
  8
87
  10
905.710388
  20
407.729675
  0
VERTEX
  8
87
  10
910.192078
  20
408.538422
  0
VERTEX
  8
87
  10
914.668213
  20
409.383545
  0
VERTEX
  8
87
  10
919.138428
  20
410.264832
  0
VERTEX
  8
87
  10
923.602356
  20
411.182312
  0
VERTEX
  8
87
  10
928.059692
  20
412.135742
  0
VERTEX
  8
87
  10
932.510010
  20
413.125122
  0
VERTEX
  8
87
  10
936.952881
  20
414.150269
  0
VERTEX
  8
87
  10
941.388123
  20
415.211090
  0
VERTEX
  8
87
  10
945.815247
  20
416.307495
  0
VERTEX
  8
87
  10
950.233948
  20
417.439392
  0
VERTEX
  8
87
  10
954.643799
  20
418.606628
  0
VERTEX
  8
87
  10
959.044556
  20
419.809143
  0
VERTEX
  8
87
  10
963.435730
  20
421.046814
  0
VERTEX
  8
87
  10
967.817017
  20
422.319489
  0
VERTEX
  8
87
  10
972.187988
  20
423.627106
  0
VERTEX
  8
87
  10
976.548462
  20
424.969543
  0
VERTEX
  8
87
  10
980.897888
  20
426.346680
  0
VERTEX
  8
87
  10
985.236023
  20
427.758453
  0
VERTEX
  8
87
  10
989.562439
  20
429.204712
  0
VERTEX
  8
87
  10
993.876831
  20
430.685333
  0
VERTEX
  8
87
  10
998.178711
  20
432.200256
  0
VERTEX
  8
87
  10
1002.467896
  20
433.749359
  0
VERTEX
  8
87
  10
1006.743896
  20
435.332520
  0
VERTEX
  8
87
  10
1011.006409
  20
436.949615
  0
VERTEX
  8
87
  10
1015.255066
  20
438.600586
  0
VERTEX
  8
87
  10
1019.489502
  20
440.285278
  0
VERTEX
  8
87
  10
1023.709290
  20
442.003601
  0
VERTEX
  8
87
  10
1027.914185
  20
443.755432
  0
VERTEX
  8
87
  10
1032.103760
  20
445.540710
  0
VERTEX
  8
87
  10
1036.277344
  20
447.358978
  0
VERTEX
  8
87
  10
1040.435059
  20
449.209167
  0
VERTEX
  8
87
  10
1044.577393
  20
451.090149
  0
VERTEX
  8
87
  10
1048.704956
  20
453.000732
  0
VERTEX
  8
87
  10
1052.818237
  20
454.939850
  0
VERTEX
  8
87
  10
1056.917969
  20
456.906311
  0
VERTEX
  8
87
  10
1061.004639
  20
458.899048
  0
VERTEX
  8
87
  10
1065.078857
  20
460.916870
  0
VERTEX
  8
87
  10
1069.141235
  20
462.958649
  0
VERTEX
  8
87
  10
1073.192383
  20
465.023254
  0
VERTEX
  8
87
  10
1077.232910
  20
467.109589
  0
VERTEX
  8
87
  10
1081.263184
  20
469.216431
  0
VERTEX
  8
87
  10
1085.283936
  20
471.342743
  0
VERTEX
  8
87
  10
1089.295898
  20
473.487335
  0
VERTEX
  8
87
  10
1093.299316
  20
475.649078
  0
VERTEX
  8
87
  10
1097.295166
  20
477.826843
  0
VERTEX
  8
87
  10
1101.283691
  20
480.019501
  0
VERTEX
  8
87
  10
1105.265747
  20
482.225891
  0
VERTEX
  8
87
  10
1109.241699
  20
484.444916
  0
VERTEX
  8
87
  10
1113.212280
  20
486.675415
  0
VERTEX
  8
87
  10
1117.178101
  20
488.916260
  0
VERTEX
  8
87
  10
1121.139648
  20
491.166290
  0
VERTEX
  8
87
  10
1125.097412
  20
493.424438
  0
VERTEX
  8
87
  10
1129.052124
  20
495.689514
  0
VERTEX
  8
87
  10
1133.004395
  20
497.960388
  0
VERTEX
  8
87
  10
1136.954834
  20
500.235931
  0
VERTEX
  8
87
  10
1140.903809
  20
502.515015
  0
VERTEX
  8
87
  10
1144.852173
  20
504.796478
  0
VERTEX
  8
87
  10
1148.800293
  20
507.079224
  0
VERTEX
  8
87
  10
980.771912
  20
761.381165
  0
VERTEX
  8
87
  10
977.902283
  20
759.726196
  0
VERTEX
  8
87
  10
975.032349
  20
758.072876
  0
VERTEX
  8
87
  10
972.161316
  20
756.422485
  0
VERTEX
  8
87
  10
969.288513
  20
754.776489
  0
VERTEX
  8
87
  10
966.413147
  20
753.136353
  0
VERTEX
  8
87
  10
963.534546
  20
751.503540
  0
VERTEX
  8
87
  10
960.651917
  20
749.879456
  0
VERTEX
  8
87
  10
957.764526
  20
748.265503
  0
VERTEX
  8
87
  10
954.871704
  20
746.663147
  0
VERTEX
  8
87
  10
951.972656
  20
745.073792
  0
VERTEX
  8
87
  10
949.066650
  20
743.498901
  0
VERTEX
  8
87
  10
946.152954
  20
741.939941
  0
VERTEX
  8
87
  10
943.230835
  20
740.398254
  0
VERTEX
  8
87
  10
940.299500
  20
738.875305
  0
VERTEX
  8
87
  10
937.358276
  20
737.372559
  0
VERTEX
  8
87
  10
934.406494
  20
735.891418
  0
VERTEX
  8
87
  10
931.443237
  20
734.433350
  0
VERTEX
  8
87
  10
928.467896
  20
732.999756
  0
VERTEX
  8
87
  10
925.479736
  20
731.592041
  0
VERTEX
  8
87
  10
922.477905
  20
730.211731
  0
VERTEX
  8
87
  10
919.461792
  20
728.860168
  0
VERTEX
  8
87
  10
916.430664
  20
727.538818
  0
VERTEX
  8
87
  10
914.120972
  20
726.557434
  0
VERTEX
  8
87
  10
911.802917
  20
725.594482
  0
VERTEX
  8
87
  10
909.476624
  20
724.649963
  0
VERTEX
  8
87
  10
907.142334
  20
723.723999
  0
VERTEX
  8
87
  10
904.800171
  20
722.816650
  0
VERTEX
  8
87
  10
902.450439
  20
721.927979
  0
VERTEX
  8
87
  10
900.093262
  20
721.057983
  0
VERTEX
  8
87
  10
897.728882
  20
720.206726
  0
VERTEX
  8
87
  10
895.357483
  20
719.374390
  0
VERTEX
  8
87
  10
892.979248
  20
718.560913
  0
VERTEX
  8
87
  10
890.594360
  20
717.766357
  0
VERTEX
  8
87
  10
888.203125
  20
716.990845
  0
VERTEX
  8
87
  10
885.805603
  20
716.234375
  0
VERTEX
  8
87
  10
883.402039
  20
715.497070
  0
VERTEX
  8
87
  10
880.992676
  20
714.778931
  0
VERTEX
  8
87
  10
878.577698
  20
714.080078
  0
VERTEX
  8
87
  10
876.157288
  20
713.400513
  0
VERTEX
  8
87
  10
873.731628
  20
712.740295
  0
VERTEX
  8
87
  10
871.300964
  20
712.099548
  0
VERTEX
  8
87
  10
868.865417
  20
711.478271
  0
VERTEX
  8
87
  10
866.425293
  20
710.876526
  0
VERTEX
  8
87
  10
863.980652
  20
710.294434
  0
VERTEX
  8
87
  10
861.531860
  20
709.731995
  0
VERTEX
  8
87
  10
859.078979
  20
709.189270
  0
VERTEX
  8
87
  10
856.622314
  20
708.666382
  0
VERTEX
  8
87
  10
854.161987
  20
708.163330
  0
VERTEX
  8
87
  10
851.698181
  20
707.680176
  0
VERTEX
  8
87
  10
849.231201
  20
707.216980
  0
VERTEX
  8
87
  10
846.761108
  20
706.773804
  0
VERTEX
  8
87
  10
843.501160
  20
706.220154
  0
VERTEX
  8
87
  10
840.237305
  20
705.700073
  0
VERTEX
  8
87
  10
836.969666
  20
705.211975
  0
VERTEX
  8
87
  10
833.698425
  20
704.754150
  0
VERTEX
  8
87
  10
830.423706
  20
704.325134
  0
VERTEX
  8
87
  10
827.145752
  20
703.923218
  0
VERTEX
  8
87
  10
823.864746
  20
703.546875
  0
VERTEX
  8
87
  10
820.580750
  20
703.194397
  0
VERTEX
  8
87
  10
817.294006
  20
702.864319
  0
VERTEX
  8
87
  10
814.004639
  20
702.554932
  0
VERTEX
  8
87
  10
810.712830
  20
702.264587
  0
VERTEX
  8
87
  10
807.418823
  20
701.991821
  0
VERTEX
  8
87
  10
804.122681
  20
701.734985
  0
VERTEX
  8
87
  10
800.824646
  20
701.492432
  0
VERTEX
  8
87
  10
797.524780
  20
701.262573
  0
VERTEX
  8
87
  10
794.223389
  20
701.043884
  0
VERTEX
  8
87
  10
790.920593
  20
700.834595
  0
VERTEX
  8
87
  10
787.616455
  20
700.633301
  0
VERTEX
  8
87
  10
784.311279
  20
700.438232
  0
VERTEX
  8
87
  10
781.005188
  20
700.247864
  0
VERTEX
  8
87
  10
777.698364
  20
700.060547
  0
VERTEX
  8
87
  10
774.390930
  20
699.874756
  0
SEQEND
  0
POLYLINE
  8
8
  66
1
  70
1
  250
0
  0
VERTEX
  8
8
  10
774.390930
  20
699.874756
  0
VERTEX
  8
8
  10
771.083496
  20
700.060547
  0
VERTEX
  8
8
  10
767.776672
  20
700.247864
  0
VERTEX
  8
8
  10
764.470581
  20
700.438232
  0
VERTEX
  8
8
  10
761.165405
  20
700.633301
  0
VERTEX
  8
8
  10
757.861328
  20
700.834595
  0
VERTEX
  8
8
  10
754.558472
  20
701.043884
  0
VERTEX
  8
8
  10
751.257080
  20
701.262573
  0
VERTEX
  8
8
  10
747.957214
  20
701.492432
  0
VERTEX
  8
8
  10
744.659180
  20
701.734985
  0
VERTEX
  8
8
  10
741.363037
  20
701.991821
  0
VERTEX
  8
8
  10
738.069031
  20
702.264587
  0
VERTEX
  8
8
  10
734.777222
  20
702.554932
  0
VERTEX
  8
8
  10
731.487854
  20
702.864258
  0
VERTEX
  8
8
  10
728.201111
  20
703.194397
  0
VERTEX
  8
8
  10
724.917114
  20
703.546875
  0
VERTEX
  8
8
  10
721.636108
  20
703.923218
  0
VERTEX
  8
8
  10
718.358154
  20
704.325134
  0
VERTEX
  8
8
  10
715.083435
  20
704.754150
  0
VERTEX
  8
8
  10
711.812195
  20
705.211975
  0
VERTEX
  8
8
  10
708.544556
  20
705.700073
  0
VERTEX
  8
8
  10
705.280701
  20
706.220154
  0
VERTEX
  8
8
  10
702.020752
  20
706.773804
  0
VERTEX
  8
8
  10
699.550659
  20
707.216980
  0
VERTEX
  8
8
  10
697.083679
  20
707.680176
  0
VERTEX
  8
8
  10
694.619873
  20
708.163330
  0
VERTEX
  8
8
  10
692.159546
  20
708.666382
  0
VERTEX
  8
8
  10
689.702881
  20
709.189270
  0
VERTEX
  8
8
  10
687.250000
  20
709.731995
  0
VERTEX
  8
8
  10
684.801208
  20
710.294434
  0
VERTEX
  8
8
  10
682.356567
  20
710.876526
  0
VERTEX
  8
8
  10
679.916443
  20
711.478271
  0
VERTEX
  8
8
  10
677.480896
  20
712.099548
  0
VERTEX
  8
8
  10
675.050232
  20
712.740295
  0
VERTEX
  8
8
  10
672.624573
  20
713.400513
  0
VERTEX
  8
8
  10
670.204163
  20
714.080078
  0
VERTEX
  8
8
  10
667.789185
  20
714.778931
  0
VERTEX
  8
8
  10
665.379822
  20
715.497070
  0
VERTEX
  8
8
  10
662.976257
  20
716.234375
  0
VERTEX
  8
8
  10
660.578735
  20
716.990845
  0
VERTEX
  8
8
  10
658.187500
  20
717.766357
  0
VERTEX
  8
8
  10
655.802612
  20
718.560913
  0
VERTEX
  8
8
  10
653.424377
  20
719.374390
  0
VERTEX
  8
8
  10
651.052979
  20
720.206726
  0
VERTEX
  8
8
  10
648.688599
  20
721.057983
  0
VERTEX
  8
8
  10
646.331421
  20
721.927979
  0
VERTEX
  8
8
  10
643.981689
  20
722.816650
  0
VERTEX
  8
8
  10
641.639526
  20
723.723999
  0
VERTEX
  8
8
  10
639.305237
  20
724.649963
  0
VERTEX
  8
8
  10
636.978943
  20
725.594482
  0
VERTEX
  8
8
  10
634.660889
  20
726.557434
  0
VERTEX
  8
8
  10
632.351196
  20
727.538818
  0
VERTEX
  8
8
  10
629.320068
  20
728.860168
  0
VERTEX
  8
8
  10
626.303955
  20
730.211731
  0
VERTEX
  8
8
  10
623.302124
  20
731.592041
  0
VERTEX
  8
8
  10
620.313965
  20
732.999756
  0
VERTEX
  8
8
  10
617.338623
  20
734.433350
  0
VERTEX
  8
8
  10
614.375366
  20
735.891418
  0
VERTEX
  8
8
  10
611.423584
  20
737.372559
  0
VERTEX
  8
8
  10
608.482361
  20
738.875305
  0
VERTEX
  8
8
  10
605.551025
  20
740.398254
  0
VERTEX
  8
8
  10
602.628906
  20
741.939941
  0
VERTEX
  8
8
  10
599.715210
  20
743.498901
  0
VERTEX
  8
8
  10
596.809204
  20
745.073792
  0
VERTEX
  8
8
  10
593.910156
  20
746.663147
  0
VERTEX
  8
8
  10
591.017334
  20
748.265503
  0
VERTEX
  8
8
  10
588.129944
  20
749.879456
  0
VERTEX
  8
8
  10
585.247314
  20
751.503540
  0
VERTEX
  8
8
  10
582.368713
  20
753.136353
  0
VERTEX
  8
8
  10
579.493347
  20
754.776489
  0
VERTEX
  8
8
  10
576.620544
  20
756.422485
  0
VERTEX
  8
8
  10
573.749512
  20
758.072876
  0
VERTEX
  8
8
  10
570.879578
  20
759.726196
  0
VERTEX
  8
8
  10
568.009949
  20
761.381165
  0
VERTEX
  8
8
  10
399.981628
  20
507.079224
  0
VERTEX
  8
8
  10
403.929779
  20
504.796478
  0
VERTEX
  8
8
  10
407.878113
  20
502.515015
  0
VERTEX
  8
8
  10
411.827148
  20
500.235931
  0
VERTEX
  8
8
  10
415.777496
  20
497.960388
  0
VERTEX
  8
8
  10
419.729767
  20
495.689514
  0
VERTEX
  8
8
  10
423.684540
  20
493.424438
  0
VERTEX
  8
8
  10
427.642334
  20
491.166321
  0
VERTEX
  8
8
  10
431.603821
  20
488.916260
  0
VERTEX
  8
8
  10
435.569611
  20
486.675415
  0
VERTEX
  8
8
  10
439.540192
  20
484.444916
  0
VERTEX
  8
8
  10
443.516205
  20
482.225891
  0
VERTEX
  8
8
  10
447.498169
  20
480.019501
  0
VERTEX
  8
8
  10
451.486816
  20
477.826843
  0
VERTEX
  8
8
  10
455.482574
  20
475.649078
  0
VERTEX
  8
8
  10
459.486084
  20
473.487335
  0
VERTEX
  8
8
  10
463.497955
  20
471.342743
  0
VERTEX
  8
8
  10
467.518768
  20
469.216431
  0
VERTEX
  8
8
  10
471.549072
  20
467.109589
  0
VERTEX
  8
8
  10
475.589539
  20
465.023254
  0
VERTEX
  8
8
  10
479.640656
  20
462.958649
  0
VERTEX
  8
8
  10
483.703003
  20
460.916870
  0
VERTEX
  8
8
  10
487.777252
  20
458.899048
  0
VERTEX
  8
8
  10
491.863983
  20
456.906311
  0
VERTEX
  8
8
  10
495.963654
  20
454.939850
  0
VERTEX
  8
8
  10
500.077026
  20
453.000732
  0
VERTEX
  8
8
  10
504.204529
  20
451.090149
  0
VERTEX
  8
8
  10
508.346832
  20
449.209167
  0
VERTEX
  8
8
  10
512.504517
  20
447.359009
  0
VERTEX
  8
8
  10
516.678162
  20
445.540710
  0
VERTEX
  8
8
  10
520.867676
  20
443.755432
  0
VERTEX
  8
8
  10
525.072632
  20
442.003601
  0
VERTEX
  8
8
  10
529.292480
  20
440.285278
  0
VERTEX
  8
8
  10
533.526855
  20
438.600586
  0
VERTEX
  8
8
  10
537.775513
  20
436.949615
  0
VERTEX
  8
8
  10
542.038025
  20
435.332520
  0
VERTEX
  8
8
  10
546.314026
  20
433.749359
  0
VERTEX
  8
8
  10
550.603149
  20
432.200256
  0
VERTEX
  8
8
  10
554.905090
  20
430.685333
  0
VERTEX
  8
8
  10
559.219482
  20
429.204712
  0
VERTEX
  8
8
  10
563.545898
  20
427.758453
  0
VERTEX
  8
8
  10
567.883972
  20
426.346680
  0
VERTEX
  8
8
  10
572.233398
  20
424.969543
  0
VERTEX
  8
8
  10
576.593872
  20
423.627106
  0
VERTEX
  8
8
  10
580.964844
  20
422.319519
  0
VERTEX
  8
8
  10
585.346191
  20
421.046814
  0
VERTEX
  8
8
  10
589.737305
  20
419.809143
  0
VERTEX
  8
8
  10
594.138062
  20
418.606628
  0
VERTEX
  8
8
  10
598.547913
  20
417.439392
  0
VERTEX
  8
8
  10
602.966614
  20
416.307495
  0
VERTEX
  8
8
  10
607.393738
  20
415.211090
  0
VERTEX
  8
8
  10
611.828979
  20
414.150269
  0
VERTEX
  8
8
  10
616.271912
  20
413.125122
  0
VERTEX
  8
8
  10
620.722168
  20
412.135742
  0
VERTEX
  8
8
  10
625.179504
  20
411.182312
  0
VERTEX
  8
8
  10
629.643433
  20
410.264832
  0
VERTEX
  8
8
  10
634.113647
  20
409.383545
  0
VERTEX
  8
8
  10
638.589783
  20
408.538422
  0
VERTEX
  8
8
  10
643.071472
  20
407.729675
  0
VERTEX
  8
8
  10
647.557983
  20
406.957275
  0
VERTEX
  8
8
  10
652.048645
  20
406.220276
  0
VERTEX
  8
8
  10
656.543396
  20
405.517456
  0
VERTEX
  8
8
  10
661.042053
  20
404.847534
  0
VERTEX
  8
8
  10
665.544495
  20
404.209229
  0
VERTEX
  8
8
  10
670.050598
  20
403.601318
  0
VERTEX
  8
8
  10
674.560181
  20
403.022430
  0
VERTEX
  8
8
  10
679.073181
  20
402.471375
  0
VERTEX
  8
8
  10
683.589478
  20
401.946899
  0
VERTEX
  8
8
  10
688.108826
  20
401.447632
  0
VERTEX
  8
8
  10
692.631226
  20
400.972412
  0
VERTEX
  8
8
  10
697.156433
  20
400.519928
  0
VERTEX
  8
8
  10
701.684326
  20
400.088898
  0
VERTEX
  8
8
  10
706.214844
  20
399.678040
  0
VERTEX
  8
8
  10
710.747803
  20
399.286133
  0
VERTEX
  8
8
  10
715.283081
  20
398.911865
  0
VERTEX
  8
8
  10
719.820496
  20
398.553955
  0
VERTEX
  8
8
  10
724.359985
  20
398.211182
  0
VERTEX
  8
8
  10
728.901367
  20
397.882263
  0
VERTEX
  8
8
  10
733.444580
  20
397.565918
  0
VERTEX
  8
8
  10
737.989380
  20
397.260864
  0
VERTEX
  8
8
  10
742.535706
  20
396.965820
  0
VERTEX
  8
8
  10
747.083374
  20
396.679565
  0
VERTEX
  8
8
  10
751.632324
  20
396.400757
  0
VERTEX
  8
8
  10
756.182373
  20
396.128204
  0
VERTEX
  8
8
  10
760.733398
  20
395.860596
  0
VERTEX
  8
8
  10
765.285278
  20
395.596680
  0
VERTEX
  8
8
  10
769.837830
  20
395.335144
  0
VERTEX
  8
8
  10
774.390930
  20
395.074799
  0
VERTEX
  8
8
  10
778.944031
  20
395.335144
  0
VERTEX
  8
8
  10
783.496582
  20
395.596680
  0
VERTEX
  8
8
  10
788.048462
  20
395.860596
  0
VERTEX
  8
8
  10
792.599487
  20
396.128204
  0
VERTEX
  8
8
  10
797.149536
  20
396.400757
  0
VERTEX
  8
8
  10
801.698486
  20
396.679565
  0
VERTEX
  8
8
  10
806.246155
  20
396.965820
  0
VERTEX
  8
8
  10
810.792480
  20
397.260864
  0
VERTEX
  8
8
  10
815.337280
  20
397.565918
  0
VERTEX
  8
8
  10
819.880493
  20
397.882263
  0
VERTEX
  8
8
  10
824.421875
  20
398.211182
  0
VERTEX
  8
8
  10
828.961365
  20
398.553955
  0
VERTEX
  8
8
  10
833.498779
  20
398.911865
  0
VERTEX
  8
8
  10
838.034058
  20
399.286133
  0
VERTEX
  8
8
  10
842.567017
  20
399.678040
  0
VERTEX
  8
8
  10
847.097534
  20
400.088898
  0
VERTEX
  8
8
  10
851.625427
  20
400.519928
  0
VERTEX
  8
8
  10
856.150635
  20
400.972412
  0
VERTEX
  8
8
  10
860.673035
  20
401.447632
  0
VERTEX
  8
8
  10
865.192383
  20
401.946899
  0
VERTEX
  8
8
  10
869.708618
  20
402.471375
  0
VERTEX
  8
8
  10
874.221680
  20
403.022430
  0
VERTEX
  8
8
  10
878.731262
  20
403.601318
  0
VERTEX
  8
8
  10
883.237366
  20
404.209229
  0
VERTEX
  8
8
  10
887.739807
  20
404.847534
  0
VERTEX
  8
8
  10
892.238464
  20
405.517456
  0
VERTEX
  8
8
  10
896.733215
  20
406.220276
  0
VERTEX
  8
8
  10
901.223877
  20
406.957275
  0
VERTEX
  8
8
  10
905.710388
  20
407.729675
  0
VERTEX
  8
8
  10
910.192078
  20
408.538422
  0
VERTEX
  8
8
  10
914.668213
  20
409.383545
  0
VERTEX
  8
8
  10
919.138428
  20
410.264832
  0
VERTEX
  8
8
  10
923.602356
  20
411.182312
  0
VERTEX
  8
8
  10
928.059692
  20
412.135742
  0
VERTEX
  8
8
  10
932.510010
  20
413.125122
  0
VERTEX
  8
8
  10
936.952881
  20
414.150269
  0
VERTEX
  8
8
  10
941.388123
  20
415.211090
  0
VERTEX
  8
8
  10
945.815247
  20
416.307495
  0
VERTEX
  8
8
  10
950.233948
  20
417.439392
  0
VERTEX
  8
8
  10
954.643799
  20
418.606628
  0
VERTEX
  8
8
  10
959.044556
  20
419.809143
  0
VERTEX
  8
8
  10
963.435730
  20
421.046814
  0
VERTEX
  8
8
  10
967.817017
  20
422.319489
  0
VERTEX
  8
8
  10
972.187988
  20
423.627106
  0
VERTEX
  8
8
  10
976.548462
  20
424.969543
  0
VERTEX
  8
8
  10
980.897888
  20
426.346680
  0
VERTEX
  8
8
  10
985.236023
  20
427.758453
  0
VERTEX
  8
8
  10
989.562439
  20
429.204712
  0
VERTEX
  8
8
  10
993.876831
  20
430.685333
  0
VERTEX
  8
8
  10
998.178711
  20
432.200256
  0
VERTEX
  8
8
  10
1002.467896
  20
433.749359
  0
VERTEX
  8
8
  10
1006.743896
  20
435.332520
  0
VERTEX
  8
8
  10
1011.006409
  20
436.949615
  0
VERTEX
  8
8
  10
1015.255066
  20
438.600586
  0
VERTEX
  8
8
  10
1019.489502
  20
440.285278
  0
VERTEX
  8
8
  10
1023.709290
  20
442.003601
  0
VERTEX
  8
8
  10
1027.914185
  20
443.755432
  0
VERTEX
  8
8
  10
1032.103760
  20
445.540710
  0
VERTEX
  8
8
  10
1036.277344
  20
447.358978
  0
VERTEX
  8
8
  10
1040.435059
  20
449.209167
  0
VERTEX
  8
8
  10
1044.577393
  20
451.090149
  0
VERTEX
  8
8
  10
1048.704956
  20
453.000732
  0
VERTEX
  8
8
  10
1052.818237
  20
454.939850
  0
VERTEX
  8
8
  10
1056.917969
  20
456.906311
  0
VERTEX
  8
8
  10
1061.004639
  20
458.899048
  0
VERTEX
  8
8
  10
1065.078857
  20
460.916870
  0
VERTEX
  8
8
  10
1069.141235
  20
462.958649
  0
VERTEX
  8
8
  10
1073.192383
  20
465.023254
  0
VERTEX
  8
8
  10
1077.232910
  20
467.109589
  0
VERTEX
  8
8
  10
1081.263184
  20
469.216431
  0
VERTEX
  8
8
  10
1085.283936
  20
471.342743
  0
VERTEX
  8
8
  10
1089.295898
  20
473.487335
  0
VERTEX
  8
8
  10
1093.299316
  20
475.649078
  0
VERTEX
  8
8
  10
1097.295166
  20
477.826843
  0
VERTEX
  8
8
  10
1101.283691
  20
480.019501
  0
VERTEX
  8
8
  10
1105.265747
  20
482.225891
  0
VERTEX
  8
8
  10
1109.241699
  20
484.444916
  0
VERTEX
  8
8
  10
1113.212280
  20
486.675415
  0
VERTEX
  8
8
  10
1117.178101
  20
488.916260
  0
VERTEX
  8
8
  10
1121.139648
  20
491.166290
  0
VERTEX
  8
8
  10
1125.097412
  20
493.424438
  0
VERTEX
  8
8
  10
1129.052124
  20
495.689514
  0
VERTEX
  8
8
  10
1133.004395
  20
497.960388
  0
VERTEX
  8
8
  10
1136.954834
  20
500.235931
  0
VERTEX
  8
8
  10
1140.903809
  20
502.515015
  0
VERTEX
  8
8
  10
1144.852173
  20
504.796478
  0
VERTEX
  8
8
  10
1148.800293
  20
507.079224
  0
VERTEX
  8
8
  10
980.771912
  20
761.381165
  0
VERTEX
  8
8
  10
977.902283
  20
759.726196
  0
VERTEX
  8
8
  10
975.032349
  20
758.072876
  0
VERTEX
  8
8
  10
972.161316
  20
756.422485
  0
VERTEX
  8
8
  10
969.288513
  20
754.776489
  0
VERTEX
  8
8
  10
966.413147
  20
753.136353
  0
VERTEX
  8
8
  10
963.534546
  20
751.503540
  0
VERTEX
  8
8
  10
960.651917
  20
749.879456
  0
VERTEX
  8
8
  10
957.764526
  20
748.265503
  0
VERTEX
  8
8
  10
954.871704
  20
746.663147
  0
VERTEX
  8
8
  10
951.972656
  20
745.073792
  0
VERTEX
  8
8
  10
949.066650
  20
743.498901
  0
VERTEX
  8
8
  10
946.152954
  20
741.939941
  0
VERTEX
  8
8
  10
943.230835
  20
740.398254
  0
VERTEX
  8
8
  10
940.299500
  20
738.875305
  0
VERTEX
  8
8
  10
937.358276
  20
737.372559
  0
VERTEX
  8
8
  10
934.406494
  20
735.891418
  0
VERTEX
  8
8
  10
931.443237
  20
734.433350
  0
VERTEX
  8
8
  10
928.467896
  20
732.999756
  0
VERTEX
  8
8
  10
925.479736
  20
731.592041
  0
VERTEX
  8
8
  10
922.477905
  20
730.211731
  0
VERTEX
  8
8
  10
919.461792
  20
728.860168
  0
VERTEX
  8
8
  10
916.430664
  20
727.538818
  0
VERTEX
  8
8
  10
914.120972
  20
726.557434
  0
VERTEX
  8
8
  10
911.802917
  20
725.594482
  0
VERTEX
  8
8
  10
909.476624
  20
724.649963
  0
VERTEX
  8
8
  10
907.142334
  20
723.723999
  0
VERTEX
  8
8
  10
904.800171
  20
722.816650
  0
VERTEX
  8
8
  10
902.450439
  20
721.927979
  0
VERTEX
  8
8
  10
900.093262
  20
721.057983
  0
VERTEX
  8
8
  10
897.728882
  20
720.206726
  0
VERTEX
  8
8
  10
895.357483
  20
719.374390
  0
VERTEX
  8
8
  10
892.979248
  20
718.560913
  0
VERTEX
  8
8
  10
890.594360
  20
717.766357
  0
VERTEX
  8
8
  10
888.203125
  20
716.990845
  0
VERTEX
  8
8
  10
885.805603
  20
716.234375
  0
VERTEX
  8
8
  10
883.402039
  20
715.497070
  0
VERTEX
  8
8
  10
880.992676
  20
714.778931
  0
VERTEX
  8
8
  10
878.577698
  20
714.080078
  0
VERTEX
  8
8
  10
876.157288
  20
713.400513
  0
VERTEX
  8
8
  10
873.731628
  20
712.740295
  0
VERTEX
  8
8
  10
871.300964
  20
712.099548
  0
VERTEX
  8
8
  10
868.865417
  20
711.478271
  0
VERTEX
  8
8
  10
866.425293
  20
710.876526
  0
VERTEX
  8
8
  10
863.980652
  20
710.294434
  0
VERTEX
  8
8
  10
861.531860
  20
709.731995
  0
VERTEX
  8
8
  10
859.078979
  20
709.189270
  0
VERTEX
  8
8
  10
856.622314
  20
708.666382
  0
VERTEX
  8
8
  10
854.161987
  20
708.163330
  0
VERTEX
  8
8
  10
851.698181
  20
707.680176
  0
VERTEX
  8
8
  10
849.231201
  20
707.216980
  0
VERTEX
  8
8
  10
846.761108
  20
706.773804
  0
VERTEX
  8
8
  10
843.501160
  20
706.220154
  0
VERTEX
  8
8
  10
840.237305
  20
705.700073
  0
VERTEX
  8
8
  10
836.969666
  20
705.211975
  0
VERTEX
  8
8
  10
833.698425
  20
704.754150
  0
VERTEX
  8
8
  10
830.423706
  20
704.325134
  0
VERTEX
  8
8
  10
827.145752
  20
703.923218
  0
VERTEX
  8
8
  10
823.864746
  20
703.546875
  0
VERTEX
  8
8
  10
820.580750
  20
703.194397
  0
VERTEX
  8
8
  10
817.294006
  20
702.864319
  0
VERTEX
  8
8
  10
814.004639
  20
702.554932
  0
VERTEX
  8
8
  10
810.712830
  20
702.264587
  0
VERTEX
  8
8
  10
807.418823
  20
701.991821
  0
VERTEX
  8
8
  10
804.122681
  20
701.734985
  0
VERTEX
  8
8
  10
800.824646
  20
701.492432
  0
VERTEX
  8
8
  10
797.524780
  20
701.262573
  0
VERTEX
  8
8
  10
794.223389
  20
701.043884
  0
VERTEX
  8
8
  10
790.920593
  20
700.834595
  0
VERTEX
  8
8
  10
787.616455
  20
700.633301
  0
VERTEX
  8
8
  10
784.311279
  20
700.438232
  0
VERTEX
  8
8
  10
781.005188
  20
700.247864
  0
VERTEX
  8
8
  10
777.698364
  20
700.060547
  0
SEQEND
  0
POINT
  8
2
  10
774.390930
  20
699.874756
  0
POINT
  8
2
  10
568.009949
  20
761.381165
  0
POINT
  8
2
  10
399.981628
  20
507.079224
  0
POINT
  8
2
  10
774.390930
  20
395.074799
  0
POINT
  8
2
  10
1148.800293
  20
507.079224
  0
POINT
  8
2
  10
980.771912
  20
761.381165
  0
POINT
  8
3
  10
771.083496
  20
700.060547
  0
POINT
  8
3
  10
767.776672
  20
700.247864
  0
POINT
  8
3
  10
764.470581
  20
700.438232
  0
POINT
  8
3
  10
761.165405
  20
700.633301
  0
POINT
  8
3
  10
757.861328
  20
700.834595
  0
POINT
  8
3
  10
754.558472
  20
701.043884
  0
POINT
  8
3
  10
751.257080
  20
701.262573
  0
POINT
  8
3
  10
747.957214
  20
701.492432
  0
POINT
  8
3
  10
744.659180
  20
701.734985
  0
POINT
  8
3
  10
741.363037
  20
701.991821
  0
POINT
  8
3
  10
738.069031
  20
702.264587
  0
POINT
  8
3
  10
734.777222
  20
702.554932
  0
POINT
  8
3
  10
731.487854
  20
702.864258
  0
POINT
  8
3
  10
728.201111
  20
703.194397
  0
POINT
  8
3
  10
724.917114
  20
703.546875
  0
POINT
  8
3
  10
721.636108
  20
703.923218
  0
POINT
  8
3
  10
718.358154
  20
704.325134
  0
POINT
  8
3
  10
715.083435
  20
704.754150
  0
POINT
  8
3
  10
711.812195
  20
705.211975
  0
POINT
  8
3
  10
708.544556
  20
705.700073
  0
POINT
  8
3
  10
705.280701
  20
706.220154
  0
POINT
  8
3
  10
702.020752
  20
706.773804
  0
POINT
  8
3
  10
699.550659
  20
707.216980
  0
POINT
  8
3
  10
697.083679
  20
707.680176
  0
POINT
  8
3
  10
694.619873
  20
708.163330
  0
POINT
  8
3
  10
692.159546
  20
708.666382
  0
POINT
  8
3
  10
689.702881
  20
709.189270
  0
POINT
  8
3
  10
687.250000
  20
709.731995
  0
POINT
  8
3
  10
684.801208
  20
710.294434
  0
POINT
  8
3
  10
682.356567
  20
710.876526
  0
POINT
  8
3
  10
679.916443
  20
711.478271
  0
POINT
  8
3
  10
677.480896
  20
712.099548
  0
POINT
  8
3
  10
675.050232
  20
712.740295
  0
POINT
  8
3
  10
672.624573
  20
713.400513
  0
POINT
  8
3
  10
670.204163
  20
714.080078
  0
POINT
  8
3
  10
667.789185
  20
714.778931
  0
POINT
  8
3
  10
665.379822
  20
715.497070
  0
POINT
  8
3
  10
662.976257
  20
716.234375
  0
POINT
  8
3
  10
660.578735
  20
716.990845
  0
POINT
  8
3
  10
658.187500
  20
717.766357
  0
POINT
  8
3
  10
655.802612
  20
718.560913
  0
POINT
  8
3
  10
653.424377
  20
719.374390
  0
POINT
  8
3
  10
651.052979
  20
720.206726
  0
POINT
  8
3
  10
648.688599
  20
721.057983
  0
POINT
  8
3
  10
646.331421
  20
721.927979
  0
POINT
  8
3
  10
643.981689
  20
722.816650
  0
POINT
  8
3
  10
641.639526
  20
723.723999
  0
POINT
  8
3
  10
639.305237
  20
724.649963
  0
POINT
  8
3
  10
636.978943
  20
725.594482
  0
POINT
  8
3
  10
634.660889
  20
726.557434
  0
POINT
  8
3
  10
632.351196
  20
727.538818
  0
POINT
  8
3
  10
629.320068
  20
728.860168
  0
POINT
  8
3
  10
626.303955
  20
730.211731
  0
POINT
  8
3
  10
623.302124
  20
731.592041
  0
POINT
  8
3
  10
620.313965
  20
732.999756
  0
POINT
  8
3
  10
617.338623
  20
734.433350
  0
POINT
  8
3
  10
614.375366
  20
735.891418
  0
POINT
  8
3
  10
611.423584
  20
737.372559
  0
POINT
  8
3
  10
608.482361
  20
738.875305
  0
POINT
  8
3
  10
605.551025
  20
740.398254
  0
POINT
  8
3
  10
602.628906
  20
741.939941
  0
POINT
  8
3
  10
599.715210
  20
743.498901
  0
POINT
  8
3
  10
596.809204
  20
745.073792
  0
POINT
  8
3
  10
593.910156
  20
746.663147
  0
POINT
  8
3
  10
591.017334
  20
748.265503
  0
POINT
  8
3
  10
588.129944
  20
749.879456
  0
POINT
  8
3
  10
585.247314
  20
751.503540
  0
POINT
  8
3
  10
582.368713
  20
753.136353
  0
POINT
  8
3
  10
579.493347
  20
754.776489
  0
POINT
  8
3
  10
576.620544
  20
756.422485
  0
POINT
  8
3
  10
573.749512
  20
758.072876
  0
POINT
  8
3
  10
570.879578
  20
759.726196
  0
POINT
  8
3
  10
403.929779
  20
504.796478
  0
POINT
  8
3
  10
407.878113
  20
502.515015
  0
POINT
  8
3
  10
411.827148
  20
500.235931
  0
POINT
  8
3
  10
415.777496
  20
497.960388
  0
POINT
  8
3
  10
419.729767
  20
495.689514
  0
POINT
  8
3
  10
423.684540
  20
493.424438
  0
POINT
  8
3
  10
427.642334
  20
491.166321
  0
POINT
  8
3
  10
431.603821
  20
488.916260
  0
POINT
  8
3
  10
435.569611
  20
486.675415
  0
POINT
  8
3
  10
439.540192
  20
484.444916
  0
POINT
  8
3
  10
443.516205
  20
482.225891
  0
POINT
  8
3
  10
447.498169
  20
480.019501
  0
POINT
  8
3
  10
451.486816
  20
477.826843
  0
POINT
  8
3
  10
455.482574
  20
475.649078
  0
POINT
  8
3
  10
459.486084
  20
473.487335
  0
POINT
  8
3
  10
463.497955
  20
471.342743
  0
POINT
  8
3
  10
467.518768
  20
469.216431
  0
POINT
  8
3
  10
471.549072
  20
467.109589
  0
POINT
  8
3
  10
475.589539
  20
465.023254
  0
POINT
  8
3
  10
479.640656
  20
462.958649
  0
POINT
  8
3
  10
483.703003
  20
460.916870
  0
POINT
  8
3
  10
487.777252
  20
458.899048
  0
POINT
  8
3
  10
491.863983
  20
456.906311
  0
POINT
  8
3
  10
495.963654
  20
454.939850
  0
POINT
  8
3
  10
500.077026
  20
453.000732
  0
POINT
  8
3
  10
504.204529
  20
451.090149
  0
POINT
  8
3
  10
508.346832
  20
449.209167
  0
POINT
  8
3
  10
512.504517
  20
447.359009
  0
POINT
  8
3
  10
516.678162
  20
445.540710
  0
POINT
  8
3
  10
520.867676
  20
443.755432
  0
POINT
  8
3
  10
525.072632
  20
442.003601
  0
POINT
  8
3
  10
529.292480
  20
440.285278
  0
POINT
  8
3
  10
533.526855
  20
438.600586
  0
POINT
  8
3
  10
537.775513
  20
436.949615
  0
POINT
  8
3
  10
542.038025
  20
435.332520
  0
POINT
  8
3
  10
546.314026
  20
433.749359
  0
POINT
  8
3
  10
550.603149
  20
432.200256
  0
POINT
  8
3
  10
554.905090
  20
430.685333
  0
POINT
  8
3
  10
559.219482
  20
429.204712
  0
POINT
  8
3
  10
563.545898
  20
427.758453
  0
POINT
  8
3
  10
567.883972
  20
426.346680
  0
POINT
  8
3
  10
572.233398
  20
424.969543
  0
POINT
  8
3
  10
576.593872
  20
423.627106
  0
POINT
  8
3
  10
580.964844
  20
422.319519
  0
POINT
  8
3
  10
585.346191
  20
421.046814
  0
POINT
  8
3
  10
589.737305
  20
419.809143
  0
POINT
  8
3
  10
594.138062
  20
418.606628
  0
POINT
  8
3
  10
598.547913
  20
417.439392
  0
POINT
  8
3
  10
602.966614
  20
416.307495
  0
POINT
  8
3
  10
607.393738
  20
415.211090
  0
POINT
  8
3
  10
611.828979
  20
414.150269
  0
POINT
  8
3
  10
616.271912
  20
413.125122
  0
POINT
  8
3
  10
620.722168
  20
412.135742
  0
POINT
  8
3
  10
625.179504
  20
411.182312
  0
POINT
  8
3
  10
629.643433
  20
410.264832
  0
POINT
  8
3
  10
634.113647
  20
409.383545
  0
POINT
  8
3
  10
638.589783
  20
408.538422
  0
POINT
  8
3
  10
643.071472
  20
407.729675
  0
POINT
  8
3
  10
647.557983
  20
406.957275
  0
POINT
  8
3
  10
652.048645
  20
406.220276
  0
POINT
  8
3
  10
656.543396
  20
405.517456
  0
POINT
  8
3
  10
661.042053
  20
404.847534
  0
POINT
  8
3
  10
665.544495
  20
404.209229
  0
POINT
  8
3
  10
670.050598
  20
403.601318
  0
POINT
  8
3
  10
674.560181
  20
403.022430
  0
POINT
  8
3
  10
679.073181
  20
402.471375
  0
POINT
  8
3
  10
683.589478
  20
401.946899
  0
POINT
  8
3
  10
688.108826
  20
401.447632
  0
POINT
  8
3
  10
692.631226
  20
400.972412
  0
POINT
  8
3
  10
697.156433
  20
400.519928
  0
POINT
  8
3
  10
701.684326
  20
400.088898
  0
POINT
  8
3
  10
706.214844
  20
399.678040
  0
POINT
  8
3
  10
710.747803
  20
399.286133
  0
POINT
  8
3
  10
715.283081
  20
398.911865
  0
POINT
  8
3
  10
719.820496
  20
398.553955
  0
POINT
  8
3
  10
724.359985
  20
398.211182
  0
POINT
  8
3
  10
728.901367
  20
397.882263
  0
POINT
  8
3
  10
733.444580
  20
397.565918
  0
POINT
  8
3
  10
737.989380
  20
397.260864
  0
POINT
  8
3
  10
742.535706
  20
396.965820
  0
POINT
  8
3
  10
747.083374
  20
396.679565
  0
POINT
  8
3
  10
751.632324
  20
396.400757
  0
POINT
  8
3
  10
756.182373
  20
396.128204
  0
POINT
  8
3
  10
760.733398
  20
395.860596
  0
POINT
  8
3
  10
765.285278
  20
395.596680
  0
POINT
  8
3
  10
769.837830
  20
395.335144
  0
POINT
  8
3
  10
778.944031
  20
395.335144
  0
POINT
  8
3
  10
783.496582
  20
395.596680
  0
POINT
  8
3
  10
788.048462
  20
395.860596
  0
POINT
  8
3
  10
792.599487
  20
396.128204
  0
POINT
  8
3
  10
797.149536
  20
396.400757
  0
POINT
  8
3
  10
801.698486
  20
396.679565
  0
POINT
  8
3
  10
806.246155
  20
396.965820
  0
POINT
  8
3
  10
810.792480
  20
397.260864
  0
POINT
  8
3
  10
815.337280
  20
397.565918
  0
POINT
  8
3
  10
819.880493
  20
397.882263
  0
POINT
  8
3
  10
824.421875
  20
398.211182
  0
POINT
  8
3
  10
828.961365
  20
398.553955
  0
POINT
  8
3
  10
833.498779
  20
398.911865
  0
POINT
  8
3
  10
838.034058
  20
399.286133
  0
POINT
  8
3
  10
842.567017
  20
399.678040
  0
POINT
  8
3
  10
847.097534
  20
400.088898
  0
POINT
  8
3
  10
851.625427
  20
400.519928
  0
POINT
  8
3
  10
856.150635
  20
400.972412
  0
POINT
  8
3
  10
860.673035
  20
401.447632
  0
POINT
  8
3
  10
865.192383
  20
401.946899
  0
POINT
  8
3
  10
869.708618
  20
402.471375
  0
POINT
  8
3
  10
874.221680
  20
403.022430
  0
POINT
  8
3
  10
878.731262
  20
403.601318
  0
POINT
  8
3
  10
883.237366
  20
404.209229
  0
POINT
  8
3
  10
887.739807
  20
404.847534
  0
POINT
  8
3
  10
892.238464
  20
405.517456
  0
POINT
  8
3
  10
896.733215
  20
406.220276
  0
POINT
  8
3
  10
901.223877
  20
406.957275
  0
POINT
  8
3
  10
905.710388
  20
407.729675
  0
POINT
  8
3
  10
910.192078
  20
408.538422
  0
POINT
  8
3
  10
914.668213
  20
409.383545
  0
POINT
  8
3
  10
919.138428
  20
410.264832
  0
POINT
  8
3
  10
923.602356
  20
411.182312
  0
POINT
  8
3
  10
928.059692
  20
412.135742
  0
POINT
  8
3
  10
932.510010
  20
413.125122
  0
POINT
  8
3
  10
936.952881
  20
414.150269
  0
POINT
  8
3
  10
941.388123
  20
415.211090
  0
POINT
  8
3
  10
945.815247
  20
416.307495
  0
POINT
  8
3
  10
950.233948
  20
417.439392
  0
POINT
  8
3
  10
954.643799
  20
418.606628
  0
POINT
  8
3
  10
959.044556
  20
419.809143
  0
POINT
  8
3
  10
963.435730
  20
421.046814
  0
POINT
  8
3
  10
967.817017
  20
422.319489
  0
POINT
  8
3
  10
972.187988
  20
423.627106
  0
POINT
  8
3
  10
976.548462
  20
424.969543
  0
POINT
  8
3
  10
980.897888
  20
426.346680
  0
POINT
  8
3
  10
985.236023
  20
427.758453
  0
POINT
  8
3
  10
989.562439
  20
429.204712
  0
POINT
  8
3
  10
993.876831
  20
430.685333
  0
POINT
  8
3
  10
998.178711
  20
432.200256
  0
POINT
  8
3
  10
1002.467896
  20
433.749359
  0
POINT
  8
3
  10
1006.743896
  20
435.332520
  0
POINT
  8
3
  10
1011.006409
  20
436.949615
  0
POINT
  8
3
  10
1015.255066
  20
438.600586
  0
POINT
  8
3
  10
1019.489502
  20
440.285278
  0
POINT
  8
3
  10
1023.709290
  20
442.003601
  0
POINT
  8
3
  10
1027.914185
  20
443.755432
  0
POINT
  8
3
  10
1032.103760
  20
445.540710
  0
POINT
  8
3
  10
1036.277344
  20
447.358978
  0
POINT
  8
3
  10
1040.435059
  20
449.209167
  0
POINT
  8
3
  10
1044.577393
  20
451.090149
  0
POINT
  8
3
  10
1048.704956
  20
453.000732
  0
POINT
  8
3
  10
1052.818237
  20
454.939850
  0
POINT
  8
3
  10
1056.917969
  20
456.906311
  0
POINT
  8
3
  10
1061.004639
  20
458.899048
  0
POINT
  8
3
  10
1065.078857
  20
460.916870
  0
POINT
  8
3
  10
1069.141235
  20
462.958649
  0
POINT
  8
3
  10
1073.192383
  20
465.023254
  0
POINT
  8
3
  10
1077.232910
  20
467.109589
  0
POINT
  8
3
  10
1081.263184
  20
469.216431
  0
POINT
  8
3
  10
1085.283936
  20
471.342743
  0
POINT
  8
3
  10
1089.295898
  20
473.487335
  0
POINT
  8
3
  10
1093.299316
  20
475.649078
  0
POINT
  8
3
  10
1097.295166
  20
477.826843
  0
POINT
  8
3
  10
1101.283691
  20
480.019501
  0
POINT
  8
3
  10
1105.265747
  20
482.225891
  0
POINT
  8
3
  10
1109.241699
  20
484.444916
  0
POINT
  8
3
  10
1113.212280
  20
486.675415
  0
POINT
  8
3
  10
1117.178101
  20
488.916260
  0
POINT
  8
3
  10
1121.139648
  20
491.166290
  0
POINT
  8
3
  10
1125.097412
  20
493.424438
  0
POINT
  8
3
  10
1129.052124
  20
495.689514
  0
POINT
  8
3
  10
1133.004395
  20
497.960388
  0
POINT
  8
3
  10
1136.954834
  20
500.235931
  0
POINT
  8
3
  10
1140.903809
  20
502.515015
  0
POINT
  8
3
  10
1144.852173
  20
504.796478
  0
POINT
  8
3
  10
977.902283
  20
759.726196
  0
POINT
  8
3
  10
975.032349
  20
758.072876
  0
POINT
  8
3
  10
972.161316
  20
756.422485
  0
POINT
  8
3
  10
969.288513
  20
754.776489
  0
POINT
  8
3
  10
966.413147
  20
753.136353
  0
POINT
  8
3
  10
963.534546
  20
751.503540
  0
POINT
  8
3
  10
960.651917
  20
749.879456
  0
POINT
  8
3
  10
957.764526
  20
748.265503
  0
POINT
  8
3
  10
954.871704
  20
746.663147
  0
POINT
  8
3
  10
951.972656
  20
745.073792
  0
POINT
  8
3
  10
949.066650
  20
743.498901
  0
POINT
  8
3
  10
946.152954
  20
741.939941
  0
POINT
  8
3
  10
943.230835
  20
740.398254
  0
POINT
  8
3
  10
940.299500
  20
738.875305
  0
POINT
  8
3
  10
937.358276
  20
737.372559
  0
POINT
  8
3
  10
934.406494
  20
735.891418
  0
POINT
  8
3
  10
931.443237
  20
734.433350
  0
POINT
  8
3
  10
928.467896
  20
732.999756
  0
POINT
  8
3
  10
925.479736
  20
731.592041
  0
POINT
  8
3
  10
922.477905
  20
730.211731
  0
POINT
  8
3
  10
919.461792
  20
728.860168
  0
POINT
  8
3
  10
916.430664
  20
727.538818
  0
POINT
  8
3
  10
914.120972
  20
726.557434
  0
POINT
  8
3
  10
911.802917
  20
725.594482
  0
POINT
  8
3
  10
909.476624
  20
724.649963
  0
POINT
  8
3
  10
907.142334
  20
723.723999
  0
POINT
  8
3
  10
904.800171
  20
722.816650
  0
POINT
  8
3
  10
902.450439
  20
721.927979
  0
POINT
  8
3
  10
900.093262
  20
721.057983
  0
POINT
  8
3
  10
897.728882
  20
720.206726
  0
POINT
  8
3
  10
895.357483
  20
719.374390
  0
POINT
  8
3
  10
892.979248
  20
718.560913
  0
POINT
  8
3
  10
890.594360
  20
717.766357
  0
POINT
  8
3
  10
888.203125
  20
716.990845
  0
POINT
  8
3
  10
885.805603
  20
716.234375
  0
POINT
  8
3
  10
883.402039
  20
715.497070
  0
POINT
  8
3
  10
880.992676
  20
714.778931
  0
POINT
  8
3
  10
878.577698
  20
714.080078
  0
POINT
  8
3
  10
876.157288
  20
713.400513
  0
POINT
  8
3
  10
873.731628
  20
712.740295
  0
POINT
  8
3
  10
871.300964
  20
712.099548
  0
POINT
  8
3
  10
868.865417
  20
711.478271
  0
POINT
  8
3
  10
866.425293
  20
710.876526
  0
POINT
  8
3
  10
863.980652
  20
710.294434
  0
POINT
  8
3
  10
861.531860
  20
709.731995
  0
POINT
  8
3
  10
859.078979
  20
709.189270
  0
POINT
  8
3
  10
856.622314
  20
708.666382
  0
POINT
  8
3
  10
854.161987
  20
708.163330
  0
POINT
  8
3
  10
851.698181
  20
707.680176
  0
POINT
  8
3
  10
849.231201
  20
707.216980
  0
POINT
  8
3
  10
846.761108
  20
706.773804
  0
POINT
  8
3
  10
843.501160
  20
706.220154
  0
POINT
  8
3
  10
840.237305
  20
705.700073
  0
POINT
  8
3
  10
836.969666
  20
705.211975
  0
POINT
  8
3
  10
833.698425
  20
704.754150
  0
POINT
  8
3
  10
830.423706
  20
704.325134
  0
POINT
  8
3
  10
827.145752
  20
703.923218
  0
POINT
  8
3
  10
823.864746
  20
703.546875
  0
POINT
  8
3
  10
820.580750
  20
703.194397
  0
POINT
  8
3
  10
817.294006
  20
702.864319
  0
POINT
  8
3
  10
814.004639
  20
702.554932
  0
POINT
  8
3
  10
810.712830
  20
702.264587
  0
POINT
  8
3
  10
807.418823
  20
701.991821
  0
POINT
  8
3
  10
804.122681
  20
701.734985
  0
POINT
  8
3
  10
800.824646
  20
701.492432
  0
POINT
  8
3
  10
797.524780
  20
701.262573
  0
POINT
  8
3
  10
794.223389
  20
701.043884
  0
POINT
  8
3
  10
790.920593
  20
700.834595
  0
POINT
  8
3
  10
787.616455
  20
700.633301
  0
POINT
  8
3
  10
784.311279
  20
700.438232
  0
POINT
  8
3
  10
781.005188
  20
700.247864
  0
POINT
  8
3
  10
777.698364
  20
700.060547
  0
POLYLINE
  8
85
  66
1
  70
1
  250
1
  0
VERTEX
  8
85
  10
771.083496
  20
700.060547
  0
VERTEX
  8
85
  10
767.776672
  20
700.247864
  0
VERTEX
  8
85
  10
764.470581
  20
700.438232
  0
VERTEX
  8
85
  10
761.165405
  20
700.633301
  0
VERTEX
  8
85
  10
757.861328
  20
700.834595
  0
VERTEX
  8
85
  10
754.558472
  20
701.043884
  0
VERTEX
  8
85
  10
751.257080
  20
701.262573
  0
VERTEX
  8
85
  10
747.957214
  20
701.492432
  0
VERTEX
  8
85
  10
744.659180
  20
701.734985
  0
VERTEX
  8
85
  10
741.363037
  20
701.991821
  0
VERTEX
  8
85
  10
738.069031
  20
702.264587
  0
VERTEX
  8
85
  10
734.777222
  20
702.554932
  0
VERTEX
  8
85
  10
731.487854
  20
702.864258
  0
VERTEX
  8
85
  10
728.201111
  20
703.194397
  0
VERTEX
  8
85
  10
724.917114
  20
703.546875
  0
VERTEX
  8
85
  10
721.636108
  20
703.923218
  0
VERTEX
  8
85
  10
718.358154
  20
704.325134
  0
VERTEX
  8
85
  10
715.083435
  20
704.754150
  0
VERTEX
  8
85
  10
711.812195
  20
705.211975
  0
VERTEX
  8
85
  10
708.544556
  20
705.700073
  0
VERTEX
  8
85
  10
705.280701
  20
706.220154
  0
VERTEX
  8
85
  10
702.020752
  20
706.773804
  0
VERTEX
  8
85
  10
699.550659
  20
707.216980
  0
VERTEX
  8
85
  10
697.083679
  20
707.680176
  0
VERTEX
  8
85
  10
694.619873
  20
708.163330
  0
VERTEX
  8
85
  10
692.159546
  20
708.666382
  0
VERTEX
  8
85
  10
689.702881
  20
709.189270
  0
VERTEX
  8
85
  10
687.250000
  20
709.731995
  0
VERTEX
  8
85
  10
684.801208
  20
710.294434
  0
VERTEX
  8
85
  10
682.356567
  20
710.876526
  0
VERTEX
  8
85
  10
679.916443
  20
711.478271
  0
VERTEX
  8
85
  10
677.480896
  20
712.099548
  0
VERTEX
  8
85
  10
675.050232
  20
712.740295
  0
VERTEX
  8
85
  10
672.624573
  20
713.400513
  0
VERTEX
  8
85
  10
670.204163
  20
714.080078
  0
VERTEX
  8
85
  10
667.789185
  20
714.778931
  0
VERTEX
  8
85
  10
665.379822
  20
715.497070
  0
VERTEX
  8
85
  10
662.976257
  20
716.234375
  0
VERTEX
  8
85
  10
660.578735
  20
716.990845
  0
VERTEX
  8
85
  10
658.187500
  20
717.766357
  0
VERTEX
  8
85
  10
655.802612
  20
718.560913
  0
VERTEX
  8
85
  10
653.424377
  20
719.374390
  0
VERTEX
  8
85
  10
651.052979
  20
720.206726
  0
VERTEX
  8
85
  10
648.688599
  20
721.057983
  0
VERTEX
  8
85
  10
646.331421
  20
721.927979
  0
VERTEX
  8
85
  10
643.981689
  20
722.816650
  0
VERTEX
  8
85
  10
641.639526
  20
723.723999
  0
VERTEX
  8
85
  10
639.305237
  20
724.649963
  0
VERTEX
  8
85
  10
636.978943
  20
725.594482
  0
VERTEX
  8
85
  10
634.660889
  20
726.557434
  0
VERTEX
  8
85
  10
632.351196
  20
727.538818
  0
VERTEX
  8
85
  10
629.320068
  20
728.860168
  0
VERTEX
  8
85
  10
626.303955
  20
730.211731
  0
VERTEX
  8
85
  10
623.302124
  20
731.592041
  0
VERTEX
  8
85
  10
620.313965
  20
732.999756
  0
VERTEX
  8
85
  10
617.338623
  20
734.433350
  0
VERTEX
  8
85
  10
614.375366
  20
735.891418
  0
VERTEX
  8
85
  10
611.423584
  20
737.372559
  0
VERTEX
  8
85
  10
608.482361
  20
738.875305
  0
VERTEX
  8
85
  10
605.551025
  20
740.398254
  0
VERTEX
  8
85
  10
602.628906
  20
741.939941
  0
VERTEX
  8
85
  10
599.715210
  20
743.498901
  0
VERTEX
  8
85
  10
596.809204
  20
745.073792
  0
VERTEX
  8
85
  10
593.910156
  20
746.663147
  0
VERTEX
  8
85
  10
591.017334
  20
748.265503
  0
VERTEX
  8
85
  10
588.129944
  20
749.879456
  0
VERTEX
  8
85
  10
585.247314
  20
751.503540
  0
VERTEX
  8
85
  10
582.368713
  20
753.136353
  0
VERTEX
  8
85
  10
579.493347
  20
754.776489
  0
VERTEX
  8
85
  10
576.620544
  20
756.422485
  0
VERTEX
  8
85
  10
573.749512
  20
758.072876
  0
VERTEX
  8
85
  10
570.879578
  20
759.726196
  0
VERTEX
  8
85
  10
568.009949
  20
761.381165
  0
VERTEX
  8
85
  10
399.981628
  20
507.079224
  0
VERTEX
  8
85
  10
403.929779
  20
504.796478
  0
VERTEX
  8
85
  10
407.878113
  20
502.515015
  0
VERTEX
  8
85
  10
411.827148
  20
500.235931
  0
VERTEX
  8
85
  10
415.777496
  20
497.960388
  0
VERTEX
  8
85
  10
419.729767
  20
495.689514
  0
VERTEX
  8
85
  10
423.684540
  20
493.424438
  0
VERTEX
  8
85
  10
427.642334
  20
491.166321
  0
VERTEX
  8
85
  10
431.603821
  20
488.916260
  0
VERTEX
  8
85
  10
435.569611
  20
486.675415
  0
VERTEX
  8
85
  10
439.540192
  20
484.444916
  0
VERTEX
  8
85
  10
443.516205
  20
482.225891
  0
VERTEX
  8
85
  10
447.498169
  20
480.019501
  0
VERTEX
  8
85
  10
451.486816
  20
477.826843
  0
VERTEX
  8
85
  10
455.482574
  20
475.649078
  0
VERTEX
  8
85
  10
459.486084
  20
473.487335
  0
VERTEX
  8
85
  10
463.497955
  20
471.342743
  0
VERTEX
  8
85
  10
467.518768
  20
469.216431
  0
VERTEX
  8
85
  10
471.549072
  20
467.109589
  0
VERTEX
  8
85
  10
475.589539
  20
465.023254
  0
VERTEX
  8
85
  10
479.640656
  20
462.958649
  0
VERTEX
  8
85
  10
483.703003
  20
460.916870
  0
VERTEX
  8
85
  10
487.777252
  20
458.899048
  0
VERTEX
  8
85
  10
491.863983
  20
456.906311
  0
VERTEX
  8
85
  10
495.963654
  20
454.939850
  0
VERTEX
  8
85
  10
500.077026
  20
453.000732
  0
VERTEX
  8
85
  10
504.204529
  20
451.090149
  0
VERTEX
  8
85
  10
508.346832
  20
449.209167
  0
VERTEX
  8
85
  10
512.504517
  20
447.359009
  0
VERTEX
  8
85
  10
516.678162
  20
445.540710
  0
VERTEX
  8
85
  10
520.867676
  20
443.755432
  0
VERTEX
  8
85
  10
525.072632
  20
442.003601
  0
VERTEX
  8
85
  10
529.292480
  20
440.285278
  0
VERTEX
  8
85
  10
533.526855
  20
438.600586
  0
VERTEX
  8
85
  10
537.775513
  20
436.949615
  0
VERTEX
  8
85
  10
542.038025
  20
435.332520
  0
VERTEX
  8
85
  10
546.314026
  20
433.749359
  0
VERTEX
  8
85
  10
550.603149
  20
432.200256
  0
VERTEX
  8
85
  10
554.905090
  20
430.685333
  0
VERTEX
  8
85
  10
559.219482
  20
429.204712
  0
VERTEX
  8
85
  10
563.545898
  20
427.758453
  0
VERTEX
  8
85
  10
567.883972
  20
426.346680
  0
VERTEX
  8
85
  10
572.233398
  20
424.969543
  0
VERTEX
  8
85
  10
576.593872
  20
423.627106
  0
VERTEX
  8
85
  10
580.964844
  20
422.319519
  0
VERTEX
  8
85
  10
585.346191
  20
421.046814
  0
VERTEX
  8
85
  10
589.737305
  20
419.809143
  0
VERTEX
  8
85
  10
594.138062
  20
418.606628
  0
VERTEX
  8
85
  10
598.547913
  20
417.439392
  0
VERTEX
  8
85
  10
602.966614
  20
416.307495
  0
VERTEX
  8
85
  10
607.393738
  20
415.211090
  0
VERTEX
  8
85
  10
611.828979
  20
414.150269
  0
VERTEX
  8
85
  10
616.271912
  20
413.125122
  0
VERTEX
  8
85
  10
620.722168
  20
412.135742
  0
VERTEX
  8
85
  10
625.179504
  20
411.182312
  0
VERTEX
  8
85
  10
629.643433
  20
410.264832
  0
VERTEX
  8
85
  10
634.113647
  20
409.383545
  0
VERTEX
  8
85
  10
638.589783
  20
408.538422
  0
VERTEX
  8
85
  10
643.071472
  20
407.729675
  0
VERTEX
  8
85
  10
647.557983
  20
406.957275
  0
VERTEX
  8
85
  10
652.048645
  20
406.220276
  0
VERTEX
  8
85
  10
656.543396
  20
405.517456
  0
VERTEX
  8
85
  10
661.042053
  20
404.847534
  0
VERTEX
  8
85
  10
665.544495
  20
404.209229
  0
VERTEX
  8
85
  10
670.050598
  20
403.601318
  0
VERTEX
  8
85
  10
674.560181
  20
403.022430
  0
VERTEX
  8
85
  10
679.073181
  20
402.471375
  0
VERTEX
  8
85
  10
683.589478
  20
401.946899
  0
VERTEX
  8
85
  10
688.108826
  20
401.447632
  0
VERTEX
  8
85
  10
692.631226
  20
400.972412
  0
VERTEX
  8
85
  10
697.156433
  20
400.519928
  0
VERTEX
  8
85
  10
701.684326
  20
400.088898
  0
VERTEX
  8
85
  10
706.214844
  20
399.678040
  0
VERTEX
  8
85
  10
710.747803
  20
399.286133
  0
VERTEX
  8
85
  10
715.283081
  20
398.911865
  0
VERTEX
  8
85
  10
719.820496
  20
398.553955
  0
VERTEX
  8
85
  10
724.359985
  20
398.211182
  0
VERTEX
  8
85
  10
728.901367
  20
397.882263
  0
VERTEX
  8
85
  10
733.444580
  20
397.565918
  0
VERTEX
  8
85
  10
737.989380
  20
397.260864
  0
VERTEX
  8
85
  10
742.535706
  20
396.965820
  0
VERTEX
  8
85
  10
747.083374
  20
396.679565
  0
VERTEX
  8
85
  10
751.632324
  20
396.400757
  0
VERTEX
  8
85
  10
756.182373
  20
396.128204
  0
VERTEX
  8
85
  10
760.733398
  20
395.860596
  0
VERTEX
  8
85
  10
765.285278
  20
395.596680
  0
VERTEX
  8
85
  10
769.837830
  20
395.335144
  0
VERTEX
  8
85
  10
774.390930
  20
395.074799
  0
VERTEX
  8
85
  10
778.944031
  20
395.335144
  0
VERTEX
  8
85
  10
783.496582
  20
395.596680
  0
VERTEX
  8
85
  10
788.048462
  20
395.860596
  0
VERTEX
  8
85
  10
792.599487
  20
396.128204
  0
VERTEX
  8
85
  10
797.149536
  20
396.400757
  0
VERTEX
  8
85
  10
801.698486
  20
396.679565
  0
VERTEX
  8
85
  10
806.246155
  20
396.965820
  0
VERTEX
  8
85
  10
810.792480
  20
397.260864
  0
VERTEX
  8
85
  10
815.337280
  20
397.565918
  0
VERTEX
  8
85
  10
819.880493
  20
397.882263
  0
VERTEX
  8
85
  10
824.421875
  20
398.211182
  0
VERTEX
  8
85
  10
828.961365
  20
398.553955
  0
VERTEX
  8
85
  10
833.498779
  20
398.911865
  0
VERTEX
  8
85
  10
838.034058
  20
399.286133
  0
VERTEX
  8
85
  10
842.567017
  20
399.678040
  0
VERTEX
  8
85
  10
847.097534
  20
400.088898
  0
VERTEX
  8
85
  10
851.625427
  20
400.519928
  0
VERTEX
  8
85
  10
856.150635
  20
400.972412
  0
VERTEX
  8
85
  10
860.673035
  20
401.447632
  0
VERTEX
  8
85
  10
865.192383
  20
401.946899
  0
VERTEX
  8
85
  10
869.708618
  20
402.471375
  0
VERTEX
  8
85
  10
874.221680
  20
403.022430
  0
VERTEX
  8
85
  10
878.731262
  20
403.601318
  0
VERTEX
  8
85
  10
883.237366
  20
404.209229
  0
VERTEX
  8
85
  10
887.739807
  20
404.847534
  0
VERTEX
  8
85
  10
892.238464
  20
405.517456
  0
VERTEX
  8
85
  10
896.733215
  20
406.220276
  0
VERTEX
  8
85
  10
901.223877
  20
406.957275
  0
VERTEX
  8
85
  10
905.710388
  20
407.729675
  0
VERTEX
  8
85
  10
910.192078
  20
408.538422
  0
VERTEX
  8
85
  10
914.668213
  20
409.383545
  0
VERTEX
  8
85
  10
919.138428
  20
410.264832
  0
VERTEX
  8
85
  10
923.602356
  20
411.182312
  0
VERTEX
  8
85
  10
928.059692
  20
412.135742
  0
VERTEX
  8
85
  10
932.510010
  20
413.125122
  0
VERTEX
  8
85
  10
936.952881
  20
414.150269
  0
VERTEX
  8
85
  10
941.388123
  20
415.211090
  0
VERTEX
  8
85
  10
945.815247
  20
416.307495
  0
VERTEX
  8
85
  10
950.233948
  20
417.439392
  0
VERTEX
  8
85
  10
954.643799
  20
418.606628
  0
VERTEX
  8
85
  10
959.044556
  20
419.809143
  0
VERTEX
  8
85
  10
963.435730
  20
421.046814
  0
VERTEX
  8
85
  10
967.817017
  20
422.319489
  0
VERTEX
  8
85
  10
972.187988
  20
423.627106
  0
VERTEX
  8
85
  10
976.548462
  20
424.969543
  0
VERTEX
  8
85
  10
980.897888
  20
426.346680
  0
VERTEX
  8
85
  10
985.236023
  20
427.758453
  0
VERTEX
  8
85
  10
989.562439
  20
429.204712
  0
VERTEX
  8
85
  10
993.876831
  20
430.685333
  0
VERTEX
  8
85
  10
998.178711
  20
432.200256
  0
VERTEX
  8
85
  10
1002.467896
  20
433.749359
  0
VERTEX
  8
85
  10
1006.743896
  20
435.332520
  0
VERTEX
  8
85
  10
1011.006409
  20
436.949615
  0
VERTEX
  8
85
  10
1015.255066
  20
438.600586
  0
VERTEX
  8
85
  10
1019.489502
  20
440.285278
  0
VERTEX
  8
85
  10
1023.709290
  20
442.003601
  0
VERTEX
  8
85
  10
1027.914185
  20
443.755432
  0
VERTEX
  8
85
  10
1032.103760
  20
445.540710
  0
VERTEX
  8
85
  10
1036.277344
  20
447.358978
  0
VERTEX
  8
85
  10
1040.435059
  20
449.209167
  0
VERTEX
  8
85
  10
1044.577393
  20
451.090149
  0
VERTEX
  8
85
  10
1048.704956
  20
453.000732
  0
VERTEX
  8
85
  10
1052.818237
  20
454.939850
  0
VERTEX
  8
85
  10
1056.917969
  20
456.906311
  0
VERTEX
  8
85
  10
1061.004639
  20
458.899048
  0
VERTEX
  8
85
  10
1065.078857
  20
460.916870
  0
VERTEX
  8
85
  10
1069.141235
  20
462.958649
  0
VERTEX
  8
85
  10
1073.192383
  20
465.023254
  0
VERTEX
  8
85
  10
1077.232910
  20
467.109589
  0
VERTEX
  8
85
  10
1081.263184
  20
469.216431
  0
VERTEX
  8
85
  10
1085.283936
  20
471.342743
  0
VERTEX
  8
85
  10
1089.295898
  20
473.487335
  0
VERTEX
  8
85
  10
1093.299316
  20
475.649078
  0
VERTEX
  8
85
  10
1097.295166
  20
477.826843
  0
VERTEX
  8
85
  10
1101.283691
  20
480.019501
  0
VERTEX
  8
85
  10
1105.265747
  20
482.225891
  0
VERTEX
  8
85
  10
1109.241699
  20
484.444916
  0
VERTEX
  8
85
  10
1113.212280
  20
486.675415
  0
VERTEX
  8
85
  10
1117.178101
  20
488.916260
  0
VERTEX
  8
85
  10
1121.139648
  20
491.166290
  0
VERTEX
  8
85
  10
1125.097412
  20
493.424438
  0
VERTEX
  8
85
  10
1129.052124
  20
495.689514
  0
VERTEX
  8
85
  10
1133.004395
  20
497.960388
  0
VERTEX
  8
85
  10
1136.954834
  20
500.235931
  0
VERTEX
  8
85
  10
1140.903809
  20
502.515015
  0
VERTEX
  8
85
  10
1144.852173
  20
504.796478
  0
VERTEX
  8
85
  10
1148.800293
  20
507.079224
  0
VERTEX
  8
85
  10
980.771912
  20
761.381165
  0
VERTEX
  8
85
  10
977.902283
  20
759.726196
  0
VERTEX
  8
85
  10
975.032349
  20
758.072876
  0
VERTEX
  8
85
  10
972.161316
  20
756.422485
  0
VERTEX
  8
85
  10
969.288513
  20
754.776489
  0
VERTEX
  8
85
  10
966.413147
  20
753.136353
  0
VERTEX
  8
85
  10
963.534546
  20
751.503540
  0
VERTEX
  8
85
  10
960.651917
  20
749.879456
  0
VERTEX
  8
85
  10
957.764526
  20
748.265503
  0
VERTEX
  8
85
  10
954.871704
  20
746.663147
  0
VERTEX
  8
85
  10
951.972656
  20
745.073792
  0
VERTEX
  8
85
  10
949.066650
  20
743.498901
  0
VERTEX
  8
85
  10
946.152954
  20
741.939941
  0
VERTEX
  8
85
  10
943.230835
  20
740.398254
  0
VERTEX
  8
85
  10
940.299500
  20
738.875305
  0
VERTEX
  8
85
  10
937.358276
  20
737.372559
  0
VERTEX
  8
85
  10
934.406494
  20
735.891418
  0
VERTEX
  8
85
  10
931.443237
  20
734.433350
  0
VERTEX
  8
85
  10
928.467896
  20
732.999756
  0
VERTEX
  8
85
  10
925.479736
  20
731.592041
  0
VERTEX
  8
85
  10
922.477905
  20
730.211731
  0
VERTEX
  8
85
  10
919.461792
  20
728.860168
  0
VERTEX
  8
85
  10
916.430664
  20
727.538818
  0
VERTEX
  8
85
  10
914.120972
  20
726.557434
  0
VERTEX
  8
85
  10
911.802917
  20
725.594482
  0
VERTEX
  8
85
  10
909.476624
  20
724.649963
  0
VERTEX
  8
85
  10
907.142334
  20
723.723999
  0
VERTEX
  8
85
  10
904.800171
  20
722.816650
  0
VERTEX
  8
85
  10
902.450439
  20
721.927979
  0
VERTEX
  8
85
  10
900.093262
  20
721.057983
  0
VERTEX
  8
85
  10
897.728882
  20
720.206726
  0
VERTEX
  8
85
  10
895.357483
  20
719.374390
  0
VERTEX
  8
85
  10
892.979248
  20
718.560913
  0
VERTEX
  8
85
  10
890.594360
  20
717.766357
  0
VERTEX
  8
85
  10
888.203125
  20
716.990845
  0
VERTEX
  8
85
  10
885.805603
  20
716.234375
  0
VERTEX
  8
85
  10
883.402039
  20
715.497070
  0
VERTEX
  8
85
  10
880.992676
  20
714.778931
  0
VERTEX
  8
85
  10
878.577698
  20
714.080078
  0
VERTEX
  8
85
  10
876.157288
  20
713.400513
  0
VERTEX
  8
85
  10
873.731628
  20
712.740295
  0
VERTEX
  8
85
  10
871.300964
  20
712.099548
  0
VERTEX
  8
85
  10
868.865417
  20
711.478271
  0
VERTEX
  8
85
  10
866.425293
  20
710.876526
  0
VERTEX
  8
85
  10
863.980652
  20
710.294434
  0
VERTEX
  8
85
  10
861.531860
  20
709.731995
  0
VERTEX
  8
85
  10
859.078979
  20
709.189270
  0
VERTEX
  8
85
  10
856.622314
  20
708.666382
  0
VERTEX
  8
85
  10
854.161987
  20
708.163330
  0
VERTEX
  8
85
  10
851.698181
  20
707.680176
  0
VERTEX
  8
85
  10
849.231201
  20
707.216980
  0
VERTEX
  8
85
  10
846.761108
  20
706.773804
  0
VERTEX
  8
85
  10
843.501160
  20
706.220154
  0
VERTEX
  8
85
  10
840.237305
  20
705.700073
  0
VERTEX
  8
85
  10
836.969666
  20
705.211975
  0
VERTEX
  8
85
  10
833.698425
  20
704.754150
  0
VERTEX
  8
85
  10
830.423706
  20
704.325134
  0
VERTEX
  8
85
  10
827.145752
  20
703.923218
  0
VERTEX
  8
85
  10
823.864746
  20
703.546875
  0
VERTEX
  8
85
  10
820.580750
  20
703.194397
  0
VERTEX
  8
85
  10
817.294006
  20
702.864319
  0
VERTEX
  8
85
  10
814.004639
  20
702.554932
  0
VERTEX
  8
85
  10
810.712830
  20
702.264587
  0
VERTEX
  8
85
  10
807.418823
  20
701.991821
  0
VERTEX
  8
85
  10
804.122681
  20
701.734985
  0
VERTEX
  8
85
  10
800.824646
  20
701.492432
  0
VERTEX
  8
85
  10
797.524780
  20
701.262573
  0
VERTEX
  8
85
  10
794.223389
  20
701.043884
  0
VERTEX
  8
85
  10
790.920593
  20
700.834595
  0
VERTEX
  8
85
  10
787.616455
  20
700.633301
  0
VERTEX
  8
85
  10
784.311279
  20
700.438232
  0
VERTEX
  8
85
  10
781.005188
  20
700.247864
  0
VERTEX
  8
85
  10
777.698364
  20
700.060547
  0
VERTEX
  8
85
  10
774.390930
  20
699.874756
  0
SEQEND
  0
TEXT
  8
1
  10
774.390991
  20
578.227966
  50
0.000000
  1
PIECE NAME: Pattern_669883
  7
STANDARD
  0
TEXT
  8
1
  10
774.390991
  20
573.227966
  50
0.000000
  1
SIZE: M
  7
STANDARD
  0
TEXT
  8
1
  10
774.390991
  20
563.227966
  50
0.000000
  1
QUANTITY: 1
  7
STANDARD
  0
ENDBLK
  0
BLOCK
  8
1
  2
9_M
  70
64
  10
0
  20
0
  0
POLYLINE
  8
1
  66
1
  70
1
  250
0
  0
VERTEX
  8
1
  10
804.303223
  20
831.634033
  0
VERTEX
  8
1
  10
714.444214
  20
831.634033
  0
VERTEX
  8
1
  10
691.976318
  20
831.500366
  0
VERTEX
  8
1
  10
669.514771
  20
831.634033
  0
VERTEX
  8
1
  10
646.538452
  20
832.234619
  0
VERTEX
  8
1
  10
623.643188
  20
833.786743
  0
VERTEX
  8
1
  10
607.890320
  20
835.866821
  0
VERTEX
  8
1
  10
587.186279
  20
839.773560
  0
VERTEX
  8
1
  10
630.692139
  20
1021.634033
  0
VERTEX
  8
1
  10
632.111328
  20
1034.387085
  0
VERTEX
  8
1
  10
633.028442
  20
1047.186279
  0
VERTEX
  8
1
  10
633.404419
  20
1060.012451
  0
VERTEX
  8
1
  10
633.241943
  20
1072.843506
  0
VERTEX
  8
1
  10
632.479248
  20
1089.864990
  0
VERTEX
  8
1
  10
631.429321
  20
1106.866333
  0
VERTEX
  8
1
  10
630.188538
  20
1123.858521
  0
VERTEX
  8
1
  10
628.751526
  20
1140.829956
  0
VERTEX
  8
1
  10
627.091492
  20
1157.787354
  0
VERTEX
  8
1
  10
625.239685
  20
1174.718506
  0
VERTEX
  8
1
  10
623.193481
  20
1191.634033
  0
VERTEX
  8
1
  10
629.172363
  20
1195.942383
  0
VERTEX
  8
1
  10
634.595703
  20
1200.808105
  0
VERTEX
  8
1
  10
639.537720
  20
1206.218262
  0
VERTEX
  8
1
  10
643.776611
  20
1212.165527
  0
VERTEX
  8
1
  10
647.103027
  20
1218.674438
  0
VERTEX
  8
1
  10
649.613037
  20
1225.561646
  0
VERTEX
  8
1
  10
651.309814
  20
1232.670410
  0
VERTEX
  8
1
  10
652.360596
  20
1239.930542
  0
VERTEX
  8
1
  10
652.908447
  20
1247.229126
  0
VERTEX
  8
1
  10
653.078613
  20
1254.559448
  0
VERTEX
  8
1
  10
652.817139
  20
1269.207275
  0
VERTEX
  8
1
  10
652.293457
  20
1281.291016
  0
VERTEX
  8
1
  10
652.108765
  20
1283.838623
  0
VERTEX
  8
1
  10
651.337891
  20
1291.120850
  0
VERTEX
  8
1
  10
650.350342
  20
1298.380859
  0
VERTEX
  8
1
  10
647.911621
  20
1312.827271
  0
VERTEX
  8
1
  10
644.971985
  20
1327.179565
  0
VERTEX
  8
1
  10
641.772278
  20
1341.477051
  0
VERTEX
  8
1
  10
638.269836
  20
1355.701294
  0
VERTEX
  8
1
  10
634.086731
  20
1369.742432
  0
VERTEX
  8
1
  10
629.484436
  20
1383.650635
  0
VERTEX
  8
1
  10
729.302979
  20
1416.634155
  0
VERTEX
  8
1
  10
733.038208
  20
1411.618652
  0
VERTEX
  8
1
  10
737.500000
  20
1407.235840
  0
VERTEX
  8
1
  10
742.471252
  20
1403.438354
  0
VERTEX
  8
1
  10
747.812317
  20
1400.183838
  0
VERTEX
  8
1
  10
753.536682
  20
1397.662842
  0
VERTEX
  8
1
  10
759.466858
  20
1395.669922
  0
VERTEX
  8
1
  10
765.531555
  20
1394.133911
  0
VERTEX
  8
1
  10
771.685852
  20
1393.009277
  0
VERTEX
  8
1
  10
779.837585
  20
1392.226807
  0
VERTEX
  8
1
  10
787.979675
  20
1391.889160
  0
VERTEX
  8
1
  10
796.082825
  20
1391.708008
  0
VERTEX
  8
1
  10
804.303040
  20
1391.634155
  0
VERTEX
  8
1
  10
812.523254
  20
1391.708008
  0
VERTEX
  8
1
  10
820.626404
  20
1391.889160
  0
VERTEX
  8
1
  10
828.768494
  20
1392.226807
  0
VERTEX
  8
1
  10
836.920227
  20
1393.009277
  0
VERTEX
  8
1
  10
843.074524
  20
1394.133911
  0
VERTEX
  8
1
  10
849.139221
  20
1395.669922
  0
VERTEX
  8
1
  10
855.069397
  20
1397.662842
  0
VERTEX
  8
1
  10
860.793762
  20
1400.183838
  0
VERTEX
  8
1
  10
866.134827
  20
1403.438354
  0
VERTEX
  8
1
  10
871.105957
  20
1407.235840
  0
VERTEX
  8
1
  10
875.567749
  20
1411.618652
  0
VERTEX
  8
1
  10
879.302979
  20
1416.634155
  0
VERTEX
  8
1
  10
979.121643
  20
1383.650879
  0
VERTEX
  8
1
  10
974.519348
  20
1369.742676
  0
VERTEX
  8
1
  10
970.336243
  20
1355.701538
  0
VERTEX
  8
1
  10
966.833801
  20
1341.477295
  0
VERTEX
  8
1
  10
963.634094
  20
1327.179810
  0
VERTEX
  8
1
  10
960.694458
  20
1312.827515
  0
VERTEX
  8
1
  10
958.255737
  20
1298.381104
  0
VERTEX
  8
1
  10
957.268188
  20
1291.121094
  0
VERTEX
  8
1
  10
956.497314
  20
1283.838867
  0
VERTEX
  8
1
  10
956.312622
  20
1281.291260
  0
VERTEX
  8
1
  10
955.788940
  20
1269.207520
  0
VERTEX
  8
1
  10
955.527466
  20
1254.559692
  0
VERTEX
  8
1
  10
955.697632
  20
1247.229370
  0
VERTEX
  8
1
  10
956.245483
  20
1239.930786
  0
VERTEX
  8
1
  10
957.296265
  20
1232.670410
  0
VERTEX
  8
1
  10
958.993042
  20
1225.561890
  0
VERTEX
  8
1
  10
961.503052
  20
1218.674683
  0
VERTEX
  8
1
  10
964.829468
  20
1212.165771
  0
VERTEX
  8
1
  10
969.068359
  20
1206.218506
  0
VERTEX
  8
1
  10
974.010376
  20
1200.808350
  0
VERTEX
  8
1
  10
979.433716
  20
1195.942627
  0
VERTEX
  8
1
  10
985.412720
  20
1191.634277
  0
VERTEX
  8
1
  10
983.366638
  20
1174.718750
  0
VERTEX
  8
1
  10
981.514832
  20
1157.787598
  0
VERTEX
  8
1
  10
979.854797
  20
1140.830200
  0
VERTEX
  8
1
  10
978.417786
  20
1123.858765
  0
VERTEX
  8
1
  10
977.176880
  20
1106.866577
  0
VERTEX
  8
1
  10
976.126953
  20
1089.864990
  0
VERTEX
  8
1
  10
975.364258
  20
1072.843506
  0
VERTEX
  8
1
  10
975.201782
  20
1060.012451
  0
VERTEX
  8
1
  10
975.577759
  20
1047.186279
  0
VERTEX
  8
1
  10
976.494995
  20
1034.387329
  0
VERTEX
  8
1
  10
977.914185
  20
1021.634155
  0
VERTEX
  8
1
  10
1021.420166
  20
839.773804
  0
VERTEX
  8
1
  10
1000.716125
  20
835.866943
  0
VERTEX
  8
1
  10
984.963257
  20
833.786865
  0
VERTEX
  8
1
  10
962.067993
  20
832.234741
  0
VERTEX
  8
1
  10
939.091675
  20
831.634155
  0
VERTEX
  8
1
  10
916.630127
  20
831.500488
  0
VERTEX
  8
1
  10
894.162231
  20
831.634155
  0
SEQEND
  0
TEXT
  8
1
  10
804.303223
  20
831.634033
  40
0.250000
  50
0.000000
  1
# 16
  7
STANDARD
  0
TEXT
  8
1
  10
587.186279
  20
839.773560
  40
0.250000
  50
0.000000
  1
# 17
  7
STANDARD
  0
TEXT
  8
1
  10
630.692139
  20
1021.634033
  40
0.250000
  50
0.000000
  1
# 18
  7
STANDARD
  0
TEXT
  8
1
  10
623.193481
  20
1191.634033
  40
0.250000
  50
0.000000
  1
# 19
  7
STANDARD
  0
TEXT
  8
1
  10
629.484436
  20
1383.650635
  40
0.250000
  50
0.000000
  1
# 20
  7
STANDARD
  0
TEXT
  8
1
  10
729.302979
  20
1416.634155
  40
0.250000
  50
0.000000
  1
# 21
  7
STANDARD
  0
TEXT
  8
1
  10
804.303040
  20
1391.634155
  40
0.250000
  50
0.000000
  1
# 22
  7
STANDARD
  0
TEXT
  8
1
  10
879.302979
  20
1416.634155
  40
0.250000
  50
0.000000
  1
# 21
  7
STANDARD
  0
TEXT
  8
1
  10
979.121643
  20
1383.650879
  40
0.250000
  50
0.000000
  1
# 20
  7
STANDARD
  0
TEXT
  8
1
  10
985.412720
  20
1191.634277
  40
0.250000
  50
0.000000
  1
# 19
  7
STANDARD
  0
TEXT
  8
1
  10
977.914185
  20
1021.634155
  40
0.250000
  50
0.000000
  1
# 18
  7
STANDARD
  0
TEXT
  8
1
  10
1021.420166
  20
839.773804
  40
0.250000
  50
0.000000
  1
# 17
  7
STANDARD
  0
POINT
  8
2
  10
804.303223
  20
831.634033
  0
POINT
  8
2
  10
587.186279
  20
839.773560
  0
POINT
  8
2
  10
630.692139
  20
1021.634033
  0
POINT
  8
2
  10
623.193481
  20
1191.634033
  0
POINT
  8
2
  10
629.484436
  20
1383.650635
  0
POINT
  8
2
  10
729.302979
  20
1416.634155
  0
POINT
  8
2
  10
804.303040
  20
1391.634155
  0
POINT
  8
2
  10
879.302979
  20
1416.634155
  0
POINT
  8
2
  10
979.121643
  20
1383.650879
  0
POINT
  8
2
  10
985.412720
  20
1191.634277
  0
POINT
  8
2
  10
977.914185
  20
1021.634155
  0
POINT
  8
2
  10
1021.420166
  20
839.773804
  0
POINT
  8
3
  10
714.444214
  20
831.634033
  0
POINT
  8
3
  10
691.976318
  20
831.500366
  0
POINT
  8
3
  10
669.514771
  20
831.634033
  0
POINT
  8
3
  10
646.538452
  20
832.234619
  0
POINT
  8
3
  10
623.643188
  20
833.786743
  0
POINT
  8
3
  10
607.890320
  20
835.866821
  0
POINT
  8
3
  10
632.111328
  20
1034.387085
  0
POINT
  8
3
  10
633.028442
  20
1047.186279
  0
POINT
  8
3
  10
633.404419
  20
1060.012451
  0
POINT
  8
3
  10
633.241943
  20
1072.843506
  0
POINT
  8
3
  10
632.479248
  20
1089.864990
  0
POINT
  8
3
  10
631.429321
  20
1106.866333
  0
POINT
  8
3
  10
630.188538
  20
1123.858521
  0
POINT
  8
3
  10
628.751526
  20
1140.829956
  0
POINT
  8
3
  10
627.091492
  20
1157.787354
  0
POINT
  8
3
  10
625.239685
  20
1174.718506
  0
POINT
  8
3
  10
629.172363
  20
1195.942383
  0
POINT
  8
3
  10
634.595703
  20
1200.808105
  0
POINT
  8
3
  10
639.537720
  20
1206.218262
  0
POINT
  8
3
  10
643.776611
  20
1212.165527
  0
POINT
  8
3
  10
647.103027
  20
1218.674438
  0
POINT
  8
3
  10
649.613037
  20
1225.561646
  0
POINT
  8
3
  10
651.309814
  20
1232.670410
  0
POINT
  8
3
  10
652.360596
  20
1239.930542
  0
POINT
  8
3
  10
652.908447
  20
1247.229126
  0
POINT
  8
3
  10
653.078613
  20
1254.559448
  0
POINT
  8
3
  10
652.817139
  20
1269.207275
  0
POINT
  8
3
  10
652.293457
  20
1281.291016
  0
POINT
  8
3
  10
652.108765
  20
1283.838623
  0
POINT
  8
3
  10
651.337891
  20
1291.120850
  0
POINT
  8
3
  10
650.350342
  20
1298.380859
  0
POINT
  8
3
  10
647.911621
  20
1312.827271
  0
POINT
  8
3
  10
644.971985
  20
1327.179565
  0
POINT
  8
3
  10
641.772278
  20
1341.477051
  0
POINT
  8
3
  10
638.269836
  20
1355.701294
  0
POINT
  8
3
  10
634.086731
  20
1369.742432
  0
POINT
  8
3
  10
733.038208
  20
1411.618652
  0
POINT
  8
3
  10
737.500000
  20
1407.235840
  0
POINT
  8
3
  10
742.471252
  20
1403.438354
  0
POINT
  8
3
  10
747.812317
  20
1400.183838
  0
POINT
  8
3
  10
753.536682
  20
1397.662842
  0
POINT
  8
3
  10
759.466858
  20
1395.669922
  0
POINT
  8
3
  10
765.531555
  20
1394.133911
  0
POINT
  8
3
  10
771.685852
  20
1393.009277
  0
POINT
  8
3
  10
779.837585
  20
1392.226807
  0
POINT
  8
3
  10
787.979675
  20
1391.889160
  0
POINT
  8
3
  10
796.082825
  20
1391.708008
  0
POINT
  8
3
  10
812.523254
  20
1391.708008
  0
POINT
  8
3
  10
820.626404
  20
1391.889160
  0
POINT
  8
3
  10
828.768494
  20
1392.226807
  0
POINT
  8
3
  10
836.920227
  20
1393.009277
  0
POINT
  8
3
  10
843.074524
  20
1394.133911
  0
POINT
  8
3
  10
849.139221
  20
1395.669922
  0
POINT
  8
3
  10
855.069397
  20
1397.662842
  0
POINT
  8
3
  10
860.793762
  20
1400.183838
  0
POINT
  8
3
  10
866.134827
  20
1403.438354
  0
POINT
  8
3
  10
871.105957
  20
1407.235840
  0
POINT
  8
3
  10
875.567749
  20
1411.618652
  0
POINT
  8
3
  10
974.519348
  20
1369.742676
  0
POINT
  8
3
  10
970.336243
  20
1355.701538
  0
POINT
  8
3
  10
966.833801
  20
1341.477295
  0
POINT
  8
3
  10
963.634094
  20
1327.179810
  0
POINT
  8
3
  10
960.694458
  20
1312.827515
  0
POINT
  8
3
  10
958.255737
  20
1298.381104
  0
POINT
  8
3
  10
957.268188
  20
1291.121094
  0
POINT
  8
3
  10
956.497314
  20
1283.838867
  0
POINT
  8
3
  10
956.312622
  20
1281.291260
  0
POINT
  8
3
  10
955.788940
  20
1269.207520
  0
POINT
  8
3
  10
955.527466
  20
1254.559692
  0
POINT
  8
3
  10
955.697632
  20
1247.229370
  0
POINT
  8
3
  10
956.245483
  20
1239.930786
  0
POINT
  8
3
  10
957.296265
  20
1232.670410
  0
POINT
  8
3
  10
958.993042
  20
1225.561890
  0
POINT
  8
3
  10
961.503052
  20
1218.674683
  0
POINT
  8
3
  10
964.829468
  20
1212.165771
  0
POINT
  8
3
  10
969.068359
  20
1206.218506
  0
POINT
  8
3
  10
974.010376
  20
1200.808350
  0
POINT
  8
3
  10
979.433716
  20
1195.942627
  0
POINT
  8
3
  10
983.366638
  20
1174.718750
  0
POINT
  8
3
  10
981.514832
  20
1157.787598
  0
POINT
  8
3
  10
979.854797
  20
1140.830200
  0
POINT
  8
3
  10
978.417786
  20
1123.858765
  0
POINT
  8
3
  10
977.176880
  20
1106.866577
  0
POINT
  8
3
  10
976.126953
  20
1089.864990
  0
POINT
  8
3
  10
975.364258
  20
1072.843506
  0
POINT
  8
3
  10
975.201782
  20
1060.012451
  0
POINT
  8
3
  10
975.577759
  20
1047.186279
  0
POINT
  8
3
  10
976.494995
  20
1034.387329
  0
POINT
  8
3
  10
1000.716125
  20
835.866943
  0
POINT
  8
3
  10
984.963257
  20
833.786865
  0
POINT
  8
3
  10
962.067993
  20
832.234741
  0
POINT
  8
3
  10
939.091675
  20
831.634155
  0
POINT
  8
3
  10
916.630127
  20
831.500488
  0
POINT
  8
3
  10
894.162231
  20
831.634155
  0
POLYLINE
  8
84
  66
1
  70
1
  250
1
  0
VERTEX
  8
84
  10
789.322510
  20
831.683228
  0
VERTEX
  8
84
  10
774.346680
  20
831.723816
  0
VERTEX
  8
84
  10
759.373352
  20
831.747437
  0
VERTEX
  8
84
  10
744.400085
  20
831.745850
  0
VERTEX
  8
84
  10
729.424500
  20
831.710815
  0
VERTEX
  8
84
  10
714.444214
  20
831.634033
  0
VERTEX
  8
84
  10
691.976318
  20
831.500366
  0
VERTEX
  8
84
  10
680.745300
  20
831.522339
  0
VERTEX
  8
84
  10
669.514771
  20
831.634033
  0
VERTEX
  8
84
  10
661.853821
  20
831.767578
  0
VERTEX
  8
84
  10
654.196533
  20
831.962158
  0
VERTEX
  8
84
  10
646.538452
  20
832.234619
  0
VERTEX
  8
84
  10
641.951599
  20
832.442749
  0
VERTEX
  8
84
  10
637.368347
  20
832.693237
  0
VERTEX
  8
84
  10
632.789062
  20
832.994873
  0
VERTEX
  8
84
  10
628.213928
  20
833.356445
  0
VERTEX
  8
84
  10
623.643188
  20
833.786743
  0
VERTEX
  8
84
  10
618.378357
  20
834.377625
  0
VERTEX
  8
84
  10
613.127686
  20
835.070984
  0
VERTEX
  8
84
  10
607.890320
  20
835.866821
  0
VERTEX
  8
84
  10
600.970825
  20
837.069458
  0
VERTEX
  8
84
  10
594.074463
  20
838.391541
  0
VERTEX
  8
84
  10
587.186279
  20
839.773560
  0
VERTEX
  8
84
  10
630.692139
  20
1021.634033
  0
VERTEX
  8
84
  10
632.111328
  20
1034.387085
  0
VERTEX
  8
84
  10
632.640808
  20
1040.781250
  0
VERTEX
  8
84
  10
633.028442
  20
1047.186279
  0
VERTEX
  8
84
  10
633.284973
  20
1053.597534
  0
VERTEX
  8
84
  10
633.404419
  20
1060.012451
  0
VERTEX
  8
84
  10
633.383057
  20
1066.428589
  0
VERTEX
  8
84
  10
633.241943
  20
1072.843506
  0
VERTEX
  8
84
  10
632.915161
  20
1081.356567
  0
VERTEX
  8
84
  10
632.479248
  20
1089.864990
  0
VERTEX
  8
84
  10
631.429321
  20
1106.866333
  0
VERTEX
  8
84
  10
630.188538
  20
1123.858521
  0
VERTEX
  8
84
  10
628.751526
  20
1140.829956
  0
VERTEX
  8
84
  10
627.091492
  20
1157.787354
  0
VERTEX
  8
84
  10
625.239685
  20
1174.718506
  0
VERTEX
  8
84
  10
623.193481
  20
1191.634033
  0
VERTEX
  8
84
  10
629.172363
  20
1195.942383
  0
VERTEX
  8
84
  10
631.950317
  20
1198.298584
  0
VERTEX
  8
84
  10
634.595703
  20
1200.808105
  0
VERTEX
  8
84
  10
637.136475
  20
1203.450195
  0
VERTEX
  8
84
  10
639.537720
  20
1206.218262
  0
VERTEX
  8
84
  10
641.762207
  20
1209.117920
  0
VERTEX
  8
84
  10
643.776611
  20
1212.165527
  0
VERTEX
  8
84
  10
645.551270
  20
1215.361572
  0
VERTEX
  8
84
  10
647.103027
  20
1218.674438
  0
VERTEX
  8
84
  10
648.460022
  20
1222.081787
  0
VERTEX
  8
84
  10
649.613037
  20
1225.561646
  0
VERTEX
  8
84
  10
650.554810
  20
1229.093140
  0
VERTEX
  8
84
  10
651.309814
  20
1232.670410
  0
VERTEX
  8
84
  10
652.360596
  20
1239.930542
  0
VERTEX
  8
84
  10
652.908447
  20
1247.229126
  0
VERTEX
  8
84
  10
653.078613
  20
1254.559448
  0
VERTEX
  8
84
  10
653.012085
  20
1261.883911
  0
VERTEX
  8
84
  10
652.817139
  20
1269.207275
  0
VERTEX
  8
84
  10
652.606262
  20
1275.251831
  0
VERTEX
  8
84
  10
652.293457
  20
1281.291016
  0
VERTEX
  8
84
  10
652.108765
  20
1283.838623
  0
VERTEX
  8
84
  10
651.337891
  20
1291.120850
  0
VERTEX
  8
84
  10
650.350342
  20
1298.380859
  0
VERTEX
  8
84
  10
649.204285
  20
1305.616211
  0
VERTEX
  8
84
  10
647.911621
  20
1312.827271
  0
VERTEX
  8
84
  10
646.488708
  20
1320.012939
  0
VERTEX
  8
84
  10
644.971985
  20
1327.179565
  0
VERTEX
  8
84
  10
641.772278
  20
1341.477051
  0
VERTEX
  8
84
  10
640.087036
  20
1348.605957
  0
VERTEX
  8
84
  10
638.269836
  20
1355.701294
  0
VERTEX
  8
84
  10
636.258423
  20
1362.745117
  0
VERTEX
  8
84
  10
634.086731
  20
1369.742432
  0
VERTEX
  8
84
  10
629.484436
  20
1383.650635
  0
VERTEX
  8
84
  10
729.302979
  20
1416.634155
  0
VERTEX
  8
84
  10
733.038208
  20
1411.618652
  0
VERTEX
  8
84
  10
735.180725
  20
1409.341431
  0
VERTEX
  8
84
  10
737.500000
  20
1407.235840
  0
VERTEX
  8
84
  10
742.471252
  20
1403.438354
  0
VERTEX
  8
84
  10
745.092651
  20
1401.728027
  0
VERTEX
  8
84
  10
747.812317
  20
1400.183838
  0
VERTEX
  8
84
  10
753.536682
  20
1397.662842
  0
VERTEX
  8
84
  10
759.466858
  20
1395.669922
  0
VERTEX
  8
84
  10
765.531555
  20
1394.133911
  0
VERTEX
  8
84
  10
771.685852
  20
1393.009277
  0
VERTEX
  8
84
  10
775.752808
  20
1392.534668
  0
VERTEX
  8
84
  10
779.837585
  20
1392.226807
  0
VERTEX
  8
84
  10
787.979675
  20
1391.889160
  0
VERTEX
  8
84
  10
796.082825
  20
1391.708008
  0
VERTEX
  8
84
  10
804.303040
  20
1391.634155
  0
VERTEX
  8
84
  10
812.523254
  20
1391.708008
  0
VERTEX
  8
84
  10
820.626404
  20
1391.889160
  0
VERTEX
  8
84
  10
828.768494
  20
1392.226807
  0
VERTEX
  8
84
  10
832.853210
  20
1392.534668
  0
VERTEX
  8
84
  10
836.920227
  20
1393.009277
  0
VERTEX
  8
84
  10
843.074524
  20
1394.133911
  0
VERTEX
  8
84
  10
849.139221
  20
1395.669922
  0
VERTEX
  8
84
  10
855.069397
  20
1397.662842
  0
VERTEX
  8
84
  10
860.793762
  20
1400.183838
  0
VERTEX
  8
84
  10
863.513428
  20
1401.728149
  0
VERTEX
  8
84
  10
866.134827
  20
1403.438354
  0
VERTEX
  8
84
  10
871.105957
  20
1407.235840
  0
VERTEX
  8
84
  10
873.425293
  20
1409.341431
  0
VERTEX
  8
84
  10
875.567749
  20
1411.618652
  0
VERTEX
  8
84
  10
879.302979
  20
1416.634155
  0
VERTEX
  8
84
  10
979.121643
  20
1383.650879
  0
VERTEX
  8
84
  10
974.519348
  20
1369.742676
  0
VERTEX
  8
84
  10
972.347595
  20
1362.745483
  0
VERTEX
  8
84
  10
970.336243
  20
1355.701538
  0
VERTEX
  8
84
  10
968.518982
  20
1348.606323
  0
VERTEX
  8
84
  10
966.833801
  20
1341.477295
  0
VERTEX
  8
84
  10
963.634094
  20
1327.179810
  0
VERTEX
  8
84
  10
962.117371
  20
1320.013306
  0
VERTEX
  8
84
  10
960.694458
  20
1312.827515
  0
VERTEX
  8
84
  10
959.401794
  20
1305.616577
  0
VERTEX
  8
84
  10
958.255737
  20
1298.381104
  0
VERTEX
  8
84
  10
957.268188
  20
1291.121094
  0
VERTEX
  8
84
  10
956.497314
  20
1283.838867
  0
VERTEX
  8
84
  10
956.312622
  20
1281.291260
  0
VERTEX
  8
84
  10
955.999878
  20
1275.252075
  0
VERTEX
  8
84
  10
955.788940
  20
1269.207520
  0
VERTEX
  8
84
  10
955.593994
  20
1261.884277
  0
VERTEX
  8
84
  10
955.527466
  20
1254.559692
  0
VERTEX
  8
84
  10
955.697632
  20
1247.229370
  0
VERTEX
  8
84
  10
956.245483
  20
1239.930786
  0
VERTEX
  8
84
  10
957.296265
  20
1232.670410
  0
VERTEX
  8
84
  10
958.051392
  20
1229.093384
  0
VERTEX
  8
84
  10
958.993042
  20
1225.561890
  0
VERTEX
  8
84
  10
960.146118
  20
1222.082153
  0
VERTEX
  8
84
  10
961.503052
  20
1218.674683
  0
VERTEX
  8
84
  10
963.054871
  20
1215.361938
  0
VERTEX
  8
84
  10
964.829468
  20
1212.165771
  0
VERTEX
  8
84
  10
966.843933
  20
1209.118286
  0
VERTEX
  8
84
  10
969.068359
  20
1206.218506
  0
VERTEX
  8
84
  10
971.469666
  20
1203.450562
  0
VERTEX
  8
84
  10
974.010376
  20
1200.808350
  0
VERTEX
  8
84
  10
976.655823
  20
1198.298950
  0
VERTEX
  8
84
  10
979.433716
  20
1195.942627
  0
VERTEX
  8
84
  10
985.412720
  20
1191.634277
  0
VERTEX
  8
84
  10
983.366638
  20
1174.718750
  0
VERTEX
  8
84
  10
981.514832
  20
1157.787598
  0
VERTEX
  8
84
  10
979.854797
  20
1140.830200
  0
VERTEX
  8
84
  10
978.417786
  20
1123.858765
  0
VERTEX
  8
84
  10
977.176880
  20
1106.866577
  0
VERTEX
  8
84
  10
976.126953
  20
1089.864990
  0
VERTEX
  8
84
  10
975.691040
  20
1081.356689
  0
VERTEX
  8
84
  10
975.364258
  20
1072.843506
  0
VERTEX
  8
84
  10
975.223206
  20
1066.428589
  0
VERTEX
  8
84
  10
975.201782
  20
1060.012451
  0
VERTEX
  8
84
  10
975.321228
  20
1053.597656
  0
VERTEX
  8
84
  10
975.577759
  20
1047.186279
  0
VERTEX
  8
84
  10
975.965515
  20
1040.781372
  0
VERTEX
  8
84
  10
976.494995
  20
1034.387329
  0
VERTEX
  8
84
  10
977.914185
  20
1021.634155
  0
VERTEX
  8
84
  10
1021.420166
  20
839.773804
  0
VERTEX
  8
84
  10
1014.531982
  20
838.391724
  0
VERTEX
  8
84
  10
1007.635620
  20
837.069641
  0
VERTEX
  8
84
  10
1000.716125
  20
835.866943
  0
VERTEX
  8
84
  10
995.478821
  20
835.071045
  0
VERTEX
  8
84
  10
990.228149
  20
834.377747
  0
VERTEX
  8
84
  10
984.963257
  20
833.786865
  0
VERTEX
  8
84
  10
980.392578
  20
833.356567
  0
VERTEX
  8
84
  10
975.817444
  20
832.994995
  0
VERTEX
  8
84
  10
971.238159
  20
832.693359
  0
VERTEX
  8
84
  10
966.654907
  20
832.442871
  0
VERTEX
  8
84
  10
962.067993
  20
832.234741
  0
VERTEX
  8
84
  10
954.409973
  20
831.962280
  0
VERTEX
  8
84
  10
946.752686
  20
831.767639
  0
VERTEX
  8
84
  10
939.091675
  20
831.634155
  0
VERTEX
  8
84
  10
927.861206
  20
831.522339
  0
VERTEX
  8
84
  10
916.630127
  20
831.500488
  0
VERTEX
  8
84
  10
894.162231
  20
831.634155
  0
VERTEX
  8
84
  10
879.182007
  20
831.711060
  0
VERTEX
  8
84
  10
864.206421
  20
831.746155
  0
VERTEX
  8
84
  10
849.233154
  20
831.747681
  0
VERTEX
  8
84
  10
834.259827
  20
831.723938
  0
VERTEX
  8
84
  10
819.283997
  20
831.683289
  0
VERTEX
  8
84
  10
804.303223
  20
831.634033
  0
SEQEND
  0
LINE
  8
7
  10
804.303223
  20
1034.067261
  11
804.303223
  21
1214.067261
  0
POLYLINE
  8
14
  66
1
  70
1
  250
2
  0
VERTEX
  8
14
  10
804.303223
  20
831.634033
  0
VERTEX
  8
14
  10
714.444214
  20
831.634033
  0
VERTEX
  8
14
  10
691.976318
  20
831.500366
  0
VERTEX
  8
14
  10
669.514771
  20
831.634033
  0
VERTEX
  8
14
  10
646.538452
  20
832.234619
  0
VERTEX
  8
14
  10
623.643188
  20
833.786743
  0
VERTEX
  8
14
  10
607.890320
  20
835.866821
  0
VERTEX
  8
14
  10
587.186279
  20
839.773560
  0
VERTEX
  8
14
  10
630.692139
  20
1021.634033
  0
VERTEX
  8
14
  10
632.111328
  20
1034.387085
  0
VERTEX
  8
14
  10
633.028442
  20
1047.186279
  0
VERTEX
  8
14
  10
633.404419
  20
1060.012451
  0
VERTEX
  8
14
  10
633.241943
  20
1072.843506
  0
VERTEX
  8
14
  10
632.479248
  20
1089.864990
  0
VERTEX
  8
14
  10
631.429321
  20
1106.866333
  0
VERTEX
  8
14
  10
630.188538
  20
1123.858521
  0
VERTEX
  8
14
  10
628.751526
  20
1140.829956
  0
VERTEX
  8
14
  10
627.091492
  20
1157.787354
  0
VERTEX
  8
14
  10
625.239685
  20
1174.718506
  0
VERTEX
  8
14
  10
623.193481
  20
1191.634033
  0
VERTEX
  8
14
  10
629.172363
  20
1195.942383
  0
VERTEX
  8
14
  10
634.595703
  20
1200.808105
  0
VERTEX
  8
14
  10
639.537720
  20
1206.218262
  0
VERTEX
  8
14
  10
643.776611
  20
1212.165527
  0
VERTEX
  8
14
  10
647.103027
  20
1218.674438
  0
VERTEX
  8
14
  10
649.613037
  20
1225.561646
  0
VERTEX
  8
14
  10
651.309814
  20
1232.670410
  0
VERTEX
  8
14
  10
652.360596
  20
1239.930542
  0
VERTEX
  8
14
  10
652.908447
  20
1247.229126
  0
VERTEX
  8
14
  10
653.078613
  20
1254.559448
  0
VERTEX
  8
14
  10
652.817139
  20
1269.207275
  0
VERTEX
  8
14
  10
652.293457
  20
1281.291016
  0
VERTEX
  8
14
  10
652.108765
  20
1283.838623
  0
VERTEX
  8
14
  10
651.337891
  20
1291.120850
  0
VERTEX
  8
14
  10
650.350342
  20
1298.380859
  0
VERTEX
  8
14
  10
647.911621
  20
1312.827271
  0
VERTEX
  8
14
  10
644.971985
  20
1327.179565
  0
VERTEX
  8
14
  10
641.772278
  20
1341.477051
  0
VERTEX
  8
14
  10
638.269836
  20
1355.701294
  0
VERTEX
  8
14
  10
634.086731
  20
1369.742432
  0
VERTEX
  8
14
  10
629.484436
  20
1383.650635
  0
VERTEX
  8
14
  10
729.302979
  20
1416.634155
  0
VERTEX
  8
14
  10
733.038208
  20
1411.618652
  0
VERTEX
  8
14
  10
737.500000
  20
1407.235840
  0
VERTEX
  8
14
  10
742.471252
  20
1403.438354
  0
VERTEX
  8
14
  10
747.812317
  20
1400.183838
  0
VERTEX
  8
14
  10
753.536682
  20
1397.662842
  0
VERTEX
  8
14
  10
759.466858
  20
1395.669922
  0
VERTEX
  8
14
  10
765.531555
  20
1394.133911
  0
VERTEX
  8
14
  10
771.685852
  20
1393.009277
  0
VERTEX
  8
14
  10
779.837585
  20
1392.226807
  0
VERTEX
  8
14
  10
787.979675
  20
1391.889160
  0
VERTEX
  8
14
  10
796.082825
  20
1391.708008
  0
VERTEX
  8
14
  10
804.303040
  20
1391.634155
  0
VERTEX
  8
14
  10
812.523254
  20
1391.708008
  0
VERTEX
  8
14
  10
820.626404
  20
1391.889160
  0
VERTEX
  8
14
  10
828.768494
  20
1392.226807
  0
VERTEX
  8
14
  10
836.920227
  20
1393.009277
  0
VERTEX
  8
14
  10
843.074524
  20
1394.133911
  0
VERTEX
  8
14
  10
849.139221
  20
1395.669922
  0
VERTEX
  8
14
  10
855.069397
  20
1397.662842
  0
VERTEX
  8
14
  10
860.793762
  20
1400.183838
  0
VERTEX
  8
14
  10
866.134827
  20
1403.438354
  0
VERTEX
  8
14
  10
871.105957
  20
1407.235840
  0
VERTEX
  8
14
  10
875.567749
  20
1411.618652
  0
VERTEX
  8
14
  10
879.302979
  20
1416.634155
  0
VERTEX
  8
14
  10
979.121643
  20
1383.650879
  0
VERTEX
  8
14
  10
974.519348
  20
1369.742676
  0
VERTEX
  8
14
  10
970.336243
  20
1355.701538
  0
VERTEX
  8
14
  10
966.833801
  20
1341.477295
  0
VERTEX
  8
14
  10
963.634094
  20
1327.179810
  0
VERTEX
  8
14
  10
960.694458
  20
1312.827515
  0
VERTEX
  8
14
  10
958.255737
  20
1298.381104
  0
VERTEX
  8
14
  10
957.268188
  20
1291.121094
  0
VERTEX
  8
14
  10
956.497314
  20
1283.838867
  0
VERTEX
  8
14
  10
956.312622
  20
1281.291260
  0
VERTEX
  8
14
  10
955.788940
  20
1269.207520
  0
VERTEX
  8
14
  10
955.527466
  20
1254.559692
  0
VERTEX
  8
14
  10
955.697632
  20
1247.229370
  0
VERTEX
  8
14
  10
956.245483
  20
1239.930786
  0
VERTEX
  8
14
  10
957.296265
  20
1232.670410
  0
VERTEX
  8
14
  10
958.993042
  20
1225.561890
  0
VERTEX
  8
14
  10
961.503052
  20
1218.674683
  0
VERTEX
  8
14
  10
964.829468
  20
1212.165771
  0
VERTEX
  8
14
  10
969.068359
  20
1206.218506
  0
VERTEX
  8
14
  10
974.010376
  20
1200.808350
  0
VERTEX
  8
14
  10
979.433716
  20
1195.942627
  0
VERTEX
  8
14
  10
985.412720
  20
1191.634277
  0
VERTEX
  8
14
  10
983.366638
  20
1174.718750
  0
VERTEX
  8
14
  10
981.514832
  20
1157.787598
  0
VERTEX
  8
14
  10
979.854797
  20
1140.830200
  0
VERTEX
  8
14
  10
978.417786
  20
1123.858765
  0
VERTEX
  8
14
  10
977.176880
  20
1106.866577
  0
VERTEX
  8
14
  10
976.126953
  20
1089.864990
  0
VERTEX
  8
14
  10
975.364258
  20
1072.843506
  0
VERTEX
  8
14
  10
975.201782
  20
1060.012451
  0
VERTEX
  8
14
  10
975.577759
  20
1047.186279
  0
VERTEX
  8
14
  10
976.494995
  20
1034.387329
  0
VERTEX
  8
14
  10
977.914185
  20
1021.634155
  0
VERTEX
  8
14
  10
1021.420166
  20
839.773804
  0
VERTEX
  8
14
  10
1000.716125
  20
835.866943
  0
VERTEX
  8
14
  10
984.963257
  20
833.786865
  0
VERTEX
  8
14
  10
962.067993
  20
832.234741
  0
VERTEX
  8
14
  10
939.091675
  20
831.634155
  0
VERTEX
  8
14
  10
916.630127
  20
831.500488
  0
VERTEX
  8
14
  10
894.162231
  20
831.634155
  0
SEQEND
  0
TEXT
  8
14
  10
804.303223
  20
831.634033
  40
0.250000
  50
0.000000
  1
# 16
  7
STANDARD
  0
TEXT
  8
14
  10
587.186279
  20
839.773560
  40
0.250000
  50
0.000000
  1
# 17
  7
STANDARD
  0
TEXT
  8
14
  10
630.692139
  20
1021.634033
  40
0.250000
  50
0.000000
  1
# 18
  7
STANDARD
  0
TEXT
  8
14
  10
623.193481
  20
1191.634033
  40
0.250000
  50
0.000000
  1
# 19
  7
STANDARD
  0
TEXT
  8
14
  10
629.484436
  20
1383.650635
  40
0.250000
  50
0.000000
  1
# 20
  7
STANDARD
  0
TEXT
  8
14
  10
729.302979
  20
1416.634155
  40
0.250000
  50
0.000000
  1
# 21
  7
STANDARD
  0
TEXT
  8
14
  10
804.303040
  20
1391.634155
  40
0.250000
  50
0.000000
  1
# 22
  7
STANDARD
  0
TEXT
  8
14
  10
879.302979
  20
1416.634155
  40
0.250000
  50
0.000000
  1
# 21
  7
STANDARD
  0
TEXT
  8
14
  10
979.121643
  20
1383.650879
  40
0.250000
  50
0.000000
  1
# 20
  7
STANDARD
  0
TEXT
  8
14
  10
985.412720
  20
1191.634277
  40
0.250000
  50
0.000000
  1
# 19
  7
STANDARD
  0
TEXT
  8
14
  10
977.914185
  20
1021.634155
  40
0.250000
  50
0.000000
  1
# 18
  7
STANDARD
  0
TEXT
  8
14
  10
1021.420166
  20
839.773804
  40
0.250000
  50
0.000000
  1
# 17
  7
STANDARD
  0
POINT
  8
2
  10
804.303223
  20
831.634033
  0
POINT
  8
2
  10
587.186279
  20
839.773560
  0
POINT
  8
2
  10
630.692139
  20
1021.634033
  0
POINT
  8
2
  10
623.193481
  20
1191.634033
  0
POINT
  8
2
  10
629.484436
  20
1383.650635
  0
POINT
  8
2
  10
729.302979
  20
1416.634155
  0
POINT
  8
2
  10
804.303040
  20
1391.634155
  0
POINT
  8
2
  10
879.302979
  20
1416.634155
  0
POINT
  8
2
  10
979.121643
  20
1383.650879
  0
POINT
  8
2
  10
985.412720
  20
1191.634277
  0
POINT
  8
2
  10
977.914185
  20
1021.634155
  0
POINT
  8
2
  10
1021.420166
  20
839.773804
  0
POINT
  8
3
  10
714.444214
  20
831.634033
  0
POINT
  8
3
  10
691.976318
  20
831.500366
  0
POINT
  8
3
  10
669.514771
  20
831.634033
  0
POINT
  8
3
  10
646.538452
  20
832.234619
  0
POINT
  8
3
  10
623.643188
  20
833.786743
  0
POINT
  8
3
  10
607.890320
  20
835.866821
  0
POINT
  8
3
  10
632.111328
  20
1034.387085
  0
POINT
  8
3
  10
633.028442
  20
1047.186279
  0
POINT
  8
3
  10
633.404419
  20
1060.012451
  0
POINT
  8
3
  10
633.241943
  20
1072.843506
  0
POINT
  8
3
  10
632.479248
  20
1089.864990
  0
POINT
  8
3
  10
631.429321
  20
1106.866333
  0
POINT
  8
3
  10
630.188538
  20
1123.858521
  0
POINT
  8
3
  10
628.751526
  20
1140.829956
  0
POINT
  8
3
  10
627.091492
  20
1157.787354
  0
POINT
  8
3
  10
625.239685
  20
1174.718506
  0
POINT
  8
3
  10
629.172363
  20
1195.942383
  0
POINT
  8
3
  10
634.595703
  20
1200.808105
  0
POINT
  8
3
  10
639.537720
  20
1206.218262
  0
POINT
  8
3
  10
643.776611
  20
1212.165527
  0
POINT
  8
3
  10
647.103027
  20
1218.674438
  0
POINT
  8
3
  10
649.613037
  20
1225.561646
  0
POINT
  8
3
  10
651.309814
  20
1232.670410
  0
POINT
  8
3
  10
652.360596
  20
1239.930542
  0
POINT
  8
3
  10
652.908447
  20
1247.229126
  0
POINT
  8
3
  10
653.078613
  20
1254.559448
  0
POINT
  8
3
  10
652.817139
  20
1269.207275
  0
POINT
  8
3
  10
652.293457
  20
1281.291016
  0
POINT
  8
3
  10
652.108765
  20
1283.838623
  0
POINT
  8
3
  10
651.337891
  20
1291.120850
  0
POINT
  8
3
  10
650.350342
  20
1298.380859
  0
POINT
  8
3
  10
647.911621
  20
1312.827271
  0
POINT
  8
3
  10
644.971985
  20
1327.179565
  0
POINT
  8
3
  10
641.772278
  20
1341.477051
  0
POINT
  8
3
  10
638.269836
  20
1355.701294
  0
POINT
  8
3
  10
634.086731
  20
1369.742432
  0
POINT
  8
3
  10
733.038208
  20
1411.618652
  0
POINT
  8
3
  10
737.500000
  20
1407.235840
  0
POINT
  8
3
  10
742.471252
  20
1403.438354
  0
POINT
  8
3
  10
747.812317
  20
1400.183838
  0
POINT
  8
3
  10
753.536682
  20
1397.662842
  0
POINT
  8
3
  10
759.466858
  20
1395.669922
  0
POINT
  8
3
  10
765.531555
  20
1394.133911
  0
POINT
  8
3
  10
771.685852
  20
1393.009277
  0
POINT
  8
3
  10
779.837585
  20
1392.226807
  0
POINT
  8
3
  10
787.979675
  20
1391.889160
  0
POINT
  8
3
  10
796.082825
  20
1391.708008
  0
POINT
  8
3
  10
812.523254
  20
1391.708008
  0
POINT
  8
3
  10
820.626404
  20
1391.889160
  0
POINT
  8
3
  10
828.768494
  20
1392.226807
  0
POINT
  8
3
  10
836.920227
  20
1393.009277
  0
POINT
  8
3
  10
843.074524
  20
1394.133911
  0
POINT
  8
3
  10
849.139221
  20
1395.669922
  0
POINT
  8
3
  10
855.069397
  20
1397.662842
  0
POINT
  8
3
  10
860.793762
  20
1400.183838
  0
POINT
  8
3
  10
866.134827
  20
1403.438354
  0
POINT
  8
3
  10
871.105957
  20
1407.235840
  0
POINT
  8
3
  10
875.567749
  20
1411.618652
  0
POINT
  8
3
  10
974.519348
  20
1369.742676
  0
POINT
  8
3
  10
970.336243
  20
1355.701538
  0
POINT
  8
3
  10
966.833801
  20
1341.477295
  0
POINT
  8
3
  10
963.634094
  20
1327.179810
  0
POINT
  8
3
  10
960.694458
  20
1312.827515
  0
POINT
  8
3
  10
958.255737
  20
1298.381104
  0
POINT
  8
3
  10
957.268188
  20
1291.121094
  0
POINT
  8
3
  10
956.497314
  20
1283.838867
  0
POINT
  8
3
  10
956.312622
  20
1281.291260
  0
POINT
  8
3
  10
955.788940
  20
1269.207520
  0
POINT
  8
3
  10
955.527466
  20
1254.559692
  0
POINT
  8
3
  10
955.697632
  20
1247.229370
  0
POINT
  8
3
  10
956.245483
  20
1239.930786
  0
POINT
  8
3
  10
957.296265
  20
1232.670410
  0
POINT
  8
3
  10
958.993042
  20
1225.561890
  0
POINT
  8
3
  10
961.503052
  20
1218.674683
  0
POINT
  8
3
  10
964.829468
  20
1212.165771
  0
POINT
  8
3
  10
969.068359
  20
1206.218506
  0
POINT
  8
3
  10
974.010376
  20
1200.808350
  0
POINT
  8
3
  10
979.433716
  20
1195.942627
  0
POINT
  8
3
  10
983.366638
  20
1174.718750
  0
POINT
  8
3
  10
981.514832
  20
1157.787598
  0
POINT
  8
3
  10
979.854797
  20
1140.830200
  0
POINT
  8
3
  10
978.417786
  20
1123.858765
  0
POINT
  8
3
  10
977.176880
  20
1106.866577
  0
POINT
  8
3
  10
976.126953
  20
1089.864990
  0
POINT
  8
3
  10
975.364258
  20
1072.843506
  0
POINT
  8
3
  10
975.201782
  20
1060.012451
  0
POINT
  8
3
  10
975.577759
  20
1047.186279
  0
POINT
  8
3
  10
976.494995
  20
1034.387329
  0
POINT
  8
3
  10
1000.716125
  20
835.866943
  0
POINT
  8
3
  10
984.963257
  20
833.786865
  0
POINT
  8
3
  10
962.067993
  20
832.234741
  0
POINT
  8
3
  10
939.091675
  20
831.634155
  0
POINT
  8
3
  10
916.630127
  20
831.500488
  0
POINT
  8
3
  10
894.162231
  20
831.634155
  0
TEXT
  8
15
  10
826.019226
  20
1089.476562
  40
8.250000
  50
90.000023
  999
11.000000
  1000
3
  1
9
  7
STANDARD
  0
POLYLINE
  8
87
  66
1
  70
1
  250
2
  0
VERTEX
  8
87
  10
789.322510
  20
831.683228
  0
VERTEX
  8
87
  10
774.346680
  20
831.723816
  0
VERTEX
  8
87
  10
759.373352
  20
831.747437
  0
VERTEX
  8
87
  10
744.400085
  20
831.745850
  0
VERTEX
  8
87
  10
729.424500
  20
831.710815
  0
VERTEX
  8
87
  10
714.444214
  20
831.634033
  0
VERTEX
  8
87
  10
691.976318
  20
831.500366
  0
VERTEX
  8
87
  10
680.745300
  20
831.522339
  0
VERTEX
  8
87
  10
669.514771
  20
831.634033
  0
VERTEX
  8
87
  10
661.853821
  20
831.767578
  0
VERTEX
  8
87
  10
654.196533
  20
831.962158
  0
VERTEX
  8
87
  10
646.538452
  20
832.234619
  0
VERTEX
  8
87
  10
641.951599
  20
832.442749
  0
VERTEX
  8
87
  10
637.368347
  20
832.693237
  0
VERTEX
  8
87
  10
632.789062
  20
832.994873
  0
VERTEX
  8
87
  10
628.213928
  20
833.356445
  0
VERTEX
  8
87
  10
623.643188
  20
833.786743
  0
VERTEX
  8
87
  10
618.378357
  20
834.377625
  0
VERTEX
  8
87
  10
613.127686
  20
835.070984
  0
VERTEX
  8
87
  10
607.890320
  20
835.866821
  0
VERTEX
  8
87
  10
600.970825
  20
837.069458
  0
VERTEX
  8
87
  10
594.074463
  20
838.391541
  0
VERTEX
  8
87
  10
587.186279
  20
839.773560
  0
VERTEX
  8
87
  10
630.692139
  20
1021.634033
  0
VERTEX
  8
87
  10
632.111328
  20
1034.387085
  0
VERTEX
  8
87
  10
632.640808
  20
1040.781250
  0
VERTEX
  8
87
  10
633.028442
  20
1047.186279
  0
VERTEX
  8
87
  10
633.284973
  20
1053.597534
  0
VERTEX
  8
87
  10
633.404419
  20
1060.012451
  0
VERTEX
  8
87
  10
633.383057
  20
1066.428589
  0
VERTEX
  8
87
  10
633.241943
  20
1072.843506
  0
VERTEX
  8
87
  10
632.915161
  20
1081.356567
  0
VERTEX
  8
87
  10
632.479248
  20
1089.864990
  0
VERTEX
  8
87
  10
631.429321
  20
1106.866333
  0
VERTEX
  8
87
  10
630.188538
  20
1123.858521
  0
VERTEX
  8
87
  10
628.751526
  20
1140.829956
  0
VERTEX
  8
87
  10
627.091492
  20
1157.787354
  0
VERTEX
  8
87
  10
625.239685
  20
1174.718506
  0
VERTEX
  8
87
  10
623.193481
  20
1191.634033
  0
VERTEX
  8
87
  10
629.172363
  20
1195.942383
  0
VERTEX
  8
87
  10
631.950317
  20
1198.298584
  0
VERTEX
  8
87
  10
634.595703
  20
1200.808105
  0
VERTEX
  8
87
  10
637.136475
  20
1203.450195
  0
VERTEX
  8
87
  10
639.537720
  20
1206.218262
  0
VERTEX
  8
87
  10
641.762207
  20
1209.117920
  0
VERTEX
  8
87
  10
643.776611
  20
1212.165527
  0
VERTEX
  8
87
  10
645.551270
  20
1215.361572
  0
VERTEX
  8
87
  10
647.103027
  20
1218.674438
  0
VERTEX
  8
87
  10
648.460022
  20
1222.081787
  0
VERTEX
  8
87
  10
649.613037
  20
1225.561646
  0
VERTEX
  8
87
  10
650.554810
  20
1229.093140
  0
VERTEX
  8
87
  10
651.309814
  20
1232.670410
  0
VERTEX
  8
87
  10
652.360596
  20
1239.930542
  0
VERTEX
  8
87
  10
652.908447
  20
1247.229126
  0
VERTEX
  8
87
  10
653.078613
  20
1254.559448
  0
VERTEX
  8
87
  10
653.012085
  20
1261.883911
  0
VERTEX
  8
87
  10
652.817139
  20
1269.207275
  0
VERTEX
  8
87
  10
652.606262
  20
1275.251831
  0
VERTEX
  8
87
  10
652.293457
  20
1281.291016
  0
VERTEX
  8
87
  10
652.108765
  20
1283.838623
  0
VERTEX
  8
87
  10
651.337891
  20
1291.120850
  0
VERTEX
  8
87
  10
650.350342
  20
1298.380859
  0
VERTEX
  8
87
  10
649.204285
  20
1305.616211
  0
VERTEX
  8
87
  10
647.911621
  20
1312.827271
  0
VERTEX
  8
87
  10
646.488708
  20
1320.012939
  0
VERTEX
  8
87
  10
644.971985
  20
1327.179565
  0
VERTEX
  8
87
  10
641.772278
  20
1341.477051
  0
VERTEX
  8
87
  10
640.087036
  20
1348.605957
  0
VERTEX
  8
87
  10
638.269836
  20
1355.701294
  0
VERTEX
  8
87
  10
636.258423
  20
1362.745117
  0
VERTEX
  8
87
  10
634.086731
  20
1369.742432
  0
VERTEX
  8
87
  10
629.484436
  20
1383.650635
  0
VERTEX
  8
87
  10
729.302979
  20
1416.634155
  0
VERTEX
  8
87
  10
733.038208
  20
1411.618652
  0
VERTEX
  8
87
  10
735.180725
  20
1409.341431
  0
VERTEX
  8
87
  10
737.500000
  20
1407.235840
  0
VERTEX
  8
87
  10
742.471252
  20
1403.438354
  0
VERTEX
  8
87
  10
745.092651
  20
1401.728027
  0
VERTEX
  8
87
  10
747.812317
  20
1400.183838
  0
VERTEX
  8
87
  10
753.536682
  20
1397.662842
  0
VERTEX
  8
87
  10
759.466858
  20
1395.669922
  0
VERTEX
  8
87
  10
765.531555
  20
1394.133911
  0
VERTEX
  8
87
  10
771.685852
  20
1393.009277
  0
VERTEX
  8
87
  10
775.752808
  20
1392.534668
  0
VERTEX
  8
87
  10
779.837585
  20
1392.226807
  0
VERTEX
  8
87
  10
787.979675
  20
1391.889160
  0
VERTEX
  8
87
  10
796.082825
  20
1391.708008
  0
VERTEX
  8
87
  10
804.303040
  20
1391.634155
  0
VERTEX
  8
87
  10
812.523254
  20
1391.708008
  0
VERTEX
  8
87
  10
820.626404
  20
1391.889160
  0
VERTEX
  8
87
  10
828.768494
  20
1392.226807
  0
VERTEX
  8
87
  10
832.853210
  20
1392.534668
  0
VERTEX
  8
87
  10
836.920227
  20
1393.009277
  0
VERTEX
  8
87
  10
843.074524
  20
1394.133911
  0
VERTEX
  8
87
  10
849.139221
  20
1395.669922
  0
VERTEX
  8
87
  10
855.069397
  20
1397.662842
  0
VERTEX
  8
87
  10
860.793762
  20
1400.183838
  0
VERTEX
  8
87
  10
863.513428
  20
1401.728149
  0
VERTEX
  8
87
  10
866.134827
  20
1403.438354
  0
VERTEX
  8
87
  10
871.105957
  20
1407.235840
  0
VERTEX
  8
87
  10
873.425293
  20
1409.341431
  0
VERTEX
  8
87
  10
875.567749
  20
1411.618652
  0
VERTEX
  8
87
  10
879.302979
  20
1416.634155
  0
VERTEX
  8
87
  10
979.121643
  20
1383.650879
  0
VERTEX
  8
87
  10
974.519348
  20
1369.742676
  0
VERTEX
  8
87
  10
972.347595
  20
1362.745483
  0
VERTEX
  8
87
  10
970.336243
  20
1355.701538
  0
VERTEX
  8
87
  10
968.518982
  20
1348.606323
  0
VERTEX
  8
87
  10
966.833801
  20
1341.477295
  0
VERTEX
  8
87
  10
963.634094
  20
1327.179810
  0
VERTEX
  8
87
  10
962.117371
  20
1320.013306
  0
VERTEX
  8
87
  10
960.694458
  20
1312.827515
  0
VERTEX
  8
87
  10
959.401794
  20
1305.616577
  0
VERTEX
  8
87
  10
958.255737
  20
1298.381104
  0
VERTEX
  8
87
  10
957.268188
  20
1291.121094
  0
VERTEX
  8
87
  10
956.497314
  20
1283.838867
  0
VERTEX
  8
87
  10
956.312622
  20
1281.291260
  0
VERTEX
  8
87
  10
955.999878
  20
1275.252075
  0
VERTEX
  8
87
  10
955.788940
  20
1269.207520
  0
VERTEX
  8
87
  10
955.593994
  20
1261.884277
  0
VERTEX
  8
87
  10
955.527466
  20
1254.559692
  0
VERTEX
  8
87
  10
955.697632
  20
1247.229370
  0
VERTEX
  8
87
  10
956.245483
  20
1239.930786
  0
VERTEX
  8
87
  10
957.296265
  20
1232.670410
  0
VERTEX
  8
87
  10
958.051392
  20
1229.093384
  0
VERTEX
  8
87
  10
958.993042
  20
1225.561890
  0
VERTEX
  8
87
  10
960.146118
  20
1222.082153
  0
VERTEX
  8
87
  10
961.503052
  20
1218.674683
  0
VERTEX
  8
87
  10
963.054871
  20
1215.361938
  0
VERTEX
  8
87
  10
964.829468
  20
1212.165771
  0
VERTEX
  8
87
  10
966.843933
  20
1209.118286
  0
VERTEX
  8
87
  10
969.068359
  20
1206.218506
  0
VERTEX
  8
87
  10
971.469666
  20
1203.450562
  0
VERTEX
  8
87
  10
974.010376
  20
1200.808350
  0
VERTEX
  8
87
  10
976.655823
  20
1198.298950
  0
VERTEX
  8
87
  10
979.433716
  20
1195.942627
  0
VERTEX
  8
87
  10
985.412720
  20
1191.634277
  0
VERTEX
  8
87
  10
983.366638
  20
1174.718750
  0
VERTEX
  8
87
  10
981.514832
  20
1157.787598
  0
VERTEX
  8
87
  10
979.854797
  20
1140.830200
  0
VERTEX
  8
87
  10
978.417786
  20
1123.858765
  0
VERTEX
  8
87
  10
977.176880
  20
1106.866577
  0
VERTEX
  8
87
  10
976.126953
  20
1089.864990
  0
VERTEX
  8
87
  10
975.691040
  20
1081.356689
  0
VERTEX
  8
87
  10
975.364258
  20
1072.843506
  0
VERTEX
  8
87
  10
975.223206
  20
1066.428589
  0
VERTEX
  8
87
  10
975.201782
  20
1060.012451
  0
VERTEX
  8
87
  10
975.321228
  20
1053.597656
  0
VERTEX
  8
87
  10
975.577759
  20
1047.186279
  0
VERTEX
  8
87
  10
975.965515
  20
1040.781372
  0
VERTEX
  8
87
  10
976.494995
  20
1034.387329
  0
VERTEX
  8
87
  10
977.914185
  20
1021.634155
  0
VERTEX
  8
87
  10
1021.420166
  20
839.773804
  0
VERTEX
  8
87
  10
1014.531982
  20
838.391724
  0
VERTEX
  8
87
  10
1007.635620
  20
837.069641
  0
VERTEX
  8
87
  10
1000.716125
  20
835.866943
  0
VERTEX
  8
87
  10
995.478821
  20
835.071045
  0
VERTEX
  8
87
  10
990.228149
  20
834.377747
  0
VERTEX
  8
87
  10
984.963257
  20
833.786865
  0
VERTEX
  8
87
  10
980.392578
  20
833.356567
  0
VERTEX
  8
87
  10
975.817444
  20
832.994995
  0
VERTEX
  8
87
  10
971.238159
  20
832.693359
  0
VERTEX
  8
87
  10
966.654907
  20
832.442871
  0
VERTEX
  8
87
  10
962.067993
  20
832.234741
  0
VERTEX
  8
87
  10
954.409973
  20
831.962280
  0
VERTEX
  8
87
  10
946.752686
  20
831.767639
  0
VERTEX
  8
87
  10
939.091675
  20
831.634155
  0
VERTEX
  8
87
  10
927.861206
  20
831.522339
  0
VERTEX
  8
87
  10
916.630127
  20
831.500488
  0
VERTEX
  8
87
  10
894.162231
  20
831.634155
  0
VERTEX
  8
87
  10
879.182007
  20
831.711060
  0
VERTEX
  8
87
  10
864.206421
  20
831.746155
  0
VERTEX
  8
87
  10
849.233154
  20
831.747681
  0
VERTEX
  8
87
  10
834.259827
  20
831.723938
  0
VERTEX
  8
87
  10
819.283997
  20
831.683289
  0
VERTEX
  8
87
  10
804.303223
  20
831.634033
  0
SEQEND
  0
POLYLINE
  8
8
  66
1
  70
1
  250
0
  0
VERTEX
  8
8
  10
804.303223
  20
831.634033
  0
VERTEX
  8
8
  10
789.322510
  20
831.683228
  0
VERTEX
  8
8
  10
774.346680
  20
831.723816
  0
VERTEX
  8
8
  10
759.373352
  20
831.747437
  0
VERTEX
  8
8
  10
744.400085
  20
831.745850
  0
VERTEX
  8
8
  10
729.424500
  20
831.710815
  0
VERTEX
  8
8
  10
714.444214
  20
831.634033
  0
VERTEX
  8
8
  10
691.976318
  20
831.500366
  0
VERTEX
  8
8
  10
680.745300
  20
831.522339
  0
VERTEX
  8
8
  10
669.514771
  20
831.634033
  0
VERTEX
  8
8
  10
661.853821
  20
831.767578
  0
VERTEX
  8
8
  10
654.196533
  20
831.962158
  0
VERTEX
  8
8
  10
646.538452
  20
832.234619
  0
VERTEX
  8
8
  10
641.951599
  20
832.442749
  0
VERTEX
  8
8
  10
637.368347
  20
832.693237
  0
VERTEX
  8
8
  10
632.789062
  20
832.994873
  0
VERTEX
  8
8
  10
628.213928
  20
833.356445
  0
VERTEX
  8
8
  10
623.643188
  20
833.786743
  0
VERTEX
  8
8
  10
618.378357
  20
834.377625
  0
VERTEX
  8
8
  10
613.127686
  20
835.070984
  0
VERTEX
  8
8
  10
607.890320
  20
835.866821
  0
VERTEX
  8
8
  10
600.970825
  20
837.069458
  0
VERTEX
  8
8
  10
594.074463
  20
838.391541
  0
VERTEX
  8
8
  10
587.186279
  20
839.773560
  0
VERTEX
  8
8
  10
630.692139
  20
1021.634033
  0
VERTEX
  8
8
  10
632.111328
  20
1034.387085
  0
VERTEX
  8
8
  10
632.640808
  20
1040.781250
  0
VERTEX
  8
8
  10
633.028442
  20
1047.186279
  0
VERTEX
  8
8
  10
633.284973
  20
1053.597534
  0
VERTEX
  8
8
  10
633.404419
  20
1060.012451
  0
VERTEX
  8
8
  10
633.383057
  20
1066.428589
  0
VERTEX
  8
8
  10
633.241943
  20
1072.843506
  0
VERTEX
  8
8
  10
632.915161
  20
1081.356567
  0
VERTEX
  8
8
  10
632.479248
  20
1089.864990
  0
VERTEX
  8
8
  10
631.429321
  20
1106.866333
  0
VERTEX
  8
8
  10
630.188538
  20
1123.858521
  0
VERTEX
  8
8
  10
628.751526
  20
1140.829956
  0
VERTEX
  8
8
  10
627.091492
  20
1157.787354
  0
VERTEX
  8
8
  10
625.239685
  20
1174.718506
  0
VERTEX
  8
8
  10
623.193481
  20
1191.634033
  0
VERTEX
  8
8
  10
629.172363
  20
1195.942383
  0
VERTEX
  8
8
  10
631.950317
  20
1198.298584
  0
VERTEX
  8
8
  10
634.595703
  20
1200.808105
  0
VERTEX
  8
8
  10
637.136475
  20
1203.450195
  0
VERTEX
  8
8
  10
639.537720
  20
1206.218262
  0
VERTEX
  8
8
  10
641.762207
  20
1209.117920
  0
VERTEX
  8
8
  10
643.776611
  20
1212.165527
  0
VERTEX
  8
8
  10
645.551270
  20
1215.361572
  0
VERTEX
  8
8
  10
647.103027
  20
1218.674438
  0
VERTEX
  8
8
  10
648.460022
  20
1222.081787
  0
VERTEX
  8
8
  10
649.613037
  20
1225.561646
  0
VERTEX
  8
8
  10
650.554810
  20
1229.093140
  0
VERTEX
  8
8
  10
651.309814
  20
1232.670410
  0
VERTEX
  8
8
  10
652.360596
  20
1239.930542
  0
VERTEX
  8
8
  10
652.908447
  20
1247.229126
  0
VERTEX
  8
8
  10
653.078613
  20
1254.559448
  0
VERTEX
  8
8
  10
653.012085
  20
1261.883911
  0
VERTEX
  8
8
  10
652.817139
  20
1269.207275
  0
VERTEX
  8
8
  10
652.606262
  20
1275.251831
  0
VERTEX
  8
8
  10
652.293457
  20
1281.291016
  0
VERTEX
  8
8
  10
652.108765
  20
1283.838623
  0
VERTEX
  8
8
  10
651.337891
  20
1291.120850
  0
VERTEX
  8
8
  10
650.350342
  20
1298.380859
  0
VERTEX
  8
8
  10
649.204285
  20
1305.616211
  0
VERTEX
  8
8
  10
647.911621
  20
1312.827271
  0
VERTEX
  8
8
  10
646.488708
  20
1320.012939
  0
VERTEX
  8
8
  10
644.971985
  20
1327.179565
  0
VERTEX
  8
8
  10
641.772278
  20
1341.477051
  0
VERTEX
  8
8
  10
640.087036
  20
1348.605957
  0
VERTEX
  8
8
  10
638.269836
  20
1355.701294
  0
VERTEX
  8
8
  10
636.258423
  20
1362.745117
  0
VERTEX
  8
8
  10
634.086731
  20
1369.742432
  0
VERTEX
  8
8
  10
629.484436
  20
1383.650635
  0
VERTEX
  8
8
  10
729.302979
  20
1416.634155
  0
VERTEX
  8
8
  10
733.038208
  20
1411.618652
  0
VERTEX
  8
8
  10
735.180725
  20
1409.341431
  0
VERTEX
  8
8
  10
737.500000
  20
1407.235840
  0
VERTEX
  8
8
  10
742.471252
  20
1403.438354
  0
VERTEX
  8
8
  10
745.092651
  20
1401.728027
  0
VERTEX
  8
8
  10
747.812317
  20
1400.183838
  0
VERTEX
  8
8
  10
753.536682
  20
1397.662842
  0
VERTEX
  8
8
  10
759.466858
  20
1395.669922
  0
VERTEX
  8
8
  10
765.531555
  20
1394.133911
  0
VERTEX
  8
8
  10
771.685852
  20
1393.009277
  0
VERTEX
  8
8
  10
775.752808
  20
1392.534668
  0
VERTEX
  8
8
  10
779.837585
  20
1392.226807
  0
VERTEX
  8
8
  10
787.979675
  20
1391.889160
  0
VERTEX
  8
8
  10
796.082825
  20
1391.708008
  0
VERTEX
  8
8
  10
804.303101
  20
1391.634155
  0
VERTEX
  8
8
  10
812.523254
  20
1391.708008
  0
VERTEX
  8
8
  10
820.626404
  20
1391.889160
  0
VERTEX
  8
8
  10
828.768494
  20
1392.226807
  0
VERTEX
  8
8
  10
832.853210
  20
1392.534668
  0
VERTEX
  8
8
  10
836.920227
  20
1393.009277
  0
VERTEX
  8
8
  10
843.074524
  20
1394.133911
  0
VERTEX
  8
8
  10
849.139221
  20
1395.669922
  0
VERTEX
  8
8
  10
855.069397
  20
1397.662842
  0
VERTEX
  8
8
  10
860.793762
  20
1400.183838
  0
VERTEX
  8
8
  10
863.513428
  20
1401.728149
  0
VERTEX
  8
8
  10
866.134827
  20
1403.438354
  0
VERTEX
  8
8
  10
871.105957
  20
1407.235840
  0
VERTEX
  8
8
  10
873.425293
  20
1409.341431
  0
VERTEX
  8
8
  10
875.567749
  20
1411.618652
  0
VERTEX
  8
8
  10
879.302979
  20
1416.634155
  0
VERTEX
  8
8
  10
979.121643
  20
1383.650879
  0
VERTEX
  8
8
  10
974.519348
  20
1369.742676
  0
VERTEX
  8
8
  10
972.347595
  20
1362.745483
  0
VERTEX
  8
8
  10
970.336243
  20
1355.701538
  0
VERTEX
  8
8
  10
968.518982
  20
1348.606323
  0
VERTEX
  8
8
  10
966.833801
  20
1341.477295
  0
VERTEX
  8
8
  10
963.634094
  20
1327.179810
  0
VERTEX
  8
8
  10
962.117371
  20
1320.013306
  0
VERTEX
  8
8
  10
960.694458
  20
1312.827515
  0
VERTEX
  8
8
  10
959.401794
  20
1305.616577
  0
VERTEX
  8
8
  10
958.255737
  20
1298.381104
  0
VERTEX
  8
8
  10
957.268188
  20
1291.121094
  0
VERTEX
  8
8
  10
956.497314
  20
1283.838867
  0
VERTEX
  8
8
  10
956.312622
  20
1281.291260
  0
VERTEX
  8
8
  10
955.999878
  20
1275.252075
  0
VERTEX
  8
8
  10
955.788940
  20
1269.207520
  0
VERTEX
  8
8
  10
955.593994
  20
1261.884277
  0
VERTEX
  8
8
  10
955.527466
  20
1254.559692
  0
VERTEX
  8
8
  10
955.697632
  20
1247.229370
  0
VERTEX
  8
8
  10
956.245483
  20
1239.930786
  0
VERTEX
  8
8
  10
957.296265
  20
1232.670410
  0
VERTEX
  8
8
  10
958.051392
  20
1229.093384
  0
VERTEX
  8
8
  10
958.993042
  20
1225.561890
  0
VERTEX
  8
8
  10
960.146118
  20
1222.082153
  0
VERTEX
  8
8
  10
961.503052
  20
1218.674683
  0
VERTEX
  8
8
  10
963.054871
  20
1215.361938
  0
VERTEX
  8
8
  10
964.829468
  20
1212.165771
  0
VERTEX
  8
8
  10
966.843933
  20
1209.118286
  0
VERTEX
  8
8
  10
969.068359
  20
1206.218506
  0
VERTEX
  8
8
  10
971.469666
  20
1203.450562
  0
VERTEX
  8
8
  10
974.010376
  20
1200.808350
  0
VERTEX
  8
8
  10
976.655823
  20
1198.298950
  0
VERTEX
  8
8
  10
979.433716
  20
1195.942627
  0
VERTEX
  8
8
  10
985.412720
  20
1191.634277
  0
VERTEX
  8
8
  10
983.366638
  20
1174.718750
  0
VERTEX
  8
8
  10
981.514832
  20
1157.787598
  0
VERTEX
  8
8
  10
979.854797
  20
1140.830200
  0
VERTEX
  8
8
  10
978.417786
  20
1123.858765
  0
VERTEX
  8
8
  10
977.176880
  20
1106.866577
  0
VERTEX
  8
8
  10
976.126953
  20
1089.864990
  0
VERTEX
  8
8
  10
975.691040
  20
1081.356689
  0
VERTEX
  8
8
  10
975.364258
  20
1072.843506
  0
VERTEX
  8
8
  10
975.223206
  20
1066.428589
  0
VERTEX
  8
8
  10
975.201782
  20
1060.012451
  0
VERTEX
  8
8
  10
975.321228
  20
1053.597656
  0
VERTEX
  8
8
  10
975.577759
  20
1047.186279
  0
VERTEX
  8
8
  10
975.965515
  20
1040.781372
  0
VERTEX
  8
8
  10
976.494995
  20
1034.387329
  0
VERTEX
  8
8
  10
977.914185
  20
1021.634155
  0
VERTEX
  8
8
  10
1021.420166
  20
839.773804
  0
VERTEX
  8
8
  10
1014.531982
  20
838.391724
  0
VERTEX
  8
8
  10
1007.635620
  20
837.069641
  0
VERTEX
  8
8
  10
1000.716125
  20
835.866943
  0
VERTEX
  8
8
  10
995.478821
  20
835.071045
  0
VERTEX
  8
8
  10
990.228149
  20
834.377747
  0
VERTEX
  8
8
  10
984.963257
  20
833.786865
  0
VERTEX
  8
8
  10
980.392578
  20
833.356567
  0
VERTEX
  8
8
  10
975.817444
  20
832.994995
  0
VERTEX
  8
8
  10
971.238159
  20
832.693359
  0
VERTEX
  8
8
  10
966.654907
  20
832.442871
  0
VERTEX
  8
8
  10
962.067993
  20
832.234741
  0
VERTEX
  8
8
  10
954.409973
  20
831.962280
  0
VERTEX
  8
8
  10
946.752686
  20
831.767639
  0
VERTEX
  8
8
  10
939.091675
  20
831.634155
  0
VERTEX
  8
8
  10
927.861206
  20
831.522339
  0
VERTEX
  8
8
  10
916.630127
  20
831.500488
  0
VERTEX
  8
8
  10
894.162231
  20
831.634155
  0
VERTEX
  8
8
  10
879.182007
  20
831.711060
  0
VERTEX
  8
8
  10
864.206421
  20
831.746155
  0
VERTEX
  8
8
  10
849.233154
  20
831.747681
  0
VERTEX
  8
8
  10
834.259827
  20
831.723938
  0
VERTEX
  8
8
  10
819.283997
  20
831.683289
  0
SEQEND
  0
POINT
  8
2
  10
804.303223
  20
831.634033
  0
POINT
  8
2
  10
587.186279
  20
839.773560
  0
POINT
  8
2
  10
630.692139
  20
1021.634033
  0
POINT
  8
2
  10
623.193481
  20
1191.634033
  0
POINT
  8
2
  10
629.484436
  20
1383.650635
  0
POINT
  8
2
  10
729.302979
  20
1416.634155
  0
POINT
  8
2
  10
804.303101
  20
1391.634155
  0
POINT
  8
2
  10
879.302979
  20
1416.634155
  0
POINT
  8
2
  10
979.121643
  20
1383.650879
  0
POINT
  8
2
  10
985.412720
  20
1191.634277
  0
POINT
  8
2
  10
977.914185
  20
1021.634155
  0
POINT
  8
2
  10
1021.420166
  20
839.773804
  0
POINT
  8
3
  10
789.322510
  20
831.683228
  0
POINT
  8
3
  10
774.346680
  20
831.723816
  0
POINT
  8
3
  10
759.373352
  20
831.747437
  0
POINT
  8
3
  10
744.400085
  20
831.745850
  0
POINT
  8
3
  10
729.424500
  20
831.710815
  0
POINT
  8
3
  10
714.444214
  20
831.634033
  0
POINT
  8
3
  10
691.976318
  20
831.500366
  0
POINT
  8
3
  10
680.745300
  20
831.522339
  0
POINT
  8
3
  10
669.514771
  20
831.634033
  0
POINT
  8
3
  10
661.853821
  20
831.767578
  0
POINT
  8
3
  10
654.196533
  20
831.962158
  0
POINT
  8
3
  10
646.538452
  20
832.234619
  0
POINT
  8
3
  10
641.951599
  20
832.442749
  0
POINT
  8
3
  10
637.368347
  20
832.693237
  0
POINT
  8
3
  10
632.789062
  20
832.994873
  0
POINT
  8
3
  10
628.213928
  20
833.356445
  0
POINT
  8
3
  10
623.643188
  20
833.786743
  0
POINT
  8
3
  10
618.378357
  20
834.377625
  0
POINT
  8
3
  10
613.127686
  20
835.070984
  0
POINT
  8
3
  10
607.890320
  20
835.866821
  0
POINT
  8
3
  10
600.970825
  20
837.069458
  0
POINT
  8
3
  10
594.074463
  20
838.391541
  0
POINT
  8
3
  10
632.111328
  20
1034.387085
  0
POINT
  8
3
  10
632.640808
  20
1040.781250
  0
POINT
  8
3
  10
633.028442
  20
1047.186279
  0
POINT
  8
3
  10
633.284973
  20
1053.597534
  0
POINT
  8
3
  10
633.404419
  20
1060.012451
  0
POINT
  8
3
  10
633.383057
  20
1066.428589
  0
POINT
  8
3
  10
633.241943
  20
1072.843506
  0
POINT
  8
3
  10
632.915161
  20
1081.356567
  0
POINT
  8
3
  10
632.479248
  20
1089.864990
  0
POINT
  8
3
  10
631.429321
  20
1106.866333
  0
POINT
  8
3
  10
630.188538
  20
1123.858521
  0
POINT
  8
3
  10
628.751526
  20
1140.829956
  0
POINT
  8
3
  10
627.091492
  20
1157.787354
  0
POINT
  8
3
  10
625.239685
  20
1174.718506
  0
POINT
  8
3
  10
629.172363
  20
1195.942383
  0
POINT
  8
3
  10
631.950317
  20
1198.298584
  0
POINT
  8
3
  10
634.595703
  20
1200.808105
  0
POINT
  8
3
  10
637.136475
  20
1203.450195
  0
POINT
  8
3
  10
639.537720
  20
1206.218262
  0
POINT
  8
3
  10
641.762207
  20
1209.117920
  0
POINT
  8
3
  10
643.776611
  20
1212.165527
  0
POINT
  8
3
  10
645.551270
  20
1215.361572
  0
POINT
  8
3
  10
647.103027
  20
1218.674438
  0
POINT
  8
3
  10
648.460022
  20
1222.081787
  0
POINT
  8
3
  10
649.613037
  20
1225.561646
  0
POINT
  8
3
  10
650.554810
  20
1229.093140
  0
POINT
  8
3
  10
651.309814
  20
1232.670410
  0
POINT
  8
3
  10
652.360596
  20
1239.930542
  0
POINT
  8
3
  10
652.908447
  20
1247.229126
  0
POINT
  8
3
  10
653.078613
  20
1254.559448
  0
POINT
  8
3
  10
653.012085
  20
1261.883911
  0
POINT
  8
3
  10
652.817139
  20
1269.207275
  0
POINT
  8
3
  10
652.606262
  20
1275.251831
  0
POINT
  8
3
  10
652.293457
  20
1281.291016
  0
POINT
  8
3
  10
652.108765
  20
1283.838623
  0
POINT
  8
3
  10
651.337891
  20
1291.120850
  0
POINT
  8
3
  10
650.350342
  20
1298.380859
  0
POINT
  8
3
  10
649.204285
  20
1305.616211
  0
POINT
  8
3
  10
647.911621
  20
1312.827271
  0
POINT
  8
3
  10
646.488708
  20
1320.012939
  0
POINT
  8
3
  10
644.971985
  20
1327.179565
  0
POINT
  8
3
  10
641.772278
  20
1341.477051
  0
POINT
  8
3
  10
640.087036
  20
1348.605957
  0
POINT
  8
3
  10
638.269836
  20
1355.701294
  0
POINT
  8
3
  10
636.258423
  20
1362.745117
  0
POINT
  8
3
  10
634.086731
  20
1369.742432
  0
POINT
  8
3
  10
733.038208
  20
1411.618652
  0
POINT
  8
3
  10
735.180725
  20
1409.341431
  0
POINT
  8
3
  10
737.500000
  20
1407.235840
  0
POINT
  8
3
  10
742.471252
  20
1403.438354
  0
POINT
  8
3
  10
745.092651
  20
1401.728027
  0
POINT
  8
3
  10
747.812317
  20
1400.183838
  0
POINT
  8
3
  10
753.536682
  20
1397.662842
  0
POINT
  8
3
  10
759.466858
  20
1395.669922
  0
POINT
  8
3
  10
765.531555
  20
1394.133911
  0
POINT
  8
3
  10
771.685852
  20
1393.009277
  0
POINT
  8
3
  10
775.752808
  20
1392.534668
  0
POINT
  8
3
  10
779.837585
  20
1392.226807
  0
POINT
  8
3
  10
787.979675
  20
1391.889160
  0
POINT
  8
3
  10
796.082825
  20
1391.708008
  0
POINT
  8
3
  10
812.523254
  20
1391.708008
  0
POINT
  8
3
  10
820.626404
  20
1391.889160
  0
POINT
  8
3
  10
828.768494
  20
1392.226807
  0
POINT
  8
3
  10
832.853210
  20
1392.534668
  0
POINT
  8
3
  10
836.920227
  20
1393.009277
  0
POINT
  8
3
  10
843.074524
  20
1394.133911
  0
POINT
  8
3
  10
849.139221
  20
1395.669922
  0
POINT
  8
3
  10
855.069397
  20
1397.662842
  0
POINT
  8
3
  10
860.793762
  20
1400.183838
  0
POINT
  8
3
  10
863.513428
  20
1401.728149
  0
POINT
  8
3
  10
866.134827
  20
1403.438354
  0
POINT
  8
3
  10
871.105957
  20
1407.235840
  0
POINT
  8
3
  10
873.425293
  20
1409.341431
  0
POINT
  8
3
  10
875.567749
  20
1411.618652
  0
POINT
  8
3
  10
974.519348
  20
1369.742676
  0
POINT
  8
3
  10
972.347595
  20
1362.745483
  0
POINT
  8
3
  10
970.336243
  20
1355.701538
  0
POINT
  8
3
  10
968.518982
  20
1348.606323
  0
POINT
  8
3
  10
966.833801
  20
1341.477295
  0
POINT
  8
3
  10
963.634094
  20
1327.179810
  0
POINT
  8
3
  10
962.117371
  20
1320.013306
  0
POINT
  8
3
  10
960.694458
  20
1312.827515
  0
POINT
  8
3
  10
959.401794
  20
1305.616577
  0
POINT
  8
3
  10
958.255737
  20
1298.381104
  0
POINT
  8
3
  10
957.268188
  20
1291.121094
  0
POINT
  8
3
  10
956.497314
  20
1283.838867
  0
POINT
  8
3
  10
956.312622
  20
1281.291260
  0
POINT
  8
3
  10
955.999878
  20
1275.252075
  0
POINT
  8
3
  10
955.788940
  20
1269.207520
  0
POINT
  8
3
  10
955.593994
  20
1261.884277
  0
POINT
  8
3
  10
955.527466
  20
1254.559692
  0
POINT
  8
3
  10
955.697632
  20
1247.229370
  0
POINT
  8
3
  10
956.245483
  20
1239.930786
  0
POINT
  8
3
  10
957.296265
  20
1232.670410
  0
POINT
  8
3
  10
958.051392
  20
1229.093384
  0
POINT
  8
3
  10
958.993042
  20
1225.561890
  0
POINT
  8
3
  10
960.146118
  20
1222.082153
  0
POINT
  8
3
  10
961.503052
  20
1218.674683
  0
POINT
  8
3
  10
963.054871
  20
1215.361938
  0
POINT
  8
3
  10
964.829468
  20
1212.165771
  0
POINT
  8
3
  10
966.843933
  20
1209.118286
  0
POINT
  8
3
  10
969.068359
  20
1206.218506
  0
POINT
  8
3
  10
971.469666
  20
1203.450562
  0
POINT
  8
3
  10
974.010376
  20
1200.808350
  0
POINT
  8
3
  10
976.655823
  20
1198.298950
  0
POINT
  8
3
  10
979.433716
  20
1195.942627
  0
POINT
  8
3
  10
983.366638
  20
1174.718750
  0
POINT
  8
3
  10
981.514832
  20
1157.787598
  0
POINT
  8
3
  10
979.854797
  20
1140.830200
  0
POINT
  8
3
  10
978.417786
  20
1123.858765
  0
POINT
  8
3
  10
977.176880
  20
1106.866577
  0
POINT
  8
3
  10
976.126953
  20
1089.864990
  0
POINT
  8
3
  10
975.691040
  20
1081.356689
  0
POINT
  8
3
  10
975.364258
  20
1072.843506
  0
POINT
  8
3
  10
975.223206
  20
1066.428589
  0
POINT
  8
3
  10
975.201782
  20
1060.012451
  0
POINT
  8
3
  10
975.321228
  20
1053.597656
  0
POINT
  8
3
  10
975.577759
  20
1047.186279
  0
POINT
  8
3
  10
975.965515
  20
1040.781372
  0
POINT
  8
3
  10
976.494995
  20
1034.387329
  0
POINT
  8
3
  10
1014.531982
  20
838.391724
  0
POINT
  8
3
  10
1007.635620
  20
837.069641
  0
POINT
  8
3
  10
1000.716125
  20
835.866943
  0
POINT
  8
3
  10
995.478821
  20
835.071045
  0
POINT
  8
3
  10
990.228149
  20
834.377747
  0
POINT
  8
3
  10
984.963257
  20
833.786865
  0
POINT
  8
3
  10
980.392578
  20
833.356567
  0
POINT
  8
3
  10
975.817444
  20
832.994995
  0
POINT
  8
3
  10
971.238159
  20
832.693359
  0
POINT
  8
3
  10
966.654907
  20
832.442871
  0
POINT
  8
3
  10
962.067993
  20
832.234741
  0
POINT
  8
3
  10
954.409973
  20
831.962280
  0
POINT
  8
3
  10
946.752686
  20
831.767639
  0
POINT
  8
3
  10
939.091675
  20
831.634155
  0
POINT
  8
3
  10
927.861206
  20
831.522339
  0
POINT
  8
3
  10
916.630127
  20
831.500488
  0
POINT
  8
3
  10
894.162231
  20
831.634155
  0
POINT
  8
3
  10
879.182007
  20
831.711060
  0
POINT
  8
3
  10
864.206421
  20
831.746155
  0
POINT
  8
3
  10
849.233154
  20
831.747681
  0
POINT
  8
3
  10
834.259827
  20
831.723938
  0
POINT
  8
3
  10
819.283997
  20
831.683289
  0
POLYLINE
  8
85
  66
1
  70
1
  250
1
  0
VERTEX
  8
85
  10
789.322510
  20
831.683228
  0
VERTEX
  8
85
  10
774.346680
  20
831.723816
  0
VERTEX
  8
85
  10
759.373352
  20
831.747437
  0
VERTEX
  8
85
  10
744.400085
  20
831.745850
  0
VERTEX
  8
85
  10
729.424500
  20
831.710815
  0
VERTEX
  8
85
  10
714.444214
  20
831.634033
  0
VERTEX
  8
85
  10
691.976318
  20
831.500366
  0
VERTEX
  8
85
  10
680.745300
  20
831.522339
  0
VERTEX
  8
85
  10
669.514771
  20
831.634033
  0
VERTEX
  8
85
  10
661.853821
  20
831.767578
  0
VERTEX
  8
85
  10
654.196533
  20
831.962158
  0
VERTEX
  8
85
  10
646.538452
  20
832.234619
  0
VERTEX
  8
85
  10
641.951599
  20
832.442749
  0
VERTEX
  8
85
  10
637.368347
  20
832.693237
  0
VERTEX
  8
85
  10
632.789062
  20
832.994873
  0
VERTEX
  8
85
  10
628.213928
  20
833.356445
  0
VERTEX
  8
85
  10
623.643188
  20
833.786743
  0
VERTEX
  8
85
  10
618.378357
  20
834.377625
  0
VERTEX
  8
85
  10
613.127686
  20
835.070984
  0
VERTEX
  8
85
  10
607.890320
  20
835.866821
  0
VERTEX
  8
85
  10
600.970825
  20
837.069458
  0
VERTEX
  8
85
  10
594.074463
  20
838.391541
  0
VERTEX
  8
85
  10
587.186279
  20
839.773560
  0
VERTEX
  8
85
  10
630.692139
  20
1021.634033
  0
VERTEX
  8
85
  10
632.111328
  20
1034.387085
  0
VERTEX
  8
85
  10
632.640808
  20
1040.781250
  0
VERTEX
  8
85
  10
633.028442
  20
1047.186279
  0
VERTEX
  8
85
  10
633.284973
  20
1053.597534
  0
VERTEX
  8
85
  10
633.404419
  20
1060.012451
  0
VERTEX
  8
85
  10
633.383057
  20
1066.428589
  0
VERTEX
  8
85
  10
633.241943
  20
1072.843506
  0
VERTEX
  8
85
  10
632.915161
  20
1081.356567
  0
VERTEX
  8
85
  10
632.479248
  20
1089.864990
  0
VERTEX
  8
85
  10
631.429321
  20
1106.866333
  0
VERTEX
  8
85
  10
630.188538
  20
1123.858521
  0
VERTEX
  8
85
  10
628.751526
  20
1140.829956
  0
VERTEX
  8
85
  10
627.091492
  20
1157.787354
  0
VERTEX
  8
85
  10
625.239685
  20
1174.718506
  0
VERTEX
  8
85
  10
623.193481
  20
1191.634033
  0
VERTEX
  8
85
  10
629.172363
  20
1195.942383
  0
VERTEX
  8
85
  10
631.950317
  20
1198.298584
  0
VERTEX
  8
85
  10
634.595703
  20
1200.808105
  0
VERTEX
  8
85
  10
637.136475
  20
1203.450195
  0
VERTEX
  8
85
  10
639.537720
  20
1206.218262
  0
VERTEX
  8
85
  10
641.762207
  20
1209.117920
  0
VERTEX
  8
85
  10
643.776611
  20
1212.165527
  0
VERTEX
  8
85
  10
645.551270
  20
1215.361572
  0
VERTEX
  8
85
  10
647.103027
  20
1218.674438
  0
VERTEX
  8
85
  10
648.460022
  20
1222.081787
  0
VERTEX
  8
85
  10
649.613037
  20
1225.561646
  0
VERTEX
  8
85
  10
650.554810
  20
1229.093140
  0
VERTEX
  8
85
  10
651.309814
  20
1232.670410
  0
VERTEX
  8
85
  10
652.360596
  20
1239.930542
  0
VERTEX
  8
85
  10
652.908447
  20
1247.229126
  0
VERTEX
  8
85
  10
653.078613
  20
1254.559448
  0
VERTEX
  8
85
  10
653.012085
  20
1261.883911
  0
VERTEX
  8
85
  10
652.817139
  20
1269.207275
  0
VERTEX
  8
85
  10
652.606262
  20
1275.251831
  0
VERTEX
  8
85
  10
652.293457
  20
1281.291016
  0
VERTEX
  8
85
  10
652.108765
  20
1283.838623
  0
VERTEX
  8
85
  10
651.337891
  20
1291.120850
  0
VERTEX
  8
85
  10
650.350342
  20
1298.380859
  0
VERTEX
  8
85
  10
649.204285
  20
1305.616211
  0
VERTEX
  8
85
  10
647.911621
  20
1312.827271
  0
VERTEX
  8
85
  10
646.488708
  20
1320.012939
  0
VERTEX
  8
85
  10
644.971985
  20
1327.179565
  0
VERTEX
  8
85
  10
641.772278
  20
1341.477051
  0
VERTEX
  8
85
  10
640.087036
  20
1348.605957
  0
VERTEX
  8
85
  10
638.269836
  20
1355.701294
  0
VERTEX
  8
85
  10
636.258423
  20
1362.745117
  0
VERTEX
  8
85
  10
634.086731
  20
1369.742432
  0
VERTEX
  8
85
  10
629.484436
  20
1383.650635
  0
VERTEX
  8
85
  10
729.302979
  20
1416.634155
  0
VERTEX
  8
85
  10
733.038208
  20
1411.618652
  0
VERTEX
  8
85
  10
735.180725
  20
1409.341431
  0
VERTEX
  8
85
  10
737.500000
  20
1407.235840
  0
VERTEX
  8
85
  10
742.471252
  20
1403.438354
  0
VERTEX
  8
85
  10
745.092651
  20
1401.728027
  0
VERTEX
  8
85
  10
747.812317
  20
1400.183838
  0
VERTEX
  8
85
  10
753.536682
  20
1397.662842
  0
VERTEX
  8
85
  10
759.466858
  20
1395.669922
  0
VERTEX
  8
85
  10
765.531555
  20
1394.133911
  0
VERTEX
  8
85
  10
771.685852
  20
1393.009277
  0
VERTEX
  8
85
  10
775.752808
  20
1392.534668
  0
VERTEX
  8
85
  10
779.837585
  20
1392.226807
  0
VERTEX
  8
85
  10
787.979675
  20
1391.889160
  0
VERTEX
  8
85
  10
796.082825
  20
1391.708008
  0
VERTEX
  8
85
  10
804.303101
  20
1391.634155
  0
VERTEX
  8
85
  10
812.523254
  20
1391.708008
  0
VERTEX
  8
85
  10
820.626404
  20
1391.889160
  0
VERTEX
  8
85
  10
828.768494
  20
1392.226807
  0
VERTEX
  8
85
  10
832.853210
  20
1392.534668
  0
VERTEX
  8
85
  10
836.920227
  20
1393.009277
  0
VERTEX
  8
85
  10
843.074524
  20
1394.133911
  0
VERTEX
  8
85
  10
849.139221
  20
1395.669922
  0
VERTEX
  8
85
  10
855.069397
  20
1397.662842
  0
VERTEX
  8
85
  10
860.793762
  20
1400.183838
  0
VERTEX
  8
85
  10
863.513428
  20
1401.728149
  0
VERTEX
  8
85
  10
866.134827
  20
1403.438354
  0
VERTEX
  8
85
  10
871.105957
  20
1407.235840
  0
VERTEX
  8
85
  10
873.425293
  20
1409.341431
  0
VERTEX
  8
85
  10
875.567749
  20
1411.618652
  0
VERTEX
  8
85
  10
879.302979
  20
1416.634155
  0
VERTEX
  8
85
  10
979.121643
  20
1383.650879
  0
VERTEX
  8
85
  10
974.519348
  20
1369.742676
  0
VERTEX
  8
85
  10
972.347595
  20
1362.745483
  0
VERTEX
  8
85
  10
970.336243
  20
1355.701538
  0
VERTEX
  8
85
  10
968.518982
  20
1348.606323
  0
VERTEX
  8
85
  10
966.833801
  20
1341.477295
  0
VERTEX
  8
85
  10
963.634094
  20
1327.179810
  0
VERTEX
  8
85
  10
962.117371
  20
1320.013306
  0
VERTEX
  8
85
  10
960.694458
  20
1312.827515
  0
VERTEX
  8
85
  10
959.401794
  20
1305.616577
  0
VERTEX
  8
85
  10
958.255737
  20
1298.381104
  0
VERTEX
  8
85
  10
957.268188
  20
1291.121094
  0
VERTEX
  8
85
  10
956.497314
  20
1283.838867
  0
VERTEX
  8
85
  10
956.312622
  20
1281.291260
  0
VERTEX
  8
85
  10
955.999878
  20
1275.252075
  0
VERTEX
  8
85
  10
955.788940
  20
1269.207520
  0
VERTEX
  8
85
  10
955.593994
  20
1261.884277
  0
VERTEX
  8
85
  10
955.527466
  20
1254.559692
  0
VERTEX
  8
85
  10
955.697632
  20
1247.229370
  0
VERTEX
  8
85
  10
956.245483
  20
1239.930786
  0
VERTEX
  8
85
  10
957.296265
  20
1232.670410
  0
VERTEX
  8
85
  10
958.051392
  20
1229.093384
  0
VERTEX
  8
85
  10
958.993042
  20
1225.561890
  0
VERTEX
  8
85
  10
960.146118
  20
1222.082153
  0
VERTEX
  8
85
  10
961.503052
  20
1218.674683
  0
VERTEX
  8
85
  10
963.054871
  20
1215.361938
  0
VERTEX
  8
85
  10
964.829468
  20
1212.165771
  0
VERTEX
  8
85
  10
966.843933
  20
1209.118286
  0
VERTEX
  8
85
  10
969.068359
  20
1206.218506
  0
VERTEX
  8
85
  10
971.469666
  20
1203.450562
  0
VERTEX
  8
85
  10
974.010376
  20
1200.808350
  0
VERTEX
  8
85
  10
976.655823
  20
1198.298950
  0
VERTEX
  8
85
  10
979.433716
  20
1195.942627
  0
VERTEX
  8
85
  10
985.412720
  20
1191.634277
  0
VERTEX
  8
85
  10
983.366638
  20
1174.718750
  0
VERTEX
  8
85
  10
981.514832
  20
1157.787598
  0
VERTEX
  8
85
  10
979.854797
  20
1140.830200
  0
VERTEX
  8
85
  10
978.417786
  20
1123.858765
  0
VERTEX
  8
85
  10
977.176880
  20
1106.866577
  0
VERTEX
  8
85
  10
976.126953
  20
1089.864990
  0
VERTEX
  8
85
  10
975.691040
  20
1081.356689
  0
VERTEX
  8
85
  10
975.364258
  20
1072.843506
  0
VERTEX
  8
85
  10
975.223206
  20
1066.428589
  0
VERTEX
  8
85
  10
975.201782
  20
1060.012451
  0
VERTEX
  8
85
  10
975.321228
  20
1053.597656
  0
VERTEX
  8
85
  10
975.577759
  20
1047.186279
  0
VERTEX
  8
85
  10
975.965515
  20
1040.781372
  0
VERTEX
  8
85
  10
976.494995
  20
1034.387329
  0
VERTEX
  8
85
  10
977.914185
  20
1021.634155
  0
VERTEX
  8
85
  10
1021.420166
  20
839.773804
  0
VERTEX
  8
85
  10
1014.531982
  20
838.391724
  0
VERTEX
  8
85
  10
1007.635620
  20
837.069641
  0
VERTEX
  8
85
  10
1000.716125
  20
835.866943
  0
VERTEX
  8
85
  10
995.478821
  20
835.071045
  0
VERTEX
  8
85
  10
990.228149
  20
834.377747
  0
VERTEX
  8
85
  10
984.963257
  20
833.786865
  0
VERTEX
  8
85
  10
980.392578
  20
833.356567
  0
VERTEX
  8
85
  10
975.817444
  20
832.994995
  0
VERTEX
  8
85
  10
971.238159
  20
832.693359
  0
VERTEX
  8
85
  10
966.654907
  20
832.442871
  0
VERTEX
  8
85
  10
962.067993
  20
832.234741
  0
VERTEX
  8
85
  10
954.409973
  20
831.962280
  0
VERTEX
  8
85
  10
946.752686
  20
831.767639
  0
VERTEX
  8
85
  10
939.091675
  20
831.634155
  0
VERTEX
  8
85
  10
927.861206
  20
831.522339
  0
VERTEX
  8
85
  10
916.630127
  20
831.500488
  0
VERTEX
  8
85
  10
894.162231
  20
831.634155
  0
VERTEX
  8
85
  10
879.182007
  20
831.711060
  0
VERTEX
  8
85
  10
864.206421
  20
831.746155
  0
VERTEX
  8
85
  10
849.233154
  20
831.747681
  0
VERTEX
  8
85
  10
834.259827
  20
831.723938
  0
VERTEX
  8
85
  10
819.283997
  20
831.683289
  0
VERTEX
  8
85
  10
804.303223
  20
831.634033
  0
SEQEND
  0
TEXT
  8
1
  10
804.303223
  20
1124.067261
  50
0.000000
  1
PIECE NAME: 9
  7
STANDARD
  0
TEXT
  8
1
  10
804.303223
  20
1119.067261
  50
0.000000
  1
SIZE: M
  7
STANDARD
  0
TEXT
  8
1
  10
804.303223
  20
1109.067261
  50
0.000000
  1
QUANTITY: 1
  7
STANDARD
  0
ENDBLK
  0
BLOCK
  8
1
  2
8_M
  70
64
  10
0
  20
0
  0
POLYLINE
  8
1
  66
1
  70
1
  250
0
  0
VERTEX
  8
1
  10
453.230438
  20
1159.010132
  0
VERTEX
  8
1
  10
577.944885
  20
1159.010132
  0
VERTEX
  8
1
  10
579.744019
  20
1170.315063
  0
VERTEX
  8
1
  10
582.690918
  20
1188.298462
  0
VERTEX
  8
1
  10
586.923096
  20
1212.910889
  0
VERTEX
  8
1
  10
591.343811
  20
1237.491577
  0
VERTEX
  8
1
  10
595.948914
  20
1262.038696
  0
VERTEX
  8
1
  10
587.530151
  20
1262.188599
  0
VERTEX
  8
1
  10
579.136597
  20
1262.875732
  0
VERTEX
  8
1
  10
570.818359
  20
1264.177246
  0
VERTEX
  8
1
  10
562.783447
  20
1266.684692
  0
VERTEX
  8
1
  10
556.691040
  20
1269.541016
  0
VERTEX
  8
1
  10
551.018799
  20
1273.160522
  0
VERTEX
  8
1
  10
545.803467
  20
1277.429321
  0
VERTEX
  8
1
  10
541.185791
  20
1282.306030
  0
VERTEX
  8
1
  10
536.910522
  20
1287.534912
  0
VERTEX
  8
1
  10
528.719238
  20
1298.234375
  0
VERTEX
  8
1
  10
520.990723
  20
1309.275513
  0
VERTEX
  8
1
  10
513.834717
  20
1320.694092
  0
VERTEX
  8
1
  10
506.457123
  20
1331.969116
  0
VERTEX
  8
1
  10
502.703888
  20
1337.572021
  0
VERTEX
  8
1
  10
498.755096
  20
1343.026855
  0
VERTEX
  8
1
  10
494.491791
  20
1348.261719
  0
VERTEX
  8
1
  10
489.824677
  20
1353.100098
  0
VERTEX
  8
1
  10
484.602692
  20
1357.348755
  0
VERTEX
  8
1
  10
478.941925
  20
1360.985718
  0
VERTEX
  8
1
  10
472.881439
  20
1363.947876
  0
VERTEX
  8
1
  10
466.525482
  20
1366.220215
  0
VERTEX
  8
1
  10
459.983246
  20
1367.804688
  0
VERTEX
  8
1
  10
453.230438
  20
1368.685913
  0
SEQEND
  0
TEXT
  8
1
  10
577.944885
  20
1159.010132
  40
0.250000
  50
0.000000
  1
# 27
  7
STANDARD
  0
TEXT
  8
1
  10
595.948914
  20
1262.038696
  40
0.250000
  50
0.000000
  1
# 28
  7
STANDARD
  0
TEXT
  8
1
  10
453.230438
  20
1368.685913
  40
0.250000
  50
0.000000
  1
# 29
  7
STANDARD
  0
POINT
  8
2
  10
453.230438
  20
1159.010132
  0
POINT
  8
2
  10
577.944885
  20
1159.010132
  0
POINT
  8
2
  10
595.948914
  20
1262.038696
  0
POINT
  8
2
  10
453.230438
  20
1368.685913
  0
POINT
  8
3
  10
579.744019
  20
1170.315063
  0
POINT
  8
3
  10
582.690918
  20
1188.298462
  0
POINT
  8
3
  10
586.923096
  20
1212.910889
  0
POINT
  8
3
  10
591.343811
  20
1237.491577
  0
POINT
  8
3
  10
587.530151
  20
1262.188599
  0
POINT
  8
3
  10
579.136597
  20
1262.875732
  0
POINT
  8
3
  10
570.818359
  20
1264.177246
  0
POINT
  8
3
  10
562.783447
  20
1266.684692
  0
POINT
  8
3
  10
556.691040
  20
1269.541016
  0
POINT
  8
3
  10
551.018799
  20
1273.160522
  0
POINT
  8
3
  10
545.803467
  20
1277.429321
  0
POINT
  8
3
  10
541.185791
  20
1282.306030
  0
POINT
  8
3
  10
536.910522
  20
1287.534912
  0
POINT
  8
3
  10
528.719238
  20
1298.234375
  0
POINT
  8
3
  10
520.990723
  20
1309.275513
  0
POINT
  8
3
  10
513.834717
  20
1320.694092
  0
POINT
  8
3
  10
506.457123
  20
1331.969116
  0
POINT
  8
3
  10
502.703888
  20
1337.572021
  0
POINT
  8
3
  10
498.755096
  20
1343.026855
  0
POINT
  8
3
  10
494.491791
  20
1348.261719
  0
POINT
  8
3
  10
489.824677
  20
1353.100098
  0
POINT
  8
3
  10
484.602692
  20
1357.348755
  0
POINT
  8
3
  10
478.941925
  20
1360.985718
  0
POINT
  8
3
  10
472.881439
  20
1363.947876
  0
POINT
  8
3
  10
466.525482
  20
1366.220215
  0
POINT
  8
3
  10
459.983246
  20
1367.804688
  0
POLYLINE
  8
84
  66
1
  70
1
  250
1
  0
VERTEX
  8
84
  10
577.944885
  20
1159.010132
  0
VERTEX
  8
84
  10
579.744019
  20
1170.315063
  0
VERTEX
  8
84
  10
582.690918
  20
1188.298462
  0
VERTEX
  8
84
  10
584.781616
  20
1200.609009
  0
VERTEX
  8
84
  10
586.923096
  20
1212.910889
  0
VERTEX
  8
84
  10
589.108582
  20
1225.205688
  0
VERTEX
  8
84
  10
591.343811
  20
1237.491577
  0
VERTEX
  8
84
  10
595.948914
  20
1262.038696
  0
VERTEX
  8
84
  10
587.530151
  20
1262.188599
  0
VERTEX
  8
84
  10
579.136597
  20
1262.875732
  0
VERTEX
  8
84
  10
574.956909
  20
1263.412354
  0
VERTEX
  8
84
  10
570.818359
  20
1264.177246
  0
VERTEX
  8
84
  10
568.098938
  20
1264.870361
  0
VERTEX
  8
84
  10
565.419373
  20
1265.710327
  0
VERTEX
  8
84
  10
562.783447
  20
1266.684692
  0
VERTEX
  8
84
  10
559.690918
  20
1268.017700
  0
VERTEX
  8
84
  10
556.691040
  20
1269.541016
  0
VERTEX
  8
84
  10
553.800537
  20
1271.263062
  0
VERTEX
  8
84
  10
551.018799
  20
1273.160522
  0
VERTEX
  8
84
  10
548.342712
  20
1275.213623
  0
VERTEX
  8
84
  10
545.803467
  20
1277.429321
  0
VERTEX
  8
84
  10
543.429932
  20
1279.804810
  0
VERTEX
  8
84
  10
541.185791
  20
1282.306030
  0
VERTEX
  8
84
  10
536.910522
  20
1287.534912
  0
VERTEX
  8
84
  10
532.771301
  20
1292.850708
  0
VERTEX
  8
84
  10
528.719238
  20
1298.234375
  0
VERTEX
  8
84
  10
524.773682
  20
1303.699341
  0
VERTEX
  8
84
  10
520.990723
  20
1309.275513
  0
VERTEX
  8
84
  10
513.834717
  20
1320.694092
  0
VERTEX
  8
84
  10
506.457123
  20
1331.969116
  0
VERTEX
  8
84
  10
502.703888
  20
1337.572021
  0
VERTEX
  8
84
  10
498.755096
  20
1343.026855
  0
VERTEX
  8
84
  10
494.491791
  20
1348.261719
  0
VERTEX
  8
84
  10
492.222107
  20
1350.743652
  0
VERTEX
  8
84
  10
489.824677
  20
1353.100098
  0
VERTEX
  8
84
  10
487.277893
  20
1355.301880
  0
VERTEX
  8
84
  10
484.602692
  20
1357.348755
  0
VERTEX
  8
84
  10
481.822906
  20
1359.246948
  0
VERTEX
  8
84
  10
478.941925
  20
1360.985718
  0
VERTEX
  8
84
  10
475.954895
  20
1362.555054
  0
VERTEX
  8
84
  10
472.881439
  20
1363.947876
  0
VERTEX
  8
84
  10
466.525482
  20
1366.220215
  0
VERTEX
  8
84
  10
463.275970
  20
1367.108032
  0
VERTEX
  8
84
  10
459.983246
  20
1367.804688
  0
VERTEX
  8
84
  10
453.230438
  20
1368.685913
  0
VERTEX
  8
84
  10
453.230438
  20
1159.010132
  0
SEQEND
  0
LINE
  8
7
  10
524.589661
  20
1173.848022
  11
524.589661
  21
1353.848022
  0
POLYLINE
  8
14
  66
1
  70
1
  250
2
  0
VERTEX
  8
14
  10
453.230438
  20
1159.010132
  0
VERTEX
  8
14
  10
577.944885
  20
1159.010132
  0
VERTEX
  8
14
  10
579.744019
  20
1170.315063
  0
VERTEX
  8
14
  10
582.690918
  20
1188.298462
  0
VERTEX
  8
14
  10
586.923096
  20
1212.910889
  0
VERTEX
  8
14
  10
591.343811
  20
1237.491577
  0
VERTEX
  8
14
  10
595.948914
  20
1262.038696
  0
VERTEX
  8
14
  10
587.530151
  20
1262.188599
  0
VERTEX
  8
14
  10
579.136597
  20
1262.875732
  0
VERTEX
  8
14
  10
570.818359
  20
1264.177246
  0
VERTEX
  8
14
  10
562.783447
  20
1266.684692
  0
VERTEX
  8
14
  10
556.691040
  20
1269.541016
  0
VERTEX
  8
14
  10
551.018799
  20
1273.160522
  0
VERTEX
  8
14
  10
545.803467
  20
1277.429321
  0
VERTEX
  8
14
  10
541.185791
  20
1282.306030
  0
VERTEX
  8
14
  10
536.910522
  20
1287.534912
  0
VERTEX
  8
14
  10
528.719238
  20
1298.234375
  0
VERTEX
  8
14
  10
520.990723
  20
1309.275513
  0
VERTEX
  8
14
  10
513.834717
  20
1320.694092
  0
VERTEX
  8
14
  10
506.457123
  20
1331.969116
  0
VERTEX
  8
14
  10
502.703888
  20
1337.572021
  0
VERTEX
  8
14
  10
498.755096
  20
1343.026855
  0
VERTEX
  8
14
  10
494.491791
  20
1348.261719
  0
VERTEX
  8
14
  10
489.824677
  20
1353.100098
  0
VERTEX
  8
14
  10
484.602692
  20
1357.348755
  0
VERTEX
  8
14
  10
478.941925
  20
1360.985718
  0
VERTEX
  8
14
  10
472.881439
  20
1363.947876
  0
VERTEX
  8
14
  10
466.525482
  20
1366.220215
  0
VERTEX
  8
14
  10
459.983246
  20
1367.804688
  0
VERTEX
  8
14
  10
453.230438
  20
1368.685913
  0
SEQEND
  0
TEXT
  8
14
  10
577.944885
  20
1159.010132
  40
0.250000
  50
0.000000
  1
# 27
  7
STANDARD
  0
TEXT
  8
14
  10
595.948914
  20
1262.038696
  40
0.250000
  50
0.000000
  1
# 28
  7
STANDARD
  0
TEXT
  8
14
  10
453.230438
  20
1368.685913
  40
0.250000
  50
0.000000
  1
# 29
  7
STANDARD
  0
POINT
  8
2
  10
453.230438
  20
1159.010132
  0
POINT
  8
2
  10
577.944885
  20
1159.010132
  0
POINT
  8
2
  10
595.948914
  20
1262.038696
  0
POINT
  8
2
  10
453.230438
  20
1368.685913
  0
POINT
  8
3
  10
579.744019
  20
1170.315063
  0
POINT
  8
3
  10
582.690918
  20
1188.298462
  0
POINT
  8
3
  10
586.923096
  20
1212.910889
  0
POINT
  8
3
  10
591.343811
  20
1237.491577
  0
POINT
  8
3
  10
587.530151
  20
1262.188599
  0
POINT
  8
3
  10
579.136597
  20
1262.875732
  0
POINT
  8
3
  10
570.818359
  20
1264.177246
  0
POINT
  8
3
  10
562.783447
  20
1266.684692
  0
POINT
  8
3
  10
556.691040
  20
1269.541016
  0
POINT
  8
3
  10
551.018799
  20
1273.160522
  0
POINT
  8
3
  10
545.803467
  20
1277.429321
  0
POINT
  8
3
  10
541.185791
  20
1282.306030
  0
POINT
  8
3
  10
536.910522
  20
1287.534912
  0
POINT
  8
3
  10
528.719238
  20
1298.234375
  0
POINT
  8
3
  10
520.990723
  20
1309.275513
  0
POINT
  8
3
  10
513.834717
  20
1320.694092
  0
POINT
  8
3
  10
506.457123
  20
1331.969116
  0
POINT
  8
3
  10
502.703888
  20
1337.572021
  0
POINT
  8
3
  10
498.755096
  20
1343.026855
  0
POINT
  8
3
  10
494.491791
  20
1348.261719
  0
POINT
  8
3
  10
489.824677
  20
1353.100098
  0
POINT
  8
3
  10
484.602692
  20
1357.348755
  0
POINT
  8
3
  10
478.941925
  20
1360.985718
  0
POINT
  8
3
  10
472.881439
  20
1363.947876
  0
POINT
  8
3
  10
466.525482
  20
1366.220215
  0
POINT
  8
3
  10
459.983246
  20
1367.804688
  0
TEXT
  8
15
  10
442.518524
  20
1249.638550
  40
8.328125
  50
270.000000
  999
11.000000
  1000
3
  1
8
  7
STANDARD
  0
POLYLINE
  8
87
  66
1
  70
1
  250
2
  0
VERTEX
  8
87
  10
577.944885
  20
1159.010132
  0
VERTEX
  8
87
  10
579.744019
  20
1170.315063
  0
VERTEX
  8
87
  10
582.690918
  20
1188.298462
  0
VERTEX
  8
87
  10
584.781616
  20
1200.609009
  0
VERTEX
  8
87
  10
586.923096
  20
1212.910889
  0
VERTEX
  8
87
  10
589.108582
  20
1225.205688
  0
VERTEX
  8
87
  10
591.343811
  20
1237.491577
  0
VERTEX
  8
87
  10
595.948914
  20
1262.038696
  0
VERTEX
  8
87
  10
587.530151
  20
1262.188599
  0
VERTEX
  8
87
  10
579.136597
  20
1262.875732
  0
VERTEX
  8
87
  10
574.956909
  20
1263.412354
  0
VERTEX
  8
87
  10
570.818359
  20
1264.177246
  0
VERTEX
  8
87
  10
568.098938
  20
1264.870361
  0
VERTEX
  8
87
  10
565.419373
  20
1265.710327
  0
VERTEX
  8
87
  10
562.783447
  20
1266.684692
  0
VERTEX
  8
87
  10
559.690918
  20
1268.017700
  0
VERTEX
  8
87
  10
556.691040
  20
1269.541016
  0
VERTEX
  8
87
  10
553.800537
  20
1271.263062
  0
VERTEX
  8
87
  10
551.018799
  20
1273.160522
  0
VERTEX
  8
87
  10
548.342712
  20
1275.213623
  0
VERTEX
  8
87
  10
545.803467
  20
1277.429321
  0
VERTEX
  8
87
  10
543.429932
  20
1279.804810
  0
VERTEX
  8
87
  10
541.185791
  20
1282.306030
  0
VERTEX
  8
87
  10
536.910522
  20
1287.534912
  0
VERTEX
  8
87
  10
532.771301
  20
1292.850708
  0
VERTEX
  8
87
  10
528.719238
  20
1298.234375
  0
VERTEX
  8
87
  10
524.773682
  20
1303.699341
  0
VERTEX
  8
87
  10
520.990723
  20
1309.275513
  0
VERTEX
  8
87
  10
513.834717
  20
1320.694092
  0
VERTEX
  8
87
  10
506.457123
  20
1331.969116
  0
VERTEX
  8
87
  10
502.703888
  20
1337.572021
  0
VERTEX
  8
87
  10
498.755096
  20
1343.026855
  0
VERTEX
  8
87
  10
494.491791
  20
1348.261719
  0
VERTEX
  8
87
  10
492.222107
  20
1350.743652
  0
VERTEX
  8
87
  10
489.824677
  20
1353.100098
  0
VERTEX
  8
87
  10
487.277893
  20
1355.301880
  0
VERTEX
  8
87
  10
484.602692
  20
1357.348755
  0
VERTEX
  8
87
  10
481.822906
  20
1359.246948
  0
VERTEX
  8
87
  10
478.941925
  20
1360.985718
  0
VERTEX
  8
87
  10
475.954895
  20
1362.555054
  0
VERTEX
  8
87
  10
472.881439
  20
1363.947876
  0
VERTEX
  8
87
  10
466.525482
  20
1366.220215
  0
VERTEX
  8
87
  10
463.275970
  20
1367.108032
  0
VERTEX
  8
87
  10
459.983246
  20
1367.804688
  0
VERTEX
  8
87
  10
453.230438
  20
1368.685913
  0
VERTEX
  8
87
  10
453.230438
  20
1159.010132
  0
SEQEND
  0
POLYLINE
  8
8
  66
1
  70
1
  250
1
  0
VERTEX
  8
8
  10
453.230438
  20
1159.010132
  0
VERTEX
  8
8
  10
577.944885
  20
1159.010132
  0
VERTEX
  8
8
  10
579.744019
  20
1170.315063
  0
VERTEX
  8
8
  10
582.690918
  20
1188.298462
  0
VERTEX
  8
8
  10
584.781616
  20
1200.609009
  0
VERTEX
  8
8
  10
586.923096
  20
1212.910889
  0
VERTEX
  8
8
  10
589.108582
  20
1225.205688
  0
VERTEX
  8
8
  10
591.343811
  20
1237.491577
  0
VERTEX
  8
8
  10
595.948914
  20
1262.038696
  0
VERTEX
  8
8
  10
587.530151
  20
1262.188599
  0
VERTEX
  8
8
  10
579.136597
  20
1262.875732
  0
VERTEX
  8
8
  10
574.956909
  20
1263.412354
  0
VERTEX
  8
8
  10
570.818359
  20
1264.177246
  0
VERTEX
  8
8
  10
568.098938
  20
1264.870361
  0
VERTEX
  8
8
  10
565.419373
  20
1265.710327
  0
VERTEX
  8
8
  10
562.783447
  20
1266.684692
  0
VERTEX
  8
8
  10
559.690918
  20
1268.017700
  0
VERTEX
  8
8
  10
556.691040
  20
1269.541016
  0
VERTEX
  8
8
  10
553.800537
  20
1271.263062
  0
VERTEX
  8
8
  10
551.018799
  20
1273.160522
  0
VERTEX
  8
8
  10
548.342712
  20
1275.213623
  0
VERTEX
  8
8
  10
545.803467
  20
1277.429321
  0
VERTEX
  8
8
  10
543.429932
  20
1279.804810
  0
VERTEX
  8
8
  10
541.185791
  20
1282.306030
  0
VERTEX
  8
8
  10
536.910522
  20
1287.534912
  0
VERTEX
  8
8
  10
532.771301
  20
1292.850708
  0
VERTEX
  8
8
  10
528.719238
  20
1298.234375
  0
VERTEX
  8
8
  10
524.773682
  20
1303.699341
  0
VERTEX
  8
8
  10
520.990723
  20
1309.275513
  0
VERTEX
  8
8
  10
513.834717
  20
1320.694092
  0
VERTEX
  8
8
  10
506.457123
  20
1331.969116
  0
VERTEX
  8
8
  10
502.703888
  20
1337.572021
  0
VERTEX
  8
8
  10
498.755096
  20
1343.026855
  0
VERTEX
  8
8
  10
494.491791
  20
1348.261719
  0
VERTEX
  8
8
  10
492.222107
  20
1350.743652
  0
VERTEX
  8
8
  10
489.824677
  20
1353.100098
  0
VERTEX
  8
8
  10
487.277893
  20
1355.301880
  0
VERTEX
  8
8
  10
484.602692
  20
1357.348755
  0
VERTEX
  8
8
  10
481.822906
  20
1359.246948
  0
VERTEX
  8
8
  10
478.941925
  20
1360.985718
  0
VERTEX
  8
8
  10
475.954895
  20
1362.555054
  0
VERTEX
  8
8
  10
472.881439
  20
1363.947876
  0
VERTEX
  8
8
  10
466.525482
  20
1366.220215
  0
VERTEX
  8
8
  10
463.275970
  20
1367.108032
  0
VERTEX
  8
8
  10
459.983246
  20
1367.804688
  0
VERTEX
  8
8
  10
453.230438
  20
1368.685913
  0
SEQEND
  0
POINT
  8
2
  10
453.230438
  20
1159.010132
  0
POINT
  8
2
  10
577.944885
  20
1159.010132
  0
POINT
  8
2
  10
595.948914
  20
1262.038696
  0
POINT
  8
2
  10
453.230438
  20
1368.685913
  0
POINT
  8
3
  10
579.744019
  20
1170.315063
  0
POINT
  8
3
  10
582.690918
  20
1188.298462
  0
POINT
  8
3
  10
584.781616
  20
1200.609009
  0
POINT
  8
3
  10
586.923096
  20
1212.910889
  0
POINT
  8
3
  10
589.108582
  20
1225.205688
  0
POINT
  8
3
  10
591.343811
  20
1237.491577
  0
POINT
  8
3
  10
587.530151
  20
1262.188599
  0
POINT
  8
3
  10
579.136597
  20
1262.875732
  0
POINT
  8
3
  10
574.956909
  20
1263.412354
  0
POINT
  8
3
  10
570.818359
  20
1264.177246
  0
POINT
  8
3
  10
568.098938
  20
1264.870361
  0
POINT
  8
3
  10
565.419373
  20
1265.710327
  0
POINT
  8
3
  10
562.783447
  20
1266.684692
  0
POINT
  8
3
  10
559.690918
  20
1268.017700
  0
POINT
  8
3
  10
556.691040
  20
1269.541016
  0
POINT
  8
3
  10
553.800537
  20
1271.263062
  0
POINT
  8
3
  10
551.018799
  20
1273.160522
  0
POINT
  8
3
  10
548.342712
  20
1275.213623
  0
POINT
  8
3
  10
545.803467
  20
1277.429321
  0
POINT
  8
3
  10
543.429932
  20
1279.804810
  0
POINT
  8
3
  10
541.185791
  20
1282.306030
  0
POINT
  8
3
  10
536.910522
  20
1287.534912
  0
POINT
  8
3
  10
532.771301
  20
1292.850708
  0
POINT
  8
3
  10
528.719238
  20
1298.234375
  0
POINT
  8
3
  10
524.773682
  20
1303.699341
  0
POINT
  8
3
  10
520.990723
  20
1309.275513
  0
POINT
  8
3
  10
513.834717
  20
1320.694092
  0
POINT
  8
3
  10
506.457123
  20
1331.969116
  0
POINT
  8
3
  10
502.703888
  20
1337.572021
  0
POINT
  8
3
  10
498.755096
  20
1343.026855
  0
POINT
  8
3
  10
494.491791
  20
1348.261719
  0
POINT
  8
3
  10
492.222107
  20
1350.743652
  0
POINT
  8
3
  10
489.824677
  20
1353.100098
  0
POINT
  8
3
  10
487.277893
  20
1355.301880
  0
POINT
  8
3
  10
484.602692
  20
1357.348755
  0
POINT
  8
3
  10
481.822906
  20
1359.246948
  0
POINT
  8
3
  10
478.941925
  20
1360.985718
  0
POINT
  8
3
  10
475.954895
  20
1362.555054
  0
POINT
  8
3
  10
472.881439
  20
1363.947876
  0
POINT
  8
3
  10
466.525482
  20
1366.220215
  0
POINT
  8
3
  10
463.275970
  20
1367.108032
  0
POINT
  8
3
  10
459.983246
  20
1367.804688
  0
POLYLINE
  8
85
  66
1
  70
1
  250
1
  0
VERTEX
  8
85
  10
577.944885
  20
1159.010132
  0
VERTEX
  8
85
  10
579.744019
  20
1170.315063
  0
VERTEX
  8
85
  10
582.690918
  20
1188.298462
  0
VERTEX
  8
85
  10
584.781616
  20
1200.609009
  0
VERTEX
  8
85
  10
586.923096
  20
1212.910889
  0
VERTEX
  8
85
  10
589.108582
  20
1225.205688
  0
VERTEX
  8
85
  10
591.343811
  20
1237.491577
  0
VERTEX
  8
85
  10
595.948914
  20
1262.038696
  0
VERTEX
  8
85
  10
587.530151
  20
1262.188599
  0
VERTEX
  8
85
  10
579.136597
  20
1262.875732
  0
VERTEX
  8
85
  10
574.956909
  20
1263.412354
  0
VERTEX
  8
85
  10
570.818359
  20
1264.177246
  0
VERTEX
  8
85
  10
568.098938
  20
1264.870361
  0
VERTEX
  8
85
  10
565.419373
  20
1265.710327
  0
VERTEX
  8
85
  10
562.783447
  20
1266.684692
  0
VERTEX
  8
85
  10
559.690918
  20
1268.017700
  0
VERTEX
  8
85
  10
556.691040
  20
1269.541016
  0
VERTEX
  8
85
  10
553.800537
  20
1271.263062
  0
VERTEX
  8
85
  10
551.018799
  20
1273.160522
  0
VERTEX
  8
85
  10
548.342712
  20
1275.213623
  0
VERTEX
  8
85
  10
545.803467
  20
1277.429321
  0
VERTEX
  8
85
  10
543.429932
  20
1279.804810
  0
VERTEX
  8
85
  10
541.185791
  20
1282.306030
  0
VERTEX
  8
85
  10
536.910522
  20
1287.534912
  0
VERTEX
  8
85
  10
532.771301
  20
1292.850708
  0
VERTEX
  8
85
  10
528.719238
  20
1298.234375
  0
VERTEX
  8
85
  10
524.773682
  20
1303.699341
  0
VERTEX
  8
85
  10
520.990723
  20
1309.275513
  0
VERTEX
  8
85
  10
513.834717
  20
1320.694092
  0
VERTEX
  8
85
  10
506.457123
  20
1331.969116
  0
VERTEX
  8
85
  10
502.703888
  20
1337.572021
  0
VERTEX
  8
85
  10
498.755096
  20
1343.026855
  0
VERTEX
  8
85
  10
494.491791
  20
1348.261719
  0
VERTEX
  8
85
  10
492.222107
  20
1350.743652
  0
VERTEX
  8
85
  10
489.824677
  20
1353.100098
  0
VERTEX
  8
85
  10
487.277893
  20
1355.301880
  0
VERTEX
  8
85
  10
484.602692
  20
1357.348755
  0
VERTEX
  8
85
  10
481.822906
  20
1359.246948
  0
VERTEX
  8
85
  10
478.941925
  20
1360.985718
  0
VERTEX
  8
85
  10
475.954895
  20
1362.555054
  0
VERTEX
  8
85
  10
472.881439
  20
1363.947876
  0
VERTEX
  8
85
  10
466.525482
  20
1366.220215
  0
VERTEX
  8
85
  10
463.275970
  20
1367.108032
  0
VERTEX
  8
85
  10
459.983246
  20
1367.804688
  0
VERTEX
  8
85
  10
453.230438
  20
1368.685913
  0
VERTEX
  8
85
  10
453.230438
  20
1159.010132
  0
SEQEND
  0
TEXT
  8
1
  10
524.589661
  20
1263.848022
  50
0.000000
  1
PIECE NAME: 8
  7
STANDARD
  0
TEXT
  8
1
  10
524.589661
  20
1258.848022
  50
0.000000
  1
SIZE: M
  7
STANDARD
  0
TEXT
  8
1
  10
524.589661
  20
1248.848022
  50
0.000000
  1
QUANTITY: 1
  7
STANDARD
  0
ENDBLK
  0
BLOCK
  8
1
  2
10_M
  70
64
  10
0
  20
0
  0
POLYLINE
  8
1
  66
1
  70
1
  250
0
  0
VERTEX
  8
1
  10
436.760803
  20
1368.709961
  0
VERTEX
  8
1
  10
427.813232
  20
1369.154907
  0
VERTEX
  8
1
  10
418.868530
  20
1368.614014
  0
VERTEX
  8
1
  10
410.035278
  20
1367.123047
  0
VERTEX
  8
1
  10
401.464417
  20
1364.515137
  0
VERTEX
  8
1
  10
393.294678
  20
1360.840454
  0
VERTEX
  8
1
  10
385.650330
  20
1356.166260
  0
VERTEX
  8
1
  10
378.621338
  20
1350.614136
  0
VERTEX
  8
1
  10
372.121399
  20
1344.445557
  0
VERTEX
  8
1
  10
365.233826
  20
1337.310181
  0
VERTEX
  8
1
  10
358.574463
  20
1329.961060
  0
VERTEX
  8
1
  10
352.089539
  20
1322.457764
  0
VERTEX
  8
1
  10
343.541077
  20
1312.009644
  0
VERTEX
  8
1
  10
334.013123
  20
1301.196045
  0
VERTEX
  8
1
  10
329.030457
  20
1295.983643
  0
VERTEX
  8
1
  10
323.857666
  20
1290.965942
  0
VERTEX
  8
1
  10
318.446106
  20
1286.202148
  0
VERTEX
  8
1
  10
312.810242
  20
1281.709351
  0
VERTEX
  8
1
  10
306.962952
  20
1277.487549
  0
VERTEX
  8
1
  10
300.870667
  20
1273.645996
  0
VERTEX
  8
1
  10
294.462769
  20
1270.367065
  0
VERTEX
  8
1
  10
287.874939
  20
1267.426514
  0
VERTEX
  8
1
  10
281.231689
  20
1264.637207
  0
VERTEX
  8
1
  10
274.493958
  20
1262.062744
  0
VERTEX
  8
1
  10
279.099182
  20
1237.515625
  0
VERTEX
  8
1
  10
283.519958
  20
1212.934937
  0
VERTEX
  8
1
  10
287.752014
  20
1188.322510
  0
VERTEX
  8
1
  10
290.699036
  20
1170.339111
  0
VERTEX
  8
1
  10
292.497986
  20
1159.034180
  0
VERTEX
  8
1
  10
436.760803
  20
1159.034180
  0
SEQEND
  0
TEXT
  8
1
  10
436.760803
  20
1368.709961
  40
0.250000
  50
0.000000
  1
# 29
  7
STANDARD
  0
TEXT
  8
1
  10
274.493958
  20
1262.062744
  40
0.250000
  50
0.000000
  1
# 30
  7
STANDARD
  0
TEXT
  8
1
  10
292.497986
  20
1159.034180
  40
0.250000
  50
0.000000
  1
# 31
  7
STANDARD
  0
POINT
  8
2
  10
436.760803
  20
1368.709961
  0
POINT
  8
2
  10
274.493958
  20
1262.062744
  0
POINT
  8
2
  10
292.497986
  20
1159.034180
  0
POINT
  8
2
  10
436.760803
  20
1159.034180
  0
POINT
  8
3
  10
427.813232
  20
1369.154907
  0
POINT
  8
3
  10
418.868530
  20
1368.614014
  0
POINT
  8
3
  10
410.035278
  20
1367.123047
  0
POINT
  8
3
  10
401.464417
  20
1364.515137
  0
POINT
  8
3
  10
393.294678
  20
1360.840454
  0
POINT
  8
3
  10
385.650330
  20
1356.166260
  0
POINT
  8
3
  10
378.621338
  20
1350.614136
  0
POINT
  8
3
  10
372.121399
  20
1344.445557
  0
POINT
  8
3
  10
365.233826
  20
1337.310181
  0
POINT
  8
3
  10
358.574463
  20
1329.961060
  0
POINT
  8
3
  10
352.089539
  20
1322.457764
  0
POINT
  8
3
  10
343.541077
  20
1312.009644
  0
POINT
  8
3
  10
334.013123
  20
1301.196045
  0
POINT
  8
3
  10
329.030457
  20
1295.983643
  0
POINT
  8
3
  10
323.857666
  20
1290.965942
  0
POINT
  8
3
  10
318.446106
  20
1286.202148
  0
POINT
  8
3
  10
312.810242
  20
1281.709351
  0
POINT
  8
3
  10
306.962952
  20
1277.487549
  0
POINT
  8
3
  10
300.870667
  20
1273.645996
  0
POINT
  8
3
  10
294.462769
  20
1270.367065
  0
POINT
  8
3
  10
287.874939
  20
1267.426514
  0
POINT
  8
3
  10
281.231689
  20
1264.637207
  0
POINT
  8
3
  10
279.099182
  20
1237.515625
  0
POINT
  8
3
  10
283.519958
  20
1212.934937
  0
POINT
  8
3
  10
287.752014
  20
1188.322510
  0
POINT
  8
3
  10
290.699036
  20
1170.339111
  0
POLYLINE
  8
84
  66
1
  70
1
  250
1
  0
VERTEX
  8
84
  10
432.288086
  20
1369.012329
  0
VERTEX
  8
84
  10
427.813232
  20
1369.154907
  0
VERTEX
  8
84
  10
423.335693
  20
1369.014526
  0
VERTEX
  8
84
  10
418.868530
  20
1368.614014
  0
VERTEX
  8
84
  10
414.428833
  20
1367.994507
  0
VERTEX
  8
84
  10
410.035278
  20
1367.123047
  0
VERTEX
  8
84
  10
405.707947
  20
1365.960205
  0
VERTEX
  8
84
  10
401.464417
  20
1364.515137
  0
VERTEX
  8
84
  10
397.321350
  20
1362.806274
  0
VERTEX
  8
84
  10
393.294678
  20
1360.840454
  0
VERTEX
  8
84
  10
389.399292
  20
1358.623169
  0
VERTEX
  8
84
  10
385.650330
  20
1356.166260
  0
VERTEX
  8
84
  10
382.059113
  20
1353.487183
  0
VERTEX
  8
84
  10
378.621338
  20
1350.614136
  0
VERTEX
  8
84
  10
375.322083
  20
1347.582397
  0
VERTEX
  8
84
  10
372.121399
  20
1344.445557
  0
VERTEX
  8
84
  10
365.233826
  20
1337.310181
  0
VERTEX
  8
84
  10
358.574463
  20
1329.961060
  0
VERTEX
  8
84
  10
352.089539
  20
1322.457764
  0
VERTEX
  8
84
  10
343.541077
  20
1312.009644
  0
VERTEX
  8
84
  10
340.430511
  20
1308.347412
  0
VERTEX
  8
84
  10
337.253540
  20
1304.744385
  0
VERTEX
  8
84
  10
334.013123
  20
1301.196045
  0
VERTEX
  8
84
  10
329.030457
  20
1295.983643
  0
VERTEX
  8
84
  10
323.857666
  20
1290.965942
  0
VERTEX
  8
84
  10
318.446106
  20
1286.202148
  0
VERTEX
  8
84
  10
312.810242
  20
1281.709351
  0
VERTEX
  8
84
  10
306.962952
  20
1277.487549
  0
VERTEX
  8
84
  10
300.870667
  20
1273.645996
  0
VERTEX
  8
84
  10
294.462769
  20
1270.367065
  0
VERTEX
  8
84
  10
287.874939
  20
1267.426514
  0
VERTEX
  8
84
  10
281.231689
  20
1264.637207
  0
VERTEX
  8
84
  10
274.493958
  20
1262.062744
  0
VERTEX
  8
84
  10
279.099182
  20
1237.515625
  0
VERTEX
  8
84
  10
281.334473
  20
1225.229736
  0
VERTEX
  8
84
  10
283.519958
  20
1212.934937
  0
VERTEX
  8
84
  10
285.661377
  20
1200.633057
  0
VERTEX
  8
84
  10
287.752014
  20
1188.322510
  0
VERTEX
  8
84
  10
290.699036
  20
1170.339111
  0
VERTEX
  8
84
  10
292.497986
  20
1159.034180
  0
VERTEX
  8
84
  10
436.760803
  20
1159.034180
  0
VERTEX
  8
84
  10
436.760803
  20
1368.709961
  0
SEQEND
  0
LINE
  8
7
  10
355.627380
  20
1174.094482
  11
355.627380
  21
1354.094482
  0
POLYLINE
  8
14
  66
1
  70
1
  250
2
  0
VERTEX
  8
14
  10
436.760803
  20
1368.709961
  0
VERTEX
  8
14
  10
427.813232
  20
1369.154907
  0
VERTEX
  8
14
  10
418.868530
  20
1368.614014
  0
VERTEX
  8
14
  10
410.035278
  20
1367.123047
  0
VERTEX
  8
14
  10
401.464417
  20
1364.515137
  0
VERTEX
  8
14
  10
393.294678
  20
1360.840454
  0
VERTEX
  8
14
  10
385.650330
  20
1356.166260
  0
VERTEX
  8
14
  10
378.621338
  20
1350.614136
  0
VERTEX
  8
14
  10
372.121399
  20
1344.445557
  0
VERTEX
  8
14
  10
365.233826
  20
1337.310181
  0
VERTEX
  8
14
  10
358.574463
  20
1329.961060
  0
VERTEX
  8
14
  10
352.089539
  20
1322.457764
  0
VERTEX
  8
14
  10
343.541077
  20
1312.009644
  0
VERTEX
  8
14
  10
334.013123
  20
1301.196045
  0
VERTEX
  8
14
  10
329.030457
  20
1295.983643
  0
VERTEX
  8
14
  10
323.857666
  20
1290.965942
  0
VERTEX
  8
14
  10
318.446106
  20
1286.202148
  0
VERTEX
  8
14
  10
312.810242
  20
1281.709351
  0
VERTEX
  8
14
  10
306.962952
  20
1277.487549
  0
VERTEX
  8
14
  10
300.870667
  20
1273.645996
  0
VERTEX
  8
14
  10
294.462769
  20
1270.367065
  0
VERTEX
  8
14
  10
287.874939
  20
1267.426514
  0
VERTEX
  8
14
  10
281.231689
  20
1264.637207
  0
VERTEX
  8
14
  10
274.493958
  20
1262.062744
  0
VERTEX
  8
14
  10
279.099182
  20
1237.515625
  0
VERTEX
  8
14
  10
283.519958
  20
1212.934937
  0
VERTEX
  8
14
  10
287.752014
  20
1188.322510
  0
VERTEX
  8
14
  10
290.699036
  20
1170.339111
  0
VERTEX
  8
14
  10
292.497986
  20
1159.034180
  0
VERTEX
  8
14
  10
436.760803
  20
1159.034180
  0
SEQEND
  0
TEXT
  8
14
  10
436.760803
  20
1368.709961
  40
0.250000
  50
0.000000
  1
# 29
  7
STANDARD
  0
TEXT
  8
14
  10
274.493958
  20
1262.062744
  40
0.250000
  50
0.000000
  1
# 30
  7
STANDARD
  0
TEXT
  8
14
  10
292.497986
  20
1159.034180
  40
0.250000
  50
0.000000
  1
# 31
  7
STANDARD
  0
POINT
  8
2
  10
436.760803
  20
1368.709961
  0
POINT
  8
2
  10
274.493958
  20
1262.062744
  0
POINT
  8
2
  10
292.497986
  20
1159.034180
  0
POINT
  8
2
  10
436.760803
  20
1159.034180
  0
POINT
  8
3
  10
427.813232
  20
1369.154907
  0
POINT
  8
3
  10
418.868530
  20
1368.614014
  0
POINT
  8
3
  10
410.035278
  20
1367.123047
  0
POINT
  8
3
  10
401.464417
  20
1364.515137
  0
POINT
  8
3
  10
393.294678
  20
1360.840454
  0
POINT
  8
3
  10
385.650330
  20
1356.166260
  0
POINT
  8
3
  10
378.621338
  20
1350.614136
  0
POINT
  8
3
  10
372.121399
  20
1344.445557
  0
POINT
  8
3
  10
365.233826
  20
1337.310181
  0
POINT
  8
3
  10
358.574463
  20
1329.961060
  0
POINT
  8
3
  10
352.089539
  20
1322.457764
  0
POINT
  8
3
  10
343.541077
  20
1312.009644
  0
POINT
  8
3
  10
334.013123
  20
1301.196045
  0
POINT
  8
3
  10
329.030457
  20
1295.983643
  0
POINT
  8
3
  10
323.857666
  20
1290.965942
  0
POINT
  8
3
  10
318.446106
  20
1286.202148
  0
POINT
  8
3
  10
312.810242
  20
1281.709351
  0
POINT
  8
3
  10
306.962952
  20
1277.487549
  0
POINT
  8
3
  10
300.870667
  20
1273.645996
  0
POINT
  8
3
  10
294.462769
  20
1270.367065
  0
POINT
  8
3
  10
287.874939
  20
1267.426514
  0
POINT
  8
3
  10
281.231689
  20
1264.637207
  0
POINT
  8
3
  10
279.099182
  20
1237.515625
  0
POINT
  8
3
  10
283.519958
  20
1212.934937
  0
POINT
  8
3
  10
287.752014
  20
1188.322510
  0
POINT
  8
3
  10
290.699036
  20
1170.339111
  0
TEXT
  8
15
  10
426.048889
  20
1249.662598
  40
8.328125
  50
270.000000
  999
11.000000
  1000
3
  1
10
  7
STANDARD
  0
POLYLINE
  8
87
  66
1
  70
1
  250
2
  0
VERTEX
  8
87
  10
432.288086
  20
1369.012329
  0
VERTEX
  8
87
  10
427.813232
  20
1369.154907
  0
VERTEX
  8
87
  10
423.335693
  20
1369.014526
  0
VERTEX
  8
87
  10
418.868530
  20
1368.614014
  0
VERTEX
  8
87
  10
414.428833
  20
1367.994507
  0
VERTEX
  8
87
  10
410.035278
  20
1367.123047
  0
VERTEX
  8
87
  10
405.707947
  20
1365.960205
  0
VERTEX
  8
87
  10
401.464417
  20
1364.515137
  0
VERTEX
  8
87
  10
397.321350
  20
1362.806274
  0
VERTEX
  8
87
  10
393.294678
  20
1360.840454
  0
VERTEX
  8
87
  10
389.399292
  20
1358.623169
  0
VERTEX
  8
87
  10
385.650330
  20
1356.166260
  0
VERTEX
  8
87
  10
382.059113
  20
1353.487183
  0
VERTEX
  8
87
  10
378.621338
  20
1350.614136
  0
VERTEX
  8
87
  10
375.322083
  20
1347.582397
  0
VERTEX
  8
87
  10
372.121399
  20
1344.445557
  0
VERTEX
  8
87
  10
365.233826
  20
1337.310181
  0
VERTEX
  8
87
  10
358.574463
  20
1329.961060
  0
VERTEX
  8
87
  10
352.089539
  20
1322.457764
  0
VERTEX
  8
87
  10
343.541077
  20
1312.009644
  0
VERTEX
  8
87
  10
340.430511
  20
1308.347412
  0
VERTEX
  8
87
  10
337.253540
  20
1304.744385
  0
VERTEX
  8
87
  10
334.013123
  20
1301.196045
  0
VERTEX
  8
87
  10
329.030457
  20
1295.983643
  0
VERTEX
  8
87
  10
323.857666
  20
1290.965942
  0
VERTEX
  8
87
  10
318.446106
  20
1286.202148
  0
VERTEX
  8
87
  10
312.810242
  20
1281.709351
  0
VERTEX
  8
87
  10
306.962952
  20
1277.487549
  0
VERTEX
  8
87
  10
300.870667
  20
1273.645996
  0
VERTEX
  8
87
  10
294.462769
  20
1270.367065
  0
VERTEX
  8
87
  10
287.874939
  20
1267.426514
  0
VERTEX
  8
87
  10
281.231689
  20
1264.637207
  0
VERTEX
  8
87
  10
274.493958
  20
1262.062744
  0
VERTEX
  8
87
  10
279.099182
  20
1237.515625
  0
VERTEX
  8
87
  10
281.334473
  20
1225.229736
  0
VERTEX
  8
87
  10
283.519958
  20
1212.934937
  0
VERTEX
  8
87
  10
285.661377
  20
1200.633057
  0
VERTEX
  8
87
  10
287.752014
  20
1188.322510
  0
VERTEX
  8
87
  10
290.699036
  20
1170.339111
  0
VERTEX
  8
87
  10
292.497986
  20
1159.034180
  0
VERTEX
  8
87
  10
436.760803
  20
1159.034180
  0
VERTEX
  8
87
  10
436.760803
  20
1368.709961
  0
SEQEND
  0
POLYLINE
  8
8
  66
1
  70
1
  250
1
  0
VERTEX
  8
8
  10
436.760803
  20
1368.709961
  0
VERTEX
  8
8
  10
432.288086
  20
1369.012329
  0
VERTEX
  8
8
  10
427.813232
  20
1369.154907
  0
VERTEX
  8
8
  10
423.335693
  20
1369.014526
  0
VERTEX
  8
8
  10
418.868530
  20
1368.614014
  0
VERTEX
  8
8
  10
414.428833
  20
1367.994507
  0
VERTEX
  8
8
  10
410.035278
  20
1367.123047
  0
VERTEX
  8
8
  10
405.707947
  20
1365.960205
  0
VERTEX
  8
8
  10
401.464417
  20
1364.515137
  0
VERTEX
  8
8
  10
397.321350
  20
1362.806274
  0
VERTEX
  8
8
  10
393.294678
  20
1360.840454
  0
VERTEX
  8
8
  10
389.399292
  20
1358.623169
  0
VERTEX
  8
8
  10
385.650330
  20
1356.166260
  0
VERTEX
  8
8
  10
382.059113
  20
1353.487183
  0
VERTEX
  8
8
  10
378.621338
  20
1350.614136
  0
VERTEX
  8
8
  10
375.322083
  20
1347.582397
  0
VERTEX
  8
8
  10
372.121399
  20
1344.445557
  0
VERTEX
  8
8
  10
365.233826
  20
1337.310181
  0
VERTEX
  8
8
  10
358.574463
  20
1329.961060
  0
VERTEX
  8
8
  10
352.089539
  20
1322.457764
  0
VERTEX
  8
8
  10
343.541077
  20
1312.009644
  0
VERTEX
  8
8
  10
340.430511
  20
1308.347412
  0
VERTEX
  8
8
  10
337.253540
  20
1304.744385
  0
VERTEX
  8
8
  10
334.013123
  20
1301.196045
  0
VERTEX
  8
8
  10
329.030457
  20
1295.983643
  0
VERTEX
  8
8
  10
323.857666
  20
1290.965942
  0
VERTEX
  8
8
  10
318.446106
  20
1286.202148
  0
VERTEX
  8
8
  10
312.810242
  20
1281.709351
  0
VERTEX
  8
8
  10
306.962952
  20
1277.487549
  0
VERTEX
  8
8
  10
300.870667
  20
1273.645996
  0
VERTEX
  8
8
  10
294.462769
  20
1270.367065
  0
VERTEX
  8
8
  10
287.874939
  20
1267.426514
  0
VERTEX
  8
8
  10
281.231689
  20
1264.637207
  0
VERTEX
  8
8
  10
274.493958
  20
1262.062744
  0
VERTEX
  8
8
  10
279.099182
  20
1237.515625
  0
VERTEX
  8
8
  10
281.334473
  20
1225.229736
  0
VERTEX
  8
8
  10
283.519958
  20
1212.934937
  0
VERTEX
  8
8
  10
285.661377
  20
1200.633057
  0
VERTEX
  8
8
  10
287.752014
  20
1188.322510
  0
VERTEX
  8
8
  10
290.699036
  20
1170.339111
  0
VERTEX
  8
8
  10
292.497986
  20
1159.034180
  0
VERTEX
  8
8
  10
436.760803
  20
1159.034180
  0
SEQEND
  0
POINT
  8
2
  10
436.760803
  20
1368.709961
  0
POINT
  8
2
  10
274.493958
  20
1262.062744
  0
POINT
  8
2
  10
292.497986
  20
1159.034180
  0
POINT
  8
2
  10
436.760803
  20
1159.034180
  0
POINT
  8
3
  10
432.288086
  20
1369.012329
  0
POINT
  8
3
  10
427.813232
  20
1369.154907
  0
POINT
  8
3
  10
423.335693
  20
1369.014526
  0
POINT
  8
3
  10
418.868530
  20
1368.614014
  0
POINT
  8
3
  10
414.428833
  20
1367.994507
  0
POINT
  8
3
  10
410.035278
  20
1367.123047
  0
POINT
  8
3
  10
405.707947
  20
1365.960205
  0
POINT
  8
3
  10
401.464417
  20
1364.515137
  0
POINT
  8
3
  10
397.321350
  20
1362.806274
  0
POINT
  8
3
  10
393.294678
  20
1360.840454
  0
POINT
  8
3
  10
389.399292
  20
1358.623169
  0
POINT
  8
3
  10
385.650330
  20
1356.166260
  0
POINT
  8
3
  10
382.059113
  20
1353.487183
  0
POINT
  8
3
  10
378.621338
  20
1350.614136
  0
POINT
  8
3
  10
375.322083
  20
1347.582397
  0
POINT
  8
3
  10
372.121399
  20
1344.445557
  0
POINT
  8
3
  10
365.233826
  20
1337.310181
  0
POINT
  8
3
  10
358.574463
  20
1329.961060
  0
POINT
  8
3
  10
352.089539
  20
1322.457764
  0
POINT
  8
3
  10
343.541077
  20
1312.009644
  0
POINT
  8
3
  10
340.430511
  20
1308.347412
  0
POINT
  8
3
  10
337.253540
  20
1304.744385
  0
POINT
  8
3
  10
334.013123
  20
1301.196045
  0
POINT
  8
3
  10
329.030457
  20
1295.983643
  0
POINT
  8
3
  10
323.857666
  20
1290.965942
  0
POINT
  8
3
  10
318.446106
  20
1286.202148
  0
POINT
  8
3
  10
312.810242
  20
1281.709351
  0
POINT
  8
3
  10
306.962952
  20
1277.487549
  0
POINT
  8
3
  10
300.870667
  20
1273.645996
  0
POINT
  8
3
  10
294.462769
  20
1270.367065
  0
POINT
  8
3
  10
287.874939
  20
1267.426514
  0
POINT
  8
3
  10
281.231689
  20
1264.637207
  0
POINT
  8
3
  10
279.099182
  20
1237.515625
  0
POINT
  8
3
  10
281.334473
  20
1225.229736
  0
POINT
  8
3
  10
283.519958
  20
1212.934937
  0
POINT
  8
3
  10
285.661377
  20
1200.633057
  0
POINT
  8
3
  10
287.752014
  20
1188.322510
  0
POINT
  8
3
  10
290.699036
  20
1170.339111
  0
POLYLINE
  8
85
  66
1
  70
1
  250
1
  0
VERTEX
  8
85
  10
432.288086
  20
1369.012329
  0
VERTEX
  8
85
  10
427.813232
  20
1369.154907
  0
VERTEX
  8
85
  10
423.335693
  20
1369.014526
  0
VERTEX
  8
85
  10
418.868530
  20
1368.614014
  0
VERTEX
  8
85
  10
414.428833
  20
1367.994507
  0
VERTEX
  8
85
  10
410.035278
  20
1367.123047
  0
VERTEX
  8
85
  10
405.707947
  20
1365.960205
  0
VERTEX
  8
85
  10
401.464417
  20
1364.515137
  0
VERTEX
  8
85
  10
397.321350
  20
1362.806274
  0
VERTEX
  8
85
  10
393.294678
  20
1360.840454
  0
VERTEX
  8
85
  10
389.399292
  20
1358.623169
  0
VERTEX
  8
85
  10
385.650330
  20
1356.166260
  0
VERTEX
  8
85
  10
382.059113
  20
1353.487183
  0
VERTEX
  8
85
  10
378.621338
  20
1350.614136
  0
VERTEX
  8
85
  10
375.322083
  20
1347.582397
  0
VERTEX
  8
85
  10
372.121399
  20
1344.445557
  0
VERTEX
  8
85
  10
365.233826
  20
1337.310181
  0
VERTEX
  8
85
  10
358.574463
  20
1329.961060
  0
VERTEX
  8
85
  10
352.089539
  20
1322.457764
  0
VERTEX
  8
85
  10
343.541077
  20
1312.009644
  0
VERTEX
  8
85
  10
340.430511
  20
1308.347412
  0
VERTEX
  8
85
  10
337.253540
  20
1304.744385
  0
VERTEX
  8
85
  10
334.013123
  20
1301.196045
  0
VERTEX
  8
85
  10
329.030457
  20
1295.983643
  0
VERTEX
  8
85
  10
323.857666
  20
1290.965942
  0
VERTEX
  8
85
  10
318.446106
  20
1286.202148
  0
VERTEX
  8
85
  10
312.810242
  20
1281.709351
  0
VERTEX
  8
85
  10
306.962952
  20
1277.487549
  0
VERTEX
  8
85
  10
300.870667
  20
1273.645996
  0
VERTEX
  8
85
  10
294.462769
  20
1270.367065
  0
VERTEX
  8
85
  10
287.874939
  20
1267.426514
  0
VERTEX
  8
85
  10
281.231689
  20
1264.637207
  0
VERTEX
  8
85
  10
274.493958
  20
1262.062744
  0
VERTEX
  8
85
  10
279.099182
  20
1237.515625
  0
VERTEX
  8
85
  10
281.334473
  20
1225.229736
  0
VERTEX
  8
85
  10
283.519958
  20
1212.934937
  0
VERTEX
  8
85
  10
285.661377
  20
1200.633057
  0
VERTEX
  8
85
  10
287.752014
  20
1188.322510
  0
VERTEX
  8
85
  10
290.699036
  20
1170.339111
  0
VERTEX
  8
85
  10
292.497986
  20
1159.034180
  0
VERTEX
  8
85
  10
436.760803
  20
1159.034180
  0
VERTEX
  8
85
  10
436.760803
  20
1368.709961
  0
SEQEND
  0
TEXT
  8
1
  10
355.627380
  20
1264.094482
  50
0.000000
  1
PIECE NAME: 10
  7
STANDARD
  0
TEXT
  8
1
  10
355.627380
  20
1259.094482
  50
0.000000
  1
SIZE: M
  7
STANDARD
  0
TEXT
  8
1
  10
355.627380
  20
1249.094482
  50
0.000000
  1
QUANTITY: 1
  7
STANDARD
  0
ENDBLK
  0
BLOCK
  8
1
  2
6_M
  70
64
  10
0
  20
0
  0
POLYLINE
  8
1
  66
1
  70
1
  250
0
  0
VERTEX
  8
1
  10
-648.061279
  20
1396.932373
  0
VERTEX
  8
1
  10
-639.113708
  20
1397.377319
  0
VERTEX
  8
1
  10
-630.169006
  20
1396.836426
  0
VERTEX
  8
1
  10
-621.335754
  20
1395.345459
  0
VERTEX
  8
1
  10
-612.764893
  20
1392.737549
  0
VERTEX
  8
1
  10
-604.595154
  20
1389.062866
  0
VERTEX
  8
1
  10
-596.950806
  20
1384.388672
  0
VERTEX
  8
1
  10
-589.921814
  20
1378.836548
  0
VERTEX
  8
1
  10
-583.421875
  20
1372.667969
  0
VERTEX
  8
1
  10
-576.534302
  20
1365.532593
  0
VERTEX
  8
1
  10
-569.874939
  20
1358.183472
  0
VERTEX
  8
1
  10
-563.390015
  20
1350.680176
  0
VERTEX
  8
1
  10
-554.841553
  20
1340.232056
  0
VERTEX
  8
1
  10
-545.313599
  20
1329.418457
  0
VERTEX
  8
1
  10
-540.330933
  20
1324.206055
  0
VERTEX
  8
1
  10
-535.158142
  20
1319.188354
  0
VERTEX
  8
1
  10
-529.746582
  20
1314.424561
  0
VERTEX
  8
1
  10
-524.110718
  20
1309.931763
  0
VERTEX
  8
1
  10
-518.263428
  20
1305.709961
  0
VERTEX
  8
1
  10
-512.171143
  20
1301.868408
  0
VERTEX
  8
1
  10
-505.763245
  20
1298.589478
  0
VERTEX
  8
1
  10
-499.175415
  20
1295.648926
  0
VERTEX
  8
1
  10
-492.532166
  20
1292.859619
  0
VERTEX
  8
1
  10
-485.794434
  20
1290.285156
  0
VERTEX
  8
1
  10
-490.399658
  20
1265.738037
  0
VERTEX
  8
1
  10
-494.820435
  20
1241.157349
  0
VERTEX
  8
1
  10
-499.052490
  20
1216.544922
  0
VERTEX
  8
1
  10
-501.999512
  20
1198.561523
  0
VERTEX
  8
1
  10
-503.798462
  20
1187.256592
  0
VERTEX
  8
1
  10
-648.061279
  20
1187.256592
  0
SEQEND
  0
TEXT
  8
1
  10
-648.061279
  20
1396.932373
  40
0.250000
  50
0.000000
  1
# 29
  7
STANDARD
  0
TEXT
  8
1
  10
-485.794434
  20
1290.285156
  40
0.250000
  50
0.000000
  1
# 30
  7
STANDARD
  0
TEXT
  8
1
  10
-503.798462
  20
1187.256592
  40
0.250000
  50
0.000000
  1
# 31
  7
STANDARD
  0
POINT
  8
2
  10
-648.061279
  20
1396.932373
  0
POINT
  8
2
  10
-485.794434
  20
1290.285156
  0
POINT
  8
2
  10
-503.798462
  20
1187.256592
  0
POINT
  8
2
  10
-648.061279
  20
1187.256592
  0
POINT
  8
3
  10
-639.113708
  20
1397.377319
  0
POINT
  8
3
  10
-630.169006
  20
1396.836426
  0
POINT
  8
3
  10
-621.335754
  20
1395.345459
  0
POINT
  8
3
  10
-612.764893
  20
1392.737549
  0
POINT
  8
3
  10
-604.595154
  20
1389.062866
  0
POINT
  8
3
  10
-596.950806
  20
1384.388672
  0
POINT
  8
3
  10
-589.921814
  20
1378.836548
  0
POINT
  8
3
  10
-583.421875
  20
1372.667969
  0
POINT
  8
3
  10
-576.534302
  20
1365.532593
  0
POINT
  8
3
  10
-569.874939
  20
1358.183472
  0
POINT
  8
3
  10
-563.390015
  20
1350.680176
  0
POINT
  8
3
  10
-554.841553
  20
1340.232056
  0
POINT
  8
3
  10
-545.313599
  20
1329.418457
  0
POINT
  8
3
  10
-540.330933
  20
1324.206055
  0
POINT
  8
3
  10
-535.158142
  20
1319.188354
  0
POINT
  8
3
  10
-529.746582
  20
1314.424561
  0
POINT
  8
3
  10
-524.110718
  20
1309.931763
  0
POINT
  8
3
  10
-518.263428
  20
1305.709961
  0
POINT
  8
3
  10
-512.171143
  20
1301.868408
  0
POINT
  8
3
  10
-505.763245
  20
1298.589478
  0
POINT
  8
3
  10
-499.175415
  20
1295.648926
  0
POINT
  8
3
  10
-492.532166
  20
1292.859619
  0
POINT
  8
3
  10
-490.399658
  20
1265.738037
  0
POINT
  8
3
  10
-494.820435
  20
1241.157349
  0
POINT
  8
3
  10
-499.052490
  20
1216.544922
  0
POINT
  8
3
  10
-501.999512
  20
1198.561523
  0
POLYLINE
  8
84
  66
1
  70
1
  250
1
  0
VERTEX
  8
84
  10
-643.588562
  20
1397.234741
  0
VERTEX
  8
84
  10
-639.113708
  20
1397.377319
  0
VERTEX
  8
84
  10
-634.636169
  20
1397.236938
  0
VERTEX
  8
84
  10
-630.169006
  20
1396.836426
  0
VERTEX
  8
84
  10
-625.729309
  20
1396.216919
  0
VERTEX
  8
84
  10
-621.335754
  20
1395.345459
  0
VERTEX
  8
84
  10
-617.008423
  20
1394.182617
  0
VERTEX
  8
84
  10
-612.764893
  20
1392.737549
  0
VERTEX
  8
84
  10
-608.621826
  20
1391.028687
  0
VERTEX
  8
84
  10
-604.595154
  20
1389.062866
  0
VERTEX
  8
84
  10
-600.699768
  20
1386.845581
  0
VERTEX
  8
84
  10
-596.950806
  20
1384.388672
  0
VERTEX
  8
84
  10
-593.359558
  20
1381.709595
  0
VERTEX
  8
84
  10
-589.921814
  20
1378.836548
  0
VERTEX
  8
84
  10
-586.622559
  20
1375.804810
  0
VERTEX
  8
84
  10
-583.421875
  20
1372.667969
  0
VERTEX
  8
84
  10
-576.534302
  20
1365.532593
  0
VERTEX
  8
84
  10
-569.874939
  20
1358.183472
  0
VERTEX
  8
84
  10
-563.390015
  20
1350.680176
  0
VERTEX
  8
84
  10
-554.841553
  20
1340.232056
  0
VERTEX
  8
84
  10
-551.731018
  20
1336.569824
  0
VERTEX
  8
84
  10
-548.554016
  20
1332.966797
  0
VERTEX
  8
84
  10
-545.313599
  20
1329.418457
  0
VERTEX
  8
84
  10
-540.330933
  20
1324.206055
  0
VERTEX
  8
84
  10
-535.158142
  20
1319.188354
  0
VERTEX
  8
84
  10
-529.746582
  20
1314.424561
  0
VERTEX
  8
84
  10
-524.110718
  20
1309.931763
  0
VERTEX
  8
84
  10
-518.263428
  20
1305.709961
  0
VERTEX
  8
84
  10
-512.171143
  20
1301.868408
  0
VERTEX
  8
84
  10
-505.763245
  20
1298.589478
  0
VERTEX
  8
84
  10
-499.175415
  20
1295.648926
  0
VERTEX
  8
84
  10
-492.532166
  20
1292.859619
  0
VERTEX
  8
84
  10
-485.794434
  20
1290.285156
  0
VERTEX
  8
84
  10
-490.399658
  20
1265.738037
  0
VERTEX
  8
84
  10
-492.634949
  20
1253.452148
  0
VERTEX
  8
84
  10
-494.820435
  20
1241.157349
  0
VERTEX
  8
84
  10
-496.961853
  20
1228.855469
  0
VERTEX
  8
84
  10
-499.052490
  20
1216.544922
  0
VERTEX
  8
84
  10
-501.999512
  20
1198.561523
  0
VERTEX
  8
84
  10
-503.798462
  20
1187.256592
  0
VERTEX
  8
84
  10
-648.061279
  20
1187.256592
  0
VERTEX
  8
84
  10
-648.061279
  20
1396.932373
  0
SEQEND
  0
LINE
  8
7
  10
-566.927856
  20
1202.316895
  11
-566.927856
  21
1382.316895
  0
POLYLINE
  8
14
  66
1
  70
1
  250
2
  0
VERTEX
  8
14
  10
-648.061279
  20
1396.932373
  0
VERTEX
  8
14
  10
-639.113708
  20
1397.377319
  0
VERTEX
  8
14
  10
-630.169006
  20
1396.836426
  0
VERTEX
  8
14
  10
-621.335754
  20
1395.345459
  0
VERTEX
  8
14
  10
-612.764893
  20
1392.737549
  0
VERTEX
  8
14
  10
-604.595154
  20
1389.062866
  0
VERTEX
  8
14
  10
-596.950806
  20
1384.388672
  0
VERTEX
  8
14
  10
-589.921814
  20
1378.836548
  0
VERTEX
  8
14
  10
-583.421875
  20
1372.667969
  0
VERTEX
  8
14
  10
-576.534302
  20
1365.532593
  0
VERTEX
  8
14
  10
-569.874939
  20
1358.183472
  0
VERTEX
  8
14
  10
-563.390015
  20
1350.680176
  0
VERTEX
  8
14
  10
-554.841553
  20
1340.232056
  0
VERTEX
  8
14
  10
-545.313599
  20
1329.418457
  0
VERTEX
  8
14
  10
-540.330933
  20
1324.206055
  0
VERTEX
  8
14
  10
-535.158142
  20
1319.188354
  0
VERTEX
  8
14
  10
-529.746582
  20
1314.424561
  0
VERTEX
  8
14
  10
-524.110718
  20
1309.931763
  0
VERTEX
  8
14
  10
-518.263428
  20
1305.709961
  0
VERTEX
  8
14
  10
-512.171143
  20
1301.868408
  0
VERTEX
  8
14
  10
-505.763245
  20
1298.589478
  0
VERTEX
  8
14
  10
-499.175415
  20
1295.648926
  0
VERTEX
  8
14
  10
-492.532166
  20
1292.859619
  0
VERTEX
  8
14
  10
-485.794434
  20
1290.285156
  0
VERTEX
  8
14
  10
-490.399658
  20
1265.738037
  0
VERTEX
  8
14
  10
-494.820435
  20
1241.157349
  0
VERTEX
  8
14
  10
-499.052490
  20
1216.544922
  0
VERTEX
  8
14
  10
-501.999512
  20
1198.561523
  0
VERTEX
  8
14
  10
-503.798462
  20
1187.256592
  0
VERTEX
  8
14
  10
-648.061279
  20
1187.256592
  0
SEQEND
  0
TEXT
  8
14
  10
-648.061279
  20
1396.932373
  40
0.250000
  50
0.000000
  1
# 29
  7
STANDARD
  0
TEXT
  8
14
  10
-485.794434
  20
1290.285156
  40
0.250000
  50
0.000000
  1
# 30
  7
STANDARD
  0
TEXT
  8
14
  10
-503.798462
  20
1187.256592
  40
0.250000
  50
0.000000
  1
# 31
  7
STANDARD
  0
POINT
  8
2
  10
-648.061279
  20
1396.932373
  0
POINT
  8
2
  10
-485.794434
  20
1290.285156
  0
POINT
  8
2
  10
-503.798462
  20
1187.256592
  0
POINT
  8
2
  10
-648.061279
  20
1187.256592
  0
POINT
  8
3
  10
-639.113708
  20
1397.377319
  0
POINT
  8
3
  10
-630.169006
  20
1396.836426
  0
POINT
  8
3
  10
-621.335754
  20
1395.345459
  0
POINT
  8
3
  10
-612.764893
  20
1392.737549
  0
POINT
  8
3
  10
-604.595154
  20
1389.062866
  0
POINT
  8
3
  10
-596.950806
  20
1384.388672
  0
POINT
  8
3
  10
-589.921814
  20
1378.836548
  0
POINT
  8
3
  10
-583.421875
  20
1372.667969
  0
POINT
  8
3
  10
-576.534302
  20
1365.532593
  0
POINT
  8
3
  10
-569.874939
  20
1358.183472
  0
POINT
  8
3
  10
-563.390015
  20
1350.680176
  0
POINT
  8
3
  10
-554.841553
  20
1340.232056
  0
POINT
  8
3
  10
-545.313599
  20
1329.418457
  0
POINT
  8
3
  10
-540.330933
  20
1324.206055
  0
POINT
  8
3
  10
-535.158142
  20
1319.188354
  0
POINT
  8
3
  10
-529.746582
  20
1314.424561
  0
POINT
  8
3
  10
-524.110718
  20
1309.931763
  0
POINT
  8
3
  10
-518.263428
  20
1305.709961
  0
POINT
  8
3
  10
-512.171143
  20
1301.868408
  0
POINT
  8
3
  10
-505.763245
  20
1298.589478
  0
POINT
  8
3
  10
-499.175415
  20
1295.648926
  0
POINT
  8
3
  10
-492.532166
  20
1292.859619
  0
POINT
  8
3
  10
-490.399658
  20
1265.738037
  0
POINT
  8
3
  10
-494.820435
  20
1241.157349
  0
POINT
  8
3
  10
-499.052490
  20
1216.544922
  0
POINT
  8
3
  10
-501.999512
  20
1198.561523
  0
TEXT
  8
15
  10
214.748505
  20
1277.885010
  40
8.250000
  50
90.000008
  999
11.000000
  1000
3
  1
6
  7
STANDARD
  0
POLYLINE
  8
87
  66
1
  70
1
  250
2
  0
VERTEX
  8
87
  10
-643.588562
  20
1397.234741
  0
VERTEX
  8
87
  10
-639.113708
  20
1397.377319
  0
VERTEX
  8
87
  10
-634.636169
  20
1397.236938
  0
VERTEX
  8
87
  10
-630.169006
  20
1396.836426
  0
VERTEX
  8
87
  10
-625.729309
  20
1396.216919
  0
VERTEX
  8
87
  10
-621.335754
  20
1395.345459
  0
VERTEX
  8
87
  10
-617.008423
  20
1394.182617
  0
VERTEX
  8
87
  10
-612.764893
  20
1392.737549
  0
VERTEX
  8
87
  10
-608.621826
  20
1391.028687
  0
VERTEX
  8
87
  10
-604.595154
  20
1389.062866
  0
VERTEX
  8
87
  10
-600.699768
  20
1386.845581
  0
VERTEX
  8
87
  10
-596.950806
  20
1384.388672
  0
VERTEX
  8
87
  10
-593.359558
  20
1381.709595
  0
VERTEX
  8
87
  10
-589.921814
  20
1378.836548
  0
VERTEX
  8
87
  10
-586.622559
  20
1375.804810
  0
VERTEX
  8
87
  10
-583.421875
  20
1372.667969
  0
VERTEX
  8
87
  10
-576.534302
  20
1365.532593
  0
VERTEX
  8
87
  10
-569.874939
  20
1358.183472
  0
VERTEX
  8
87
  10
-563.390015
  20
1350.680176
  0
VERTEX
  8
87
  10
-554.841553
  20
1340.232056
  0
VERTEX
  8
87
  10
-551.731018
  20
1336.569824
  0
VERTEX
  8
87
  10
-548.554016
  20
1332.966797
  0
VERTEX
  8
87
  10
-545.313599
  20
1329.418457
  0
VERTEX
  8
87
  10
-540.330933
  20
1324.206055
  0
VERTEX
  8
87
  10
-535.158142
  20
1319.188354
  0
VERTEX
  8
87
  10
-529.746582
  20
1314.424561
  0
VERTEX
  8
87
  10
-524.110718
  20
1309.931763
  0
VERTEX
  8
87
  10
-518.263428
  20
1305.709961
  0
VERTEX
  8
87
  10
-512.171143
  20
1301.868408
  0
VERTEX
  8
87
  10
-505.763245
  20
1298.589478
  0
VERTEX
  8
87
  10
-499.175415
  20
1295.648926
  0
VERTEX
  8
87
  10
-492.532166
  20
1292.859619
  0
VERTEX
  8
87
  10
-485.794434
  20
1290.285156
  0
VERTEX
  8
87
  10
-490.399658
  20
1265.738037
  0
VERTEX
  8
87
  10
-492.634949
  20
1253.452148
  0
VERTEX
  8
87
  10
-494.820435
  20
1241.157349
  0
VERTEX
  8
87
  10
-496.961853
  20
1228.855469
  0
VERTEX
  8
87
  10
-499.052490
  20
1216.544922
  0
VERTEX
  8
87
  10
-501.999512
  20
1198.561523
  0
VERTEX
  8
87
  10
-503.798462
  20
1187.256592
  0
VERTEX
  8
87
  10
-648.061279
  20
1187.256592
  0
VERTEX
  8
87
  10
-648.061279
  20
1396.932373
  0
SEQEND
  0
POLYLINE
  8
8
  66
1
  70
1
  250
1
  0
VERTEX
  8
8
  10
-648.061279
  20
1396.932373
  0
VERTEX
  8
8
  10
-643.588562
  20
1397.234741
  0
VERTEX
  8
8
  10
-639.113708
  20
1397.377319
  0
VERTEX
  8
8
  10
-634.636169
  20
1397.236938
  0
VERTEX
  8
8
  10
-630.169006
  20
1396.836426
  0
VERTEX
  8
8
  10
-625.729309
  20
1396.216919
  0
VERTEX
  8
8
  10
-621.335754
  20
1395.345459
  0
VERTEX
  8
8
  10
-617.008423
  20
1394.182617
  0
VERTEX
  8
8
  10
-612.764893
  20
1392.737549
  0
VERTEX
  8
8
  10
-608.621826
  20
1391.028687
  0
VERTEX
  8
8
  10
-604.595154
  20
1389.062866
  0
VERTEX
  8
8
  10
-600.699768
  20
1386.845581
  0
VERTEX
  8
8
  10
-596.950806
  20
1384.388672
  0
VERTEX
  8
8
  10
-593.359558
  20
1381.709595
  0
VERTEX
  8
8
  10
-589.921814
  20
1378.836548
  0
VERTEX
  8
8
  10
-586.622559
  20
1375.804810
  0
VERTEX
  8
8
  10
-583.421875
  20
1372.667969
  0
VERTEX
  8
8
  10
-576.534302
  20
1365.532593
  0
VERTEX
  8
8
  10
-569.874939
  20
1358.183472
  0
VERTEX
  8
8
  10
-563.390015
  20
1350.680176
  0
VERTEX
  8
8
  10
-554.841553
  20
1340.232056
  0
VERTEX
  8
8
  10
-551.731018
  20
1336.569824
  0
VERTEX
  8
8
  10
-548.554016
  20
1332.966797
  0
VERTEX
  8
8
  10
-545.313599
  20
1329.418457
  0
VERTEX
  8
8
  10
-540.330933
  20
1324.206055
  0
VERTEX
  8
8
  10
-535.158142
  20
1319.188354
  0
VERTEX
  8
8
  10
-529.746582
  20
1314.424561
  0
VERTEX
  8
8
  10
-524.110718
  20
1309.931763
  0
VERTEX
  8
8
  10
-518.263428
  20
1305.709961
  0
VERTEX
  8
8
  10
-512.171143
  20
1301.868408
  0
VERTEX
  8
8
  10
-505.763245
  20
1298.589478
  0
VERTEX
  8
8
  10
-499.175415
  20
1295.648926
  0
VERTEX
  8
8
  10
-492.532166
  20
1292.859619
  0
VERTEX
  8
8
  10
-485.794434
  20
1290.285156
  0
VERTEX
  8
8
  10
-490.399658
  20
1265.738037
  0
VERTEX
  8
8
  10
-492.634949
  20
1253.452148
  0
VERTEX
  8
8
  10
-494.820435
  20
1241.157349
  0
VERTEX
  8
8
  10
-496.961853
  20
1228.855469
  0
VERTEX
  8
8
  10
-499.052490
  20
1216.544922
  0
VERTEX
  8
8
  10
-501.999512
  20
1198.561523
  0
VERTEX
  8
8
  10
-503.798462
  20
1187.256592
  0
VERTEX
  8
8
  10
-648.061279
  20
1187.256592
  0
SEQEND
  0
POINT
  8
2
  10
-648.061279
  20
1396.932373
  0
POINT
  8
2
  10
-485.794434
  20
1290.285156
  0
POINT
  8
2
  10
-503.798462
  20
1187.256592
  0
POINT
  8
2
  10
-648.061279
  20
1187.256592
  0
POINT
  8
3
  10
-643.588562
  20
1397.234741
  0
POINT
  8
3
  10
-639.113708
  20
1397.377319
  0
POINT
  8
3
  10
-634.636169
  20
1397.236938
  0
POINT
  8
3
  10
-630.169006
  20
1396.836426
  0
POINT
  8
3
  10
-625.729309
  20
1396.216919
  0
POINT
  8
3
  10
-621.335754
  20
1395.345459
  0
POINT
  8
3
  10
-617.008423
  20
1394.182617
  0
POINT
  8
3
  10
-612.764893
  20
1392.737549
  0
POINT
  8
3
  10
-608.621826
  20
1391.028687
  0
POINT
  8
3
  10
-604.595154
  20
1389.062866
  0
POINT
  8
3
  10
-600.699768
  20
1386.845581
  0
POINT
  8
3
  10
-596.950806
  20
1384.388672
  0
POINT
  8
3
  10
-593.359558
  20
1381.709595
  0
POINT
  8
3
  10
-589.921814
  20
1378.836548
  0
POINT
  8
3
  10
-586.622559
  20
1375.804810
  0
POINT
  8
3
  10
-583.421875
  20
1372.667969
  0
POINT
  8
3
  10
-576.534302
  20
1365.532593
  0
POINT
  8
3
  10
-569.874939
  20
1358.183472
  0
POINT
  8
3
  10
-563.390015
  20
1350.680176
  0
POINT
  8
3
  10
-554.841553
  20
1340.232056
  0
POINT
  8
3
  10
-551.731018
  20
1336.569824
  0
POINT
  8
3
  10
-548.554016
  20
1332.966797
  0
POINT
  8
3
  10
-545.313599
  20
1329.418457
  0
POINT
  8
3
  10
-540.330933
  20
1324.206055
  0
POINT
  8
3
  10
-535.158142
  20
1319.188354
  0
POINT
  8
3
  10
-529.746582
  20
1314.424561
  0
POINT
  8
3
  10
-524.110718
  20
1309.931763
  0
POINT
  8
3
  10
-518.263428
  20
1305.709961
  0
POINT
  8
3
  10
-512.171143
  20
1301.868408
  0
POINT
  8
3
  10
-505.763245
  20
1298.589478
  0
POINT
  8
3
  10
-499.175415
  20
1295.648926
  0
POINT
  8
3
  10
-492.532166
  20
1292.859619
  0
POINT
  8
3
  10
-490.399658
  20
1265.738037
  0
POINT
  8
3
  10
-492.634949
  20
1253.452148
  0
POINT
  8
3
  10
-494.820435
  20
1241.157349
  0
POINT
  8
3
  10
-496.961853
  20
1228.855469
  0
POINT
  8
3
  10
-499.052490
  20
1216.544922
  0
POINT
  8
3
  10
-501.999512
  20
1198.561523
  0
POLYLINE
  8
85
  66
1
  70
1
  250
1
  0
VERTEX
  8
85
  10
-643.588562
  20
1397.234741
  0
VERTEX
  8
85
  10
-639.113708
  20
1397.377319
  0
VERTEX
  8
85
  10
-634.636169
  20
1397.236938
  0
VERTEX
  8
85
  10
-630.169006
  20
1396.836426
  0
VERTEX
  8
85
  10
-625.729309
  20
1396.216919
  0
VERTEX
  8
85
  10
-621.335754
  20
1395.345459
  0
VERTEX
  8
85
  10
-617.008423
  20
1394.182617
  0
VERTEX
  8
85
  10
-612.764893
  20
1392.737549
  0
VERTEX
  8
85
  10
-608.621826
  20
1391.028687
  0
VERTEX
  8
85
  10
-604.595154
  20
1389.062866
  0
VERTEX
  8
85
  10
-600.699768
  20
1386.845581
  0
VERTEX
  8
85
  10
-596.950806
  20
1384.388672
  0
VERTEX
  8
85
  10
-593.359558
  20
1381.709595
  0
VERTEX
  8
85
  10
-589.921814
  20
1378.836548
  0
VERTEX
  8
85
  10
-586.622559
  20
1375.804810
  0
VERTEX
  8
85
  10
-583.421875
  20
1372.667969
  0
VERTEX
  8
85
  10
-576.534302
  20
1365.532593
  0
VERTEX
  8
85
  10
-569.874939
  20
1358.183472
  0
VERTEX
  8
85
  10
-563.390015
  20
1350.680176
  0
VERTEX
  8
85
  10
-554.841553
  20
1340.232056
  0
VERTEX
  8
85
  10
-551.731018
  20
1336.569824
  0
VERTEX
  8
85
  10
-548.554016
  20
1332.966797
  0
VERTEX
  8
85
  10
-545.313599
  20
1329.418457
  0
VERTEX
  8
85
  10
-540.330933
  20
1324.206055
  0
VERTEX
  8
85
  10
-535.158142
  20
1319.188354
  0
VERTEX
  8
85
  10
-529.746582
  20
1314.424561
  0
VERTEX
  8
85
  10
-524.110718
  20
1309.931763
  0
VERTEX
  8
85
  10
-518.263428
  20
1305.709961
  0
VERTEX
  8
85
  10
-512.171143
  20
1301.868408
  0
VERTEX
  8
85
  10
-505.763245
  20
1298.589478
  0
VERTEX
  8
85
  10
-499.175415
  20
1295.648926
  0
VERTEX
  8
85
  10
-492.532166
  20
1292.859619
  0
VERTEX
  8
85
  10
-485.794434
  20
1290.285156
  0
VERTEX
  8
85
  10
-490.399658
  20
1265.738037
  0
VERTEX
  8
85
  10
-492.634949
  20
1253.452148
  0
VERTEX
  8
85
  10
-494.820435
  20
1241.157349
  0
VERTEX
  8
85
  10
-496.961853
  20
1228.855469
  0
VERTEX
  8
85
  10
-499.052490
  20
1216.544922
  0
VERTEX
  8
85
  10
-501.999512
  20
1198.561523
  0
VERTEX
  8
85
  10
-503.798462
  20
1187.256592
  0
VERTEX
  8
85
  10
-648.061279
  20
1187.256592
  0
VERTEX
  8
85
  10
-648.061279
  20
1396.932373
  0
SEQEND
  0
TEXT
  8
1
  10
-566.927856
  20
1292.316895
  50
0.000000
  1
PIECE NAME: 6
  7
STANDARD
  0
TEXT
  8
1
  10
-566.927856
  20
1287.316895
  50
0.000000
  1
SIZE: M
  7
STANDARD
  0
TEXT
  8
1
  10
-566.927856
  20
1277.316895
  50
0.000000
  1
QUANTITY: 1
  7
STANDARD
  0
ENDBLK
  0
BLOCK
  8
1
  2
11_M
  70
64
  10
0
  20
0
  0
POLYLINE
  8
1
  66
1
  70
1
  250
0
  0
VERTEX
  8
1
  10
-664.530945
  20
1187.232544
  0
VERTEX
  8
1
  10
-789.245361
  20
1187.232544
  0
VERTEX
  8
1
  10
-791.044495
  20
1198.537476
  0
VERTEX
  8
1
  10
-793.991394
  20
1216.520874
  0
VERTEX
  8
1
  10
-798.223633
  20
1241.133301
  0
VERTEX
  8
1
  10
-802.644287
  20
1265.713989
  0
VERTEX
  8
1
  10
-807.249390
  20
1290.261108
  0
VERTEX
  8
1
  10
-798.830627
  20
1290.411011
  0
VERTEX
  8
1
  10
-790.437134
  20
1291.098145
  0
VERTEX
  8
1
  10
-782.118896
  20
1292.399658
  0
VERTEX
  8
1
  10
-774.083923
  20
1294.907104
  0
VERTEX
  8
1
  10
-767.991516
  20
1297.763428
  0
VERTEX
  8
1
  10
-762.319336
  20
1301.382935
  0
VERTEX
  8
1
  10
-757.104004
  20
1305.651733
  0
VERTEX
  8
1
  10
-752.486328
  20
1310.528442
  0
VERTEX
  8
1
  10
-748.210999
  20
1315.757324
  0
VERTEX
  8
1
  10
-740.019714
  20
1326.456787
  0
VERTEX
  8
1
  10
-732.291199
  20
1337.497925
  0
VERTEX
  8
1
  10
-725.135193
  20
1348.916504
  0
VERTEX
  8
1
  10
-717.757629
  20
1360.191528
  0
VERTEX
  8
1
  10
-714.004395
  20
1365.794434
  0
VERTEX
  8
1
  10
-710.055603
  20
1371.249268
  0
VERTEX
  8
1
  10
-705.792297
  20
1376.484131
  0
VERTEX
  8
1
  10
-701.125183
  20
1381.322510
  0
VERTEX
  8
1
  10
-695.903198
  20
1385.571167
  0
VERTEX
  8
1
  10
-690.242432
  20
1389.208130
  0
VERTEX
  8
1
  10
-684.181946
  20
1392.170288
  0
VERTEX
  8
1
  10
-677.825989
  20
1394.442627
  0
VERTEX
  8
1
  10
-671.283752
  20
1396.027100
  0
VERTEX
  8
1
  10
-664.530945
  20
1396.908325
  0
SEQEND
  0
TEXT
  8
1
  10
-789.245361
  20
1187.232544
  40
0.250000
  50
0.000000
  1
# 27
  7
STANDARD
  0
TEXT
  8
1
  10
-807.249390
  20
1290.261108
  40
0.250000
  50
0.000000
  1
# 28
  7
STANDARD
  0
TEXT
  8
1
  10
-664.530945
  20
1396.908325
  40
0.250000
  50
0.000000
  1
# 29
  7
STANDARD
  0
POINT
  8
2
  10
-664.530945
  20
1187.232544
  0
POINT
  8
2
  10
-789.245361
  20
1187.232544
  0
POINT
  8
2
  10
-807.249390
  20
1290.261108
  0
POINT
  8
2
  10
-664.530945
  20
1396.908325
  0
POINT
  8
3
  10
-791.044495
  20
1198.537476
  0
POINT
  8
3
  10
-793.991394
  20
1216.520874
  0
POINT
  8
3
  10
-798.223633
  20
1241.133301
  0
POINT
  8
3
  10
-802.644287
  20
1265.713989
  0
POINT
  8
3
  10
-798.830627
  20
1290.411011
  0
POINT
  8
3
  10
-790.437134
  20
1291.098145
  0
POINT
  8
3
  10
-782.118896
  20
1292.399658
  0
POINT
  8
3
  10
-774.083923
  20
1294.907104
  0
POINT
  8
3
  10
-767.991516
  20
1297.763428
  0
POINT
  8
3
  10
-762.319336
  20
1301.382935
  0
POINT
  8
3
  10
-757.104004
  20
1305.651733
  0
POINT
  8
3
  10
-752.486328
  20
1310.528442
  0
POINT
  8
3
  10
-748.210999
  20
1315.757324
  0
POINT
  8
3
  10
-740.019714
  20
1326.456787
  0
POINT
  8
3
  10
-732.291199
  20
1337.497925
  0
POINT
  8
3
  10
-725.135193
  20
1348.916504
  0
POINT
  8
3
  10
-717.757629
  20
1360.191528
  0
POINT
  8
3
  10
-714.004395
  20
1365.794434
  0
POINT
  8
3
  10
-710.055603
  20
1371.249268
  0
POINT
  8
3
  10
-705.792297
  20
1376.484131
  0
POINT
  8
3
  10
-701.125183
  20
1381.322510
  0
POINT
  8
3
  10
-695.903198
  20
1385.571167
  0
POINT
  8
3
  10
-690.242432
  20
1389.208130
  0
POINT
  8
3
  10
-684.181946
  20
1392.170288
  0
POINT
  8
3
  10
-677.825989
  20
1394.442627
  0
POINT
  8
3
  10
-671.283752
  20
1396.027100
  0
POLYLINE
  8
84
  66
1
  70
1
  250
1
  0
VERTEX
  8
84
  10
-789.245361
  20
1187.232544
  0
VERTEX
  8
84
  10
-791.044495
  20
1198.537476
  0
VERTEX
  8
84
  10
-793.991394
  20
1216.520874
  0
VERTEX
  8
84
  10
-796.082092
  20
1228.831421
  0
VERTEX
  8
84
  10
-798.223633
  20
1241.133301
  0
VERTEX
  8
84
  10
-800.409058
  20
1253.428101
  0
VERTEX
  8
84
  10
-802.644287
  20
1265.713989
  0
VERTEX
  8
84
  10
-807.249390
  20
1290.261108
  0
VERTEX
  8
84
  10
-798.830627
  20
1290.411011
  0
VERTEX
  8
84
  10
-790.437134
  20
1291.098145
  0
VERTEX
  8
84
  10
-786.257446
  20
1291.634766
  0
VERTEX
  8
84
  10
-782.118896
  20
1292.399658
  0
VERTEX
  8
84
  10
-779.399475
  20
1293.092773
  0
VERTEX
  8
84
  10
-776.719910
  20
1293.932739
  0
VERTEX
  8
84
  10
-774.083923
  20
1294.907104
  0
VERTEX
  8
84
  10
-770.991394
  20
1296.240112
  0
VERTEX
  8
84
  10
-767.991516
  20
1297.763428
  0
VERTEX
  8
84
  10
-765.101074
  20
1299.485474
  0
VERTEX
  8
84
  10
-762.319336
  20
1301.382935
  0
VERTEX
  8
84
  10
-759.643250
  20
1303.436035
  0
VERTEX
  8
84
  10
-757.104004
  20
1305.651733
  0
VERTEX
  8
84
  10
-754.730469
  20
1308.027222
  0
VERTEX
  8
84
  10
-752.486328
  20
1310.528442
  0
VERTEX
  8
84
  10
-748.210999
  20
1315.757324
  0
VERTEX
  8
84
  10
-744.071838
  20
1321.073120
  0
VERTEX
  8
84
  10
-740.019714
  20
1326.456787
  0
VERTEX
  8
84
  10
-736.074158
  20
1331.921753
  0
VERTEX
  8
84
  10
-732.291199
  20
1337.497925
  0
VERTEX
  8
84
  10
-725.135193
  20
1348.916504
  0
VERTEX
  8
84
  10
-717.757629
  20
1360.191528
  0
VERTEX
  8
84
  10
-714.004395
  20
1365.794434
  0
VERTEX
  8
84
  10
-710.055603
  20
1371.249268
  0
VERTEX
  8
84
  10
-705.792297
  20
1376.484131
  0
VERTEX
  8
84
  10
-703.522644
  20
1378.966064
  0
VERTEX
  8
84
  10
-701.125183
  20
1381.322510
  0
VERTEX
  8
84
  10
-698.578369
  20
1383.524292
  0
VERTEX
  8
84
  10
-695.903198
  20
1385.571167
  0
VERTEX
  8
84
  10
-693.123413
  20
1387.469360
  0
VERTEX
  8
84
  10
-690.242432
  20
1389.208130
  0
VERTEX
  8
84
  10
-687.255432
  20
1390.777466
  0
VERTEX
  8
84
  10
-684.181946
  20
1392.170288
  0
VERTEX
  8
84
  10
-677.825989
  20
1394.442627
  0
VERTEX
  8
84
  10
-674.576477
  20
1395.330444
  0
VERTEX
  8
84
  10
-671.283752
  20
1396.027100
  0
VERTEX
  8
84
  10
-664.530945
  20
1396.908325
  0
VERTEX
  8
84
  10
-664.530945
  20
1187.232544
  0
SEQEND
  0
LINE
  8
7
  10
-735.890137
  20
1202.070435
  11
-735.890137
  21
1382.070435
  0
POLYLINE
  8
14
  66
1
  70
1
  250
2
  0
VERTEX
  8
14
  10
-664.530945
  20
1187.232544
  0
VERTEX
  8
14
  10
-789.245361
  20
1187.232544
  0
VERTEX
  8
14
  10
-791.044495
  20
1198.537476
  0
VERTEX
  8
14
  10
-793.991394
  20
1216.520874
  0
VERTEX
  8
14
  10
-798.223633
  20
1241.133301
  0
VERTEX
  8
14
  10
-802.644287
  20
1265.713989
  0
VERTEX
  8
14
  10
-807.249390
  20
1290.261108
  0
VERTEX
  8
14
  10
-798.830627
  20
1290.411011
  0
VERTEX
  8
14
  10
-790.437134
  20
1291.098145
  0
VERTEX
  8
14
  10
-782.118896
  20
1292.399658
  0
VERTEX
  8
14
  10
-774.083923
  20
1294.907104
  0
VERTEX
  8
14
  10
-767.991516
  20
1297.763428
  0
VERTEX
  8
14
  10
-762.319336
  20
1301.382935
  0
VERTEX
  8
14
  10
-757.104004
  20
1305.651733
  0
VERTEX
  8
14
  10
-752.486328
  20
1310.528442
  0
VERTEX
  8
14
  10
-748.210999
  20
1315.757324
  0
VERTEX
  8
14
  10
-740.019714
  20
1326.456787
  0
VERTEX
  8
14
  10
-732.291199
  20
1337.497925
  0
VERTEX
  8
14
  10
-725.135193
  20
1348.916504
  0
VERTEX
  8
14
  10
-717.757629
  20
1360.191528
  0
VERTEX
  8
14
  10
-714.004395
  20
1365.794434
  0
VERTEX
  8
14
  10
-710.055603
  20
1371.249268
  0
VERTEX
  8
14
  10
-705.792297
  20
1376.484131
  0
VERTEX
  8
14
  10
-701.125183
  20
1381.322510
  0
VERTEX
  8
14
  10
-695.903198
  20
1385.571167
  0
VERTEX
  8
14
  10
-690.242432
  20
1389.208130
  0
VERTEX
  8
14
  10
-684.181946
  20
1392.170288
  0
VERTEX
  8
14
  10
-677.825989
  20
1394.442627
  0
VERTEX
  8
14
  10
-671.283752
  20
1396.027100
  0
VERTEX
  8
14
  10
-664.530945
  20
1396.908325
  0
SEQEND
  0
TEXT
  8
14
  10
-789.245361
  20
1187.232544
  40
0.250000
  50
0.000000
  1
# 27
  7
STANDARD
  0
TEXT
  8
14
  10
-807.249390
  20
1290.261108
  40
0.250000
  50
0.000000
  1
# 28
  7
STANDARD
  0
TEXT
  8
14
  10
-664.530945
  20
1396.908325
  40
0.250000
  50
0.000000
  1
# 29
  7
STANDARD
  0
POINT
  8
2
  10
-664.530945
  20
1187.232544
  0
POINT
  8
2
  10
-789.245361
  20
1187.232544
  0
POINT
  8
2
  10
-807.249390
  20
1290.261108
  0
POINT
  8
2
  10
-664.530945
  20
1396.908325
  0
POINT
  8
3
  10
-791.044495
  20
1198.537476
  0
POINT
  8
3
  10
-793.991394
  20
1216.520874
  0
POINT
  8
3
  10
-798.223633
  20
1241.133301
  0
POINT
  8
3
  10
-802.644287
  20
1265.713989
  0
POINT
  8
3
  10
-798.830627
  20
1290.411011
  0
POINT
  8
3
  10
-790.437134
  20
1291.098145
  0
POINT
  8
3
  10
-782.118896
  20
1292.399658
  0
POINT
  8
3
  10
-774.083923
  20
1294.907104
  0
POINT
  8
3
  10
-767.991516
  20
1297.763428
  0
POINT
  8
3
  10
-762.319336
  20
1301.382935
  0
POINT
  8
3
  10
-757.104004
  20
1305.651733
  0
POINT
  8
3
  10
-752.486328
  20
1310.528442
  0
POINT
  8
3
  10
-748.210999
  20
1315.757324
  0
POINT
  8
3
  10
-740.019714
  20
1326.456787
  0
POINT
  8
3
  10
-732.291199
  20
1337.497925
  0
POINT
  8
3
  10
-725.135193
  20
1348.916504
  0
POINT
  8
3
  10
-717.757629
  20
1360.191528
  0
POINT
  8
3
  10
-714.004395
  20
1365.794434
  0
POINT
  8
3
  10
-710.055603
  20
1371.249268
  0
POINT
  8
3
  10
-705.792297
  20
1376.484131
  0
POINT
  8
3
  10
-701.125183
  20
1381.322510
  0
POINT
  8
3
  10
-695.903198
  20
1385.571167
  0
POINT
  8
3
  10
-690.242432
  20
1389.208130
  0
POINT
  8
3
  10
-684.181946
  20
1392.170288
  0
POINT
  8
3
  10
-677.825989
  20
1394.442627
  0
POINT
  8
3
  10
-671.283752
  20
1396.027100
  0
TEXT
  8
15
  10
231.218033
  20
1277.861084
  40
8.171875
  50
90.000008
  999
11.000000
  1000
3
  1
11
  7
STANDARD
  0
POLYLINE
  8
87
  66
1
  70
1
  250
2
  0
VERTEX
  8
87
  10
-789.245361
  20
1187.232544
  0
VERTEX
  8
87
  10
-791.044495
  20
1198.537476
  0
VERTEX
  8
87
  10
-793.991394
  20
1216.520874
  0
VERTEX
  8
87
  10
-796.082092
  20
1228.831421
  0
VERTEX
  8
87
  10
-798.223633
  20
1241.133301
  0
VERTEX
  8
87
  10
-800.409058
  20
1253.428101
  0
VERTEX
  8
87
  10
-802.644287
  20
1265.713989
  0
VERTEX
  8
87
  10
-807.249390
  20
1290.261108
  0
VERTEX
  8
87
  10
-798.830627
  20
1290.411011
  0
VERTEX
  8
87
  10
-790.437134
  20
1291.098145
  0
VERTEX
  8
87
  10
-786.257446
  20
1291.634766
  0
VERTEX
  8
87
  10
-782.118896
  20
1292.399658
  0
VERTEX
  8
87
  10
-779.399475
  20
1293.092773
  0
VERTEX
  8
87
  10
-776.719910
  20
1293.932739
  0
VERTEX
  8
87
  10
-774.083923
  20
1294.907104
  0
VERTEX
  8
87
  10
-770.991394
  20
1296.240112
  0
VERTEX
  8
87
  10
-767.991516
  20
1297.763428
  0
VERTEX
  8
87
  10
-765.101074
  20
1299.485474
  0
VERTEX
  8
87
  10
-762.319336
  20
1301.382935
  0
VERTEX
  8
87
  10
-759.643250
  20
1303.436035
  0
VERTEX
  8
87
  10
-757.104004
  20
1305.651733
  0
VERTEX
  8
87
  10
-754.730469
  20
1308.027222
  0
VERTEX
  8
87
  10
-752.486328
  20
1310.528442
  0
VERTEX
  8
87
  10
-748.210999
  20
1315.757324
  0
VERTEX
  8
87
  10
-744.071838
  20
1321.073120
  0
VERTEX
  8
87
  10
-740.019714
  20
1326.456787
  0
VERTEX
  8
87
  10
-736.074158
  20
1331.921753
  0
VERTEX
  8
87
  10
-732.291199
  20
1337.497925
  0
VERTEX
  8
87
  10
-725.135193
  20
1348.916504
  0
VERTEX
  8
87
  10
-717.757629
  20
1360.191528
  0
VERTEX
  8
87
  10
-714.004395
  20
1365.794434
  0
VERTEX
  8
87
  10
-710.055603
  20
1371.249268
  0
VERTEX
  8
87
  10
-705.792297
  20
1376.484131
  0
VERTEX
  8
87
  10
-703.522644
  20
1378.966064
  0
VERTEX
  8
87
  10
-701.125183
  20
1381.322510
  0
VERTEX
  8
87
  10
-698.578369
  20
1383.524292
  0
VERTEX
  8
87
  10
-695.903198
  20
1385.571167
  0
VERTEX
  8
87
  10
-693.123413
  20
1387.469360
  0
VERTEX
  8
87
  10
-690.242432
  20
1389.208130
  0
VERTEX
  8
87
  10
-687.255432
  20
1390.777466
  0
VERTEX
  8
87
  10
-684.181946
  20
1392.170288
  0
VERTEX
  8
87
  10
-677.825989
  20
1394.442627
  0
VERTEX
  8
87
  10
-674.576477
  20
1395.330444
  0
VERTEX
  8
87
  10
-671.283752
  20
1396.027100
  0
VERTEX
  8
87
  10
-664.530945
  20
1396.908325
  0
VERTEX
  8
87
  10
-664.530945
  20
1187.232544
  0
SEQEND
  0
POLYLINE
  8
8
  66
1
  70
1
  250
1
  0
VERTEX
  8
8
  10
-664.530945
  20
1187.232544
  0
VERTEX
  8
8
  10
-789.245361
  20
1187.232544
  0
VERTEX
  8
8
  10
-791.044495
  20
1198.537476
  0
VERTEX
  8
8
  10
-793.991394
  20
1216.520874
  0
VERTEX
  8
8
  10
-796.082092
  20
1228.831421
  0
VERTEX
  8
8
  10
-798.223633
  20
1241.133301
  0
VERTEX
  8
8
  10
-800.409058
  20
1253.428101
  0
VERTEX
  8
8
  10
-802.644287
  20
1265.713989
  0
VERTEX
  8
8
  10
-807.249390
  20
1290.261108
  0
VERTEX
  8
8
  10
-798.830627
  20
1290.411011
  0
VERTEX
  8
8
  10
-790.437134
  20
1291.098145
  0
VERTEX
  8
8
  10
-786.257446
  20
1291.634766
  0
VERTEX
  8
8
  10
-782.118896
  20
1292.399658
  0
VERTEX
  8
8
  10
-779.399475
  20
1293.092773
  0
VERTEX
  8
8
  10
-776.719910
  20
1293.932739
  0
VERTEX
  8
8
  10
-774.083923
  20
1294.907104
  0
VERTEX
  8
8
  10
-770.991394
  20
1296.240112
  0
VERTEX
  8
8
  10
-767.991516
  20
1297.763428
  0
VERTEX
  8
8
  10
-765.101074
  20
1299.485474
  0
VERTEX
  8
8
  10
-762.319336
  20
1301.382935
  0
VERTEX
  8
8
  10
-759.643250
  20
1303.436035
  0
VERTEX
  8
8
  10
-757.104004
  20
1305.651733
  0
VERTEX
  8
8
  10
-754.730469
  20
1308.027222
  0
VERTEX
  8
8
  10
-752.486328
  20
1310.528442
  0
VERTEX
  8
8
  10
-748.210999
  20
1315.757324
  0
VERTEX
  8
8
  10
-744.071838
  20
1321.073120
  0
VERTEX
  8
8
  10
-740.019714
  20
1326.456787
  0
VERTEX
  8
8
  10
-736.074158
  20
1331.921753
  0
VERTEX
  8
8
  10
-732.291199
  20
1337.497925
  0
VERTEX
  8
8
  10
-725.135193
  20
1348.916504
  0
VERTEX
  8
8
  10
-717.757629
  20
1360.191528
  0
VERTEX
  8
8
  10
-714.004395
  20
1365.794434
  0
VERTEX
  8
8
  10
-710.055603
  20
1371.249268
  0
VERTEX
  8
8
  10
-705.792297
  20
1376.484131
  0
VERTEX
  8
8
  10
-703.522644
  20
1378.966064
  0
VERTEX
  8
8
  10
-701.125183
  20
1381.322510
  0
VERTEX
  8
8
  10
-698.578369
  20
1383.524292
  0
VERTEX
  8
8
  10
-695.903198
  20
1385.571167
  0
VERTEX
  8
8
  10
-693.123413
  20
1387.469360
  0
VERTEX
  8
8
  10
-690.242432
  20
1389.208130
  0
VERTEX
  8
8
  10
-687.255432
  20
1390.777466
  0
VERTEX
  8
8
  10
-684.181946
  20
1392.170288
  0
VERTEX
  8
8
  10
-677.825989
  20
1394.442627
  0
VERTEX
  8
8
  10
-674.576477
  20
1395.330444
  0
VERTEX
  8
8
  10
-671.283752
  20
1396.027100
  0
VERTEX
  8
8
  10
-664.530945
  20
1396.908325
  0
SEQEND
  0
POINT
  8
2
  10
-664.530945
  20
1187.232544
  0
POINT
  8
2
  10
-789.245361
  20
1187.232544
  0
POINT
  8
2
  10
-807.249390
  20
1290.261108
  0
POINT
  8
2
  10
-664.530945
  20
1396.908325
  0
POINT
  8
3
  10
-791.044495
  20
1198.537476
  0
POINT
  8
3
  10
-793.991394
  20
1216.520874
  0
POINT
  8
3
  10
-796.082092
  20
1228.831421
  0
POINT
  8
3
  10
-798.223633
  20
1241.133301
  0
POINT
  8
3
  10
-800.409058
  20
1253.428101
  0
POINT
  8
3
  10
-802.644287
  20
1265.713989
  0
POINT
  8
3
  10
-798.830627
  20
1290.411011
  0
POINT
  8
3
  10
-790.437134
  20
1291.098145
  0
POINT
  8
3
  10
-786.257446
  20
1291.634766
  0
POINT
  8
3
  10
-782.118896
  20
1292.399658
  0
POINT
  8
3
  10
-779.399475
  20
1293.092773
  0
POINT
  8
3
  10
-776.719910
  20
1293.932739
  0
POINT
  8
3
  10
-774.083923
  20
1294.907104
  0
POINT
  8
3
  10
-770.991394
  20
1296.240112
  0
POINT
  8
3
  10
-767.991516
  20
1297.763428
  0
POINT
  8
3
  10
-765.101074
  20
1299.485474
  0
POINT
  8
3
  10
-762.319336
  20
1301.382935
  0
POINT
  8
3
  10
-759.643250
  20
1303.436035
  0
POINT
  8
3
  10
-757.104004
  20
1305.651733
  0
POINT
  8
3
  10
-754.730469
  20
1308.027222
  0
POINT
  8
3
  10
-752.486328
  20
1310.528442
  0
POINT
  8
3
  10
-748.210999
  20
1315.757324
  0
POINT
  8
3
  10
-744.071838
  20
1321.073120
  0
POINT
  8
3
  10
-740.019714
  20
1326.456787
  0
POINT
  8
3
  10
-736.074158
  20
1331.921753
  0
POINT
  8
3
  10
-732.291199
  20
1337.497925
  0
POINT
  8
3
  10
-725.135193
  20
1348.916504
  0
POINT
  8
3
  10
-717.757629
  20
1360.191528
  0
POINT
  8
3
  10
-714.004395
  20
1365.794434
  0
POINT
  8
3
  10
-710.055603
  20
1371.249268
  0
POINT
  8
3
  10
-705.792297
  20
1376.484131
  0
POINT
  8
3
  10
-703.522644
  20
1378.966064
  0
POINT
  8
3
  10
-701.125183
  20
1381.322510
  0
POINT
  8
3
  10
-698.578369
  20
1383.524292
  0
POINT
  8
3
  10
-695.903198
  20
1385.571167
  0
POINT
  8
3
  10
-693.123413
  20
1387.469360
  0
POINT
  8
3
  10
-690.242432
  20
1389.208130
  0
POINT
  8
3
  10
-687.255432
  20
1390.777466
  0
POINT
  8
3
  10
-684.181946
  20
1392.170288
  0
POINT
  8
3
  10
-677.825989
  20
1394.442627
  0
POINT
  8
3
  10
-674.576477
  20
1395.330444
  0
POINT
  8
3
  10
-671.283752
  20
1396.027100
  0
POLYLINE
  8
85
  66
1
  70
1
  250
1
  0
VERTEX
  8
85
  10
-789.245361
  20
1187.232544
  0
VERTEX
  8
85
  10
-791.044495
  20
1198.537476
  0
VERTEX
  8
85
  10
-793.991394
  20
1216.520874
  0
VERTEX
  8
85
  10
-796.082092
  20
1228.831421
  0
VERTEX
  8
85
  10
-798.223633
  20
1241.133301
  0
VERTEX
  8
85
  10
-800.409058
  20
1253.428101
  0
VERTEX
  8
85
  10
-802.644287
  20
1265.713989
  0
VERTEX
  8
85
  10
-807.249390
  20
1290.261108
  0
VERTEX
  8
85
  10
-798.830627
  20
1290.411011
  0
VERTEX
  8
85
  10
-790.437134
  20
1291.098145
  0
VERTEX
  8
85
  10
-786.257446
  20
1291.634766
  0
VERTEX
  8
85
  10
-782.118896
  20
1292.399658
  0
VERTEX
  8
85
  10
-779.399475
  20
1293.092773
  0
VERTEX
  8
85
  10
-776.719910
  20
1293.932739
  0
VERTEX
  8
85
  10
-774.083923
  20
1294.907104
  0
VERTEX
  8
85
  10
-770.991394
  20
1296.240112
  0
VERTEX
  8
85
  10
-767.991516
  20
1297.763428
  0
VERTEX
  8
85
  10
-765.101074
  20
1299.485474
  0
VERTEX
  8
85
  10
-762.319336
  20
1301.382935
  0
VERTEX
  8
85
  10
-759.643250
  20
1303.436035
  0
VERTEX
  8
85
  10
-757.104004
  20
1305.651733
  0
VERTEX
  8
85
  10
-754.730469
  20
1308.027222
  0
VERTEX
  8
85
  10
-752.486328
  20
1310.528442
  0
VERTEX
  8
85
  10
-748.210999
  20
1315.757324
  0
VERTEX
  8
85
  10
-744.071838
  20
1321.073120
  0
VERTEX
  8
85
  10
-740.019714
  20
1326.456787
  0
VERTEX
  8
85
  10
-736.074158
  20
1331.921753
  0
VERTEX
  8
85
  10
-732.291199
  20
1337.497925
  0
VERTEX
  8
85
  10
-725.135193
  20
1348.916504
  0
VERTEX
  8
85
  10
-717.757629
  20
1360.191528
  0
VERTEX
  8
85
  10
-714.004395
  20
1365.794434
  0
VERTEX
  8
85
  10
-710.055603
  20
1371.249268
  0
VERTEX
  8
85
  10
-705.792297
  20
1376.484131
  0
VERTEX
  8
85
  10
-703.522644
  20
1378.966064
  0
VERTEX
  8
85
  10
-701.125183
  20
1381.322510
  0
VERTEX
  8
85
  10
-698.578369
  20
1383.524292
  0
VERTEX
  8
85
  10
-695.903198
  20
1385.571167
  0
VERTEX
  8
85
  10
-693.123413
  20
1387.469360
  0
VERTEX
  8
85
  10
-690.242432
  20
1389.208130
  0
VERTEX
  8
85
  10
-687.255432
  20
1390.777466
  0
VERTEX
  8
85
  10
-684.181946
  20
1392.170288
  0
VERTEX
  8
85
  10
-677.825989
  20
1394.442627
  0
VERTEX
  8
85
  10
-674.576477
  20
1395.330444
  0
VERTEX
  8
85
  10
-671.283752
  20
1396.027100
  0
VERTEX
  8
85
  10
-664.530945
  20
1396.908325
  0
VERTEX
  8
85
  10
-664.530945
  20
1187.232544
  0
SEQEND
  0
TEXT
  8
1
  10
-735.890137
  20
1292.070435
  50
0.000000
  1
PIECE NAME: 11
  7
STANDARD
  0
TEXT
  8
1
  10
-735.890137
  20
1287.070435
  50
0.000000
  1
SIZE: M
  7
STANDARD
  0
TEXT
  8
1
  10
-735.890137
  20
1277.070435
  50
0.000000
  1
QUANTITY: 1
  7
STANDARD
  0
ENDBLK
  0
BLOCK
  8
1
  2
12_M
  70
64
  10
0
  20
0
  0
POLYLINE
  8
1
  66
1
  70
1
  250
0
  0
VERTEX
  8
1
  10
284.891602
  20
1760.685547
  0
VERTEX
  8
1
  10
97.013733
  20
1760.685547
  0
VERTEX
  8
1
  10
97.013733
  20
1744.685791
  0
VERTEX
  8
1
  10
284.891602
  20
1744.685669
  0
SEQEND
  0
TEXT
  8
1
  10
97.013733
  20
1760.685547
  40
0.250000
  50
0.000000
  1
# 24
  7
STANDARD
  0
TEXT
  8
1
  10
97.013733
  20
1744.685791
  40
0.250000
  50
0.000000
  1
# 23
  7
STANDARD
  0
POINT
  8
2
  10
284.891602
  20
1760.685547
  0
POINT
  8
2
  10
97.013733
  20
1760.685547
  0
POINT
  8
2
  10
97.013733
  20
1744.685791
  0
POINT
  8
2
  10
284.891602
  20
1744.685669
  0
POLYLINE
  8
84
  66
1
  70
1
  250
1
  0
VERTEX
  8
84
  10
97.013733
  20
1760.685547
  0
VERTEX
  8
84
  10
97.013733
  20
1744.685791
  0
VERTEX
  8
84
  10
284.891602
  20
1744.685669
  0
VERTEX
  8
84
  10
284.891602
  20
1760.685547
  0
SEQEND
  0
LINE
  8
7
  10
190.952667
  20
1662.685547
  11
190.952667
  21
1842.685547
  0
POLYLINE
  8
14
  66
1
  70
1
  250
2
  0
VERTEX
  8
14
  10
284.891602
  20
1760.685547
  0
VERTEX
  8
14
  10
97.013733
  20
1760.685547
  0
VERTEX
  8
14
  10
97.013733
  20
1744.685791
  0
VERTEX
  8
14
  10
284.891602
  20
1744.685669
  0
SEQEND
  0
TEXT
  8
14
  10
97.013733
  20
1760.685547
  40
0.250000
  50
0.000000
  1
# 24
  7
STANDARD
  0
TEXT
  8
14
  10
97.013733
  20
1744.685791
  40
0.250000
  50
0.000000
  1
# 23
  7
STANDARD
  0
POINT
  8
2
  10
284.891602
  20
1760.685547
  0
POINT
  8
2
  10
97.013733
  20
1760.685547
  0
POINT
  8
2
  10
97.013733
  20
1744.685791
  0
POINT
  8
2
  10
284.891602
  20
1744.685669
  0
TEXT
  8
15
  10
259.841248
  20
1755.352295
  40
8.203125
  50
90.000008
  999
11.000000
  1000
3
  1
12
  7
STANDARD
  0
POLYLINE
  8
87
  66
1
  70
1
  250
2
  0
VERTEX
  8
87
  10
97.013733
  20
1760.685547
  0
VERTEX
  8
87
  10
97.013733
  20
1744.685791
  0
VERTEX
  8
87
  10
284.891602
  20
1744.685669
  0
VERTEX
  8
87
  10
284.891602
  20
1760.685547
  0
SEQEND
  0
POLYLINE
  8
8
  66
1
  70
1
  250
1
  0
VERTEX
  8
8
  10
284.891602
  20
1760.685547
  0
VERTEX
  8
8
  10
97.013733
  20
1760.685547
  0
VERTEX
  8
8
  10
97.013733
  20
1744.685791
  0
VERTEX
  8
8
  10
284.891602
  20
1744.685669
  0
SEQEND
  0
POINT
  8
2
  10
284.891602
  20
1760.685547
  0
POINT
  8
2
  10
97.013733
  20
1760.685547
  0
POINT
  8
2
  10
97.013733
  20
1744.685791
  0
POINT
  8
2
  10
284.891602
  20
1744.685669
  0
POLYLINE
  8
85
  66
1
  70
1
  250
1
  0
VERTEX
  8
85
  10
97.013733
  20
1760.685547
  0
VERTEX
  8
85
  10
97.013733
  20
1744.685791
  0
VERTEX
  8
85
  10
284.891602
  20
1744.685669
  0
VERTEX
  8
85
  10
284.891602
  20
1760.685547
  0
SEQEND
  0
TEXT
  8
1
  10
190.952667
  20
1752.685547
  50
0.000000
  1
PIECE NAME: 12
  7
STANDARD
  0
TEXT
  8
1
  10
190.952667
  20
1747.685547
  50
0.000000
  1
SIZE: M
  7
STANDARD
  0
TEXT
  8
1
  10
190.952667
  20
1737.685547
  50
0.000000
  1
QUANTITY: 1
  7
STANDARD
  0
ENDBLK
  0
BLOCK
  8
1
  2
13_M
  70
64
  10
0
  20
0
  0
POLYLINE
  8
1
  66
1
  70
1
  250
0
  0
VERTEX
  8
1
  10
304.868011
  20
1744.685669
  0
VERTEX
  8
1
  10
446.097565
  20
1744.685791
  0
VERTEX
  8
1
  10
446.097565
  20
1760.685547
  0
VERTEX
  8
1
  10
304.868011
  20
1760.685547
  0
SEQEND
  0
TEXT
  8
1
  10
446.097565
  20
1744.685791
  40
0.250000
  50
0.000000
  1
# 26
  7
STANDARD
  0
TEXT
  8
1
  10
446.097565
  20
1760.685547
  40
0.250000
  50
0.000000
  1
# 25
  7
STANDARD
  0
POINT
  8
2
  10
304.868011
  20
1744.685669
  0
POINT
  8
2
  10
446.097565
  20
1744.685791
  0
POINT
  8
2
  10
446.097565
  20
1760.685547
  0
POINT
  8
2
  10
304.868011
  20
1760.685547
  0
POLYLINE
  8
84
  66
1
  70
1
  250
1
  0
VERTEX
  8
84
  10
446.097565
  20
1744.685791
  0
VERTEX
  8
84
  10
446.097565
  20
1760.685547
  0
VERTEX
  8
84
  10
304.868011
  20
1760.685547
  0
VERTEX
  8
84
  10
304.868011
  20
1744.685669
  0
SEQEND
  0
LINE
  8
7
  10
375.482788
  20
1662.685547
  11
375.482788
  21
1842.685547
  0
POLYLINE
  8
14
  66
1
  70
1
  250
2
  0
VERTEX
  8
14
  10
304.868011
  20
1744.685669
  0
VERTEX
  8
14
  10
446.097565
  20
1744.685791
  0
VERTEX
  8
14
  10
446.097565
  20
1760.685547
  0
VERTEX
  8
14
  10
304.868011
  20
1760.685547
  0
SEQEND
  0
TEXT
  8
14
  10
446.097565
  20
1744.685791
  40
0.250000
  50
0.000000
  1
# 26
  7
STANDARD
  0
TEXT
  8
14
  10
446.097565
  20
1760.685547
  40
0.250000
  50
0.000000
  1
# 25
  7
STANDARD
  0
POINT
  8
2
  10
304.868011
  20
1744.685669
  0
POINT
  8
2
  10
446.097565
  20
1744.685791
  0
POINT
  8
2
  10
446.097565
  20
1760.685547
  0
POINT
  8
2
  10
304.868011
  20
1760.685547
  0
TEXT
  8
15
  10
279.817657
  20
1755.352295
  40
8.328125
  50
90.000008
  999
11.000000
  1000
3
  1
13
  7
STANDARD
  0
POLYLINE
  8
87
  66
1
  70
1
  250
2
  0
VERTEX
  8
87
  10
446.097565
  20
1744.685791
  0
VERTEX
  8
87
  10
446.097565
  20
1760.685547
  0
VERTEX
  8
87
  10
304.868011
  20
1760.685547
  0
VERTEX
  8
87
  10
304.868011
  20
1744.685669
  0
SEQEND
  0
POLYLINE
  8
8
  66
1
  70
1
  250
1
  0
VERTEX
  8
8
  10
304.868011
  20
1744.685669
  0
VERTEX
  8
8
  10
446.097565
  20
1744.685791
  0
VERTEX
  8
8
  10
446.097565
  20
1760.685547
  0
VERTEX
  8
8
  10
304.868011
  20
1760.685547
  0
SEQEND
  0
POINT
  8
2
  10
304.868011
  20
1744.685669
  0
POINT
  8
2
  10
446.097565
  20
1744.685791
  0
POINT
  8
2
  10
446.097565
  20
1760.685547
  0
POINT
  8
2
  10
304.868011
  20
1760.685547
  0
POLYLINE
  8
85
  66
1
  70
1
  250
1
  0
VERTEX
  8
85
  10
446.097565
  20
1744.685791
  0
VERTEX
  8
85
  10
446.097565
  20
1760.685547
  0
VERTEX
  8
85
  10
304.868011
  20
1760.685547
  0
VERTEX
  8
85
  10
304.868011
  20
1744.685669
  0
SEQEND
  0
TEXT
  8
1
  10
375.482788
  20
1752.685547
  50
0.000000
  1
PIECE NAME: 13
  7
STANDARD
  0
TEXT
  8
1
  10
375.482788
  20
1747.685547
  50
0.000000
  1
SIZE: M
  7
STANDARD
  0
TEXT
  8
1
  10
375.482788
  20
1737.685547
  50
0.000000
  1
QUANTITY: 1
  7
STANDARD
  0
ENDBLK
  0
ENDSEC
  0
SECTION
  2
ENTITIES
  0
INSERT
  8
1
  2
3_M
  10
0.000000
  20
0.000000
  0
INSERT
  8
1
  2
Pattern_634078_M
  10
0.000000
  20
0.000000
  0
INSERT
  8
1
  2
Pattern_669883_M
  10
0.000000
  20
0.000000
  0
INSERT
  8
1
  2
9_M
  10
0.000000
  20
0.000000
  0
INSERT
  8
1
  2
8_M
  10
0.000000
  20
0.000000
  0
INSERT
  8
1
  2
10_M
  10
0.000000
  20
0.000000
  0
INSERT
  8
1
  2
6_M
  10
0.000000
  20
0.000000
  0
INSERT
  8
1
  2
11_M
  10
0.000000
  20
0.000000
  0
INSERT
  8
1
  2
12_M
  10
0.000000
  20
0.000000
  0
INSERT
  8
1
  2
13_M
  10
0.000000
  20
0.000000
  0
TEXT
  8
1
  10
0.000000
  20
0.000000
  40
0.250000
  50
0.000000
  1
STYLE NAME: panel_seperated
  7
STANDARD
  0
TEXT
  8
1
  10
0.000000
  20
0.000000
  40
0.250000
  50
0.000000
  1
CREATION DATE: 02-09-2026
  7
STANDARD
  0
TEXT
  8
1
  10
0.000000
  20
0.000000
  40
0.250000
  50
0.000000
  1
CREATION TIME: 22:36
  7
STANDARD
  0
TEXT
  8
1
  10
0.000000
  20
0.000000
  40
0.250000
  50
0.000000
  1
AUTHOR: CLO Virtual Fashion Inc.
  7
STANDARD
  0
TEXT
  8
1
  10
0.000000
  20
0.000000
  40
0.250000
  50
0.000000
  1
PRODUCT: CLO Standalone OnlineAuth 2026.1.224
  7
STANDARD
  0
TEXT
  8
1
  10
0.000000
  20
0.000000
  40
0.250000
  50
0.000000
  1
VERSION: 3
  7
STANDARD
  0
TEXT
  8
1
  10
0.000000
  20
0.000000
  40
0.250000
  50
0.000000
  1
SAMPLE SIZE: M
  7
STANDARD
  0
TEXT
  8
1
  10
0.000000
  20
0.000000
  40
0.250000
  50
0.000000
  1
UNITS: METRIC
  7
STANDARD
  0
ENDSEC
  0
EOF
