ply
format ascii 1.0
element vertex 2145
property float x
property float y
property float z
element face 4096
property list uchar int vertex_indices
end_header
0 0 0.0078998627784244973
0.098174770424681035 0 -0.0083003933603887602
0.19634954084936207 0 0.040238941876502385
0.2945243112740431 0 0.006591068748173964
0.39269908169872414 0 -0.033657099349519916
0.49087385212340517 0 0.022719687361560704
0.58904862254808621 0 0.081932739241231969
0.68722339297276724 0 0.059506851922431464
0.78539816339744828 0 -0.044216988937670579
0.88357293382212931 0 -0.079508775942661356
0.98174770424681035 0 -0.039161489453549449
1.0799224746714913 0 0.0025965878623940802
1.1780972450961724 0 -0.14608599201951097
1.2762720155208536 0 -0.013747085681543453
1.3744467859455345 0 -0.078282893578346599
1.4726215563702154 0 -0.046009714839999903
1.5707963267948966 0 -0.034196800443895559
1.6689710972195777 0 -0.019873724951572774
1.7671458676442586 0 0.025863509381324038
1.8653206380689396 0 0.06550304685420516
1.9634954084936207 0 -0.008076071056732366
2.0616701789183018 0 0.085857432009554119
2.1598449493429825 0 -0.041795413988652129
2.2580197197676637 0 0.022086029077341283
2.3561944901923448 0 0.056766705708295159
2.454369260617026 0 0.0059069668798531942
2.5525440310417071 0 -0.04671543559438901
2.6507188014663878 0 -0.057913713413614773
2.748893571891069 0 -0.028759761825496704
2.8470683423157501 0 0.013835267644996095
2.9452431127404308 0 -0.063436181366719288
3.043417883165112 0 -0.013142888986547911
3.1415926535897931 0 -0.010004402428301704
3.2397674240144743 0 0.033982330311508199
3.3379421944391554 0 0.013487430445839041
3.4361169648638361 0 0.022328725840122406
3.5342917352885173 0 -0.041081263121109712
3.6324665057131984 0 -0.0081438647882856614
3.7306412761378791 0 0.049258631546785558
3.8288160465625602 0 0.093835046289354671
3.9269908169872414 0 -0.079109420520928564
4.0251655874119221 0 0.095122636176303371
4.1233403578366037 0 0.084563846880030755
4.2215151282612844 0 0.049091243132128287
4.3196898986859651 0 0.016616237308859961
4.4178646691106467 0 -0.019724352158837454
4.5160394395353274 0 0.091610141363633574
4.614214209960009 0 0.12316666252195012
4.7123889803846897 0 0.11320005743245244
4.8105637508093704 0 0.08263040651995554
4.908738521234052 0 0.022454873453261592
5.0069132916587327 0 -0.075920898767466743
5.1050880620834143 0 -0.00027986143776328912
5.203262832508095 0 0.041247536666033063
5.3014376029327757 0 -0.080950138193675858
5.3996123733574573 0 0.024826251230781225
5.497787143782138 0 0.027009132513969657
5.5959619142068187 0 0.043733654163727521
5.6941366846315002 0 -0.074400326106961373
5.7923114550561809 0 -0.04157599878358606
5.8904862254808616 0 -0.027422035323855794
5.9886609959055432 0 -0.073500821592291099
6.0868357663302239 0 0.10928770689364206
6.1850105367549055 0 -0.031158990026204546
6.2831853071795862 0 0.020669771423326547
0 0.125 -0.016246592185617848
0.098174770424681035 0.125 0.099492535264068566
0.19634954084936207 0.125 0.08296072754205748
0.2945243112740431 0.125 0.039794718939971621
0.39269908169872414 0.125 -0.1384506090630408
0.49087385212340517 0.125 0.0032690768661734382
0.58904862254808621 0.125 0.042957270286087014
0.68722339297276724 0.125 0.063080766223043844
0.78539816339744828 0.125 -0.038824244645095575
0.88357293382212931 0.125 0.11448035027578768
0.98174770424681035 0.125 -0.082965124699324155
1.0799224746714913 0.125 -0.041565031469569615
1.1780972450961724 0.125 0.058750923467964705
1.2762720155208536 0.125 0.0030821922883656682
1.3744467859455345 0.125 0.12581403660765239
1.4726215563702154 0.125 0.011845010205156837
1.5707963267948966 0.125 -0.03978475804088745
1.6689710972195777 0.125 -0.023723014686060039
1.7671458676442586 0.125 -0.068558732542109785
1.8653206380689396 0.125 -0.080279012487151052
1.9634954084936207 0.125 0.039609922162721342
2.0616701789183018 0.125 0.036515724935872289
2.1598449493429825 0.125 0.081339529535921787
2.2580197197676637 0.125 -0.047413280203570253
2.3561944901923448 0.125 0.10612975127441629
2.454369260617026 0.125 -0.018057102231674324
2.5525440310417071 0.125 0.09892298965138209
2.6507188014663878 0.125 -0.027192736761729619
2.748893571891069 0.125 -0.046211778161210512
2.8470683423157501 0.125 0.015694477765258095
2.9452431127404308 0.125 0.064808108678969273
3.043417883165112 0.125 0.010116530067330581
3.1415926535897931 0.125 -0.036789861046618889
3.2397674240144743 0.125 -0.084271320011861328
3.3379421944391554 0.125 -0.088060112220843603
3.4361169648638361 0.125 0.031584494965049177
3.5342917352885173 0.125 0.062185503890655108
3.6324665057131984 0.125 -0.010322933704322822
3.7306412761378791 0.125 -0.067504334917709796
3.8288160465625602 0.125 0.054854856259011452
3.9269908169872414 0.125 -0.080449524208323187
4.0251655874119221 0.125 -0.044803389778949557
4.1233403578366037 0.125 0.03901970252859352
4.2215151282612844 0.125 -0.14138053960883706
4.3196898986859651 0.125 0.024276317785695029
4.4178646691106467 0.125 -0.036545571573838358
4.5160394395353274 0.125 0.0068662458956563035
4.614214209960009 0.125 -0.0047564671728174603
4.7123889803846897 0.125 0.012699221973096994
4.8105637508093704 0.125 0.043616109133738715
4.908738521234052 0.125 -0.047649776762543276
5.0069132916587327 0.125 0.089282933643565682
5.1050880620834143 0.125 0.045621818263509528
5.203262832508095 0.125 0.053013286669714096
5.3014376029327757 0.125 0.073190562509795318
5.3996123733574573 0.125 0.049485627427300172
5.497787143782138 0.125 0.053035027639149412
5.5959619142068187 0.125 0.0047496866433634878
5.6941366846315002 0.125 -0.089646844972067236
5.7923114550561809 0.125 -0.0084851338835916328
5.8904862254808616 0.125 -0.048350030808178637
5.9886609959055432 0.125 -0.08939350175846747
6.0868357663302239 0.125 0.016239067784640411
6.1850105367549055 0.125 -0.035723015767054417
6.2831853071795862 0.125 -0.064704521141819599
0 0.25 -0.065533690616780993
0.098174770424681035 0.25 0.016865142514231046
0.19634954084936207 0.25 0.022536023211245718
0.2945243112740431 0.25 0.083092453434088595
0.39269908169872414 0.25 -0.00087428440824860009
0.49087385212340517 0.25 0.06546072267521523
0.58904862254808621 0.25 0.088106897563518416
0.68722339297276724 0.25 0.072267038258786082
0.78539816339744828 0.25 -0.14861642750933968
0.88357293382212931 0.25 0.077200474916697043
0.98174770424681035 0.25 0.021338954458520815
1.0799224746714913 0.25 0.026626339378517678
1.1780972450961724 0.25 0.023324906567426803
1.2762720155208536 0.25 0.024049341656310272
1.3744467859455345 0.25 0.020069387355939841
1.4726215563702154 0.25 -0.022551188267610739
1.5707963267948966 0.25 -0.11948326966370118
1.6689710972195777 0.25 -0.0068433141812338418
1.7671458676442586 0.25 -0.050499961415374044
1.8653206380689396 0.25 0.067868668830110029
1.9634954084936207 0.25 -0.018143734676757419
2.0616701789183018 0.25 0.0052449113100314811
2.1598449493429825 0.25 -0.05338231657181923
2.2580197197676637 0.25 -0.032083355878132901
2.3561944901923448 0.25 -0.0007246436373595786
2.454369260617026 0.25 -0.093328875334138792
2.5525440310417071 0.25 0.018892602922234821
2.6507188014663878 0.25 -0.0066647162436233786
2.748893571891069 0.25 -0.074500972572407301
2.8470683423157501 0.25 -0.15068541503062477
2.9452431127404308 0.25 0.032236016294138671
3.043417883165112 0.25 -0.018697756611398914
3.1415926535897931 0.25 -0.033301410746139001
3.2397674240144743 0.25 -0.014838033005144392
3.3379421944391554 0.25 0.11413254942589619
3.4361169648638361 0.25 -0.003129087170788553
3.5342917352885173 0.25 0.0054424488052833243
3.6324665057131984 0.25 -0.093435544054498457
3.7306412761378791 0.25 0.10350536617671585
3.8288160465625602 0.25 0.057647470170910174
3.9269908169872414 0.25 0.067037494800845476
4.0251655874119221 0.25 0.0029953660430234695
4.1233403578366037 0.25 0.05759511900898507
4.2215151282612844 0.25 0.023307277040099675
4.3196898986859651 0.25 0.038527806045267073
4.4178646691106467 0.25 -0.0095625656012716369
4.5160394395353274 0.25 -0.092607110995663072
4.614214209960009 0.25 0.064644825213447957
4.7123889803846897 0.25 -0.12157709958731663
4.8105637508093704 0.25 -0.015075665675020708
4.908738521234052 0.25 -0.012850526941005564
5.0069132916587327 0.25 -0.065524835152770716
5.1050880620834143 0.25 0.038523662817218647
5.203262832508095 0.25 -0.012587086364882736
5.3014376029327757 0.25 -0.027449246445649875
5.3996123733574573 0.25 0.032662619261375189
5.497787143782138 0.25 -0.029944344253463699
5.5959619142068187 0.25 0.087272185698707316
5.6941366846315002 0.25 0.022082573708338129
5.7923114550561809 0.25 -0.029803220535887572
5.8904862254808616 0.25 -0.12216177130376243
5.9886609959055432 0.25 -0.082168556721864239
6.0868357663302239 0.25 0.068287592182470408
6.1850105367549055 0.25 -0.0031795470582477513
6.2831853071795862 0.25 -0.017789272527719079
0 0.375 0.10324854398608851
0.098174770424681035 0.375 -0.080591228846301224
0.19634954084936207 0.375 -0.036797964829983522
0.2945243112740431 0.375 -0.02969355946963043
0.39269908169872414 0.375 0.036840657923690873
0.49087385212340517 0.375 -0.04169114608780481
0.58904862254808621 0.375 -0.038542180135733739
0.68722339297276724 0.375 -0.10085451106336721
0.78539816339744828 0.375 0.045826374591251849
0.88357293382212931 0.375 0.05065122972960763
0.98174770424681035 0.375 -0.029931633799529823
1.0799224746714913 0.375 0.010262951459006015
1.1780972450961724 0.375 -0.081219351259041547
1.2762720155208536 0.375 -0.029644894816020846
1.3744467859455345 0.375 0.086579211801602579
1.4726215563702154 0.375 0.0085282135402331843
1.5707963267948966 0.375 0.14516441914480124
1.6689710972195777 0.375 -0.049460778714402624
1.7671458676442586 0.375 0.036460345211474454
1.8653206380689396 0.375 -0.012283993449089306
1.9634954084936207 0.375 0.035551383817302648
2.0616701789183018 0.375 -0.00045310309052686438
2.1598449493429825 0.375 -0.035261117217397761
2.2580197197676637 0.375 -0.054513969058488161
2.3561944901923448 0.375 0.19264476990064841
2.454369260617026 0.375 -0.0048597334284212175
2.5525440310417071 0.375 -0.12671052818440171
2.6507188014663878 0.375 -0.0407527780980598
2.748893571891069 0.375 0.042602492511495546
2.8470683423157501 0.375 -0.031416456408522961
2.9452431127404308 0.375 0.085479355906636356
3.043417883165112 0.375 0.0629825409987535
3.1415926535897931 0.375 -0.0095717187832662018
3.2397674240144743 0.375 -0.02967020273466392
3.3379421944391554 0.375 -0.063133509239956753
3.4361169648638361 0.375 -0.043980194941803802
3.5342917352885173 0.375 -0.092560309221124168
3.6324665057131984 0.375 0.075674450829822576
3.7306412761378791 0.375 0.099946678137894762
3.8288160465625602 0.375 -0.078925482635022193
3.9269908169872414 0.375 -0.074247331105774389
4.0251655874119221 0.375 -0.11111887716021401
4.1233403578366037 0.375 -0.06056074740799279
4.2215151282612844 0.375 -0.19517689748974412
4.3196898986859651 0.375 -0.07177150357010105
4.4178646691106467 0.375 0.081487597846815904
4.5160394395353274 0.375 -0.021719245582267292
4.614214209960009 0.375 0.053695111081782446
4.7123889803846897 0.375 -0.030722832375976939
4.8105637508093704 0.375 0.11062598891298787
4.908738521234052 0.375 0.012517235037986189
5.0069132916587327 0.375 -0.02400191189304841
5.1050880620834143 0.375 0.16037353133903753
5.203262832508095 0.375 -0.020387168000059578
5.3014376029327757 0.375 -0.076731726077838971
5.3996123733574573 0.375 0.012686379576883643
5.497787143782138 0.375 -0.0024400774367187928
5.5959619142068187 0.375 0.066999147651390645
5.6941366846315002 0.375 -0.057907967330029078
5.7923114550561809 0.375 0.050561856003106219
5.8904862254808616 0.375 0.053579766610322509
5.9886609959055432 0.375 -0.041952029824769622
6.0868357663302239 0.375 0.010256923382418686
6.1850105367549055 0.375 -0.052197684892178631
6.2831853071795862 0.375 0.14739146823018931
0 0.5 -0.044242393519226104
0.098174770424681035 0.5 -0.028467506875178305
0.19634954084936207 0.5 -0.066968577994336295
0.2945243112740431 0.5 -0.021747441106703458
0.39269908169872414 0.5 -0.00036920164606583624
0.49087385212340517 0.5 0.048241614142098536
0.58904862254808621 0.5 -0.038358007247893469
0.68722339297276724 0.5 -0.011672522075818949
0.78539816339744828 0.5 -0.08900065174828832
0.88357293382212931 0.5 -0.051987215143447785
0.98174770424681035 0.5 0.17315249559573909
1.0799224746714913 0.5 0.065423239232575189
1.1780972450961724 0.5 -0.049098320573437944
1.2762720155208536 0.5 -0.084031146978330695
1.3744467859455345 0.5 -0.061297677071604439
1.4726215563702154 0.5 -0.00136287689796797
1.5707963267948966 0.5 0.0021820112956930696
1.6689710972195777 0.5 -0.046769555910121226
1.7671458676442586 0.5 -0.080837857859983778
1.8653206380689396 0.5 0.089370677254251005
1.9634954084936207 0.5 0.028380233910441276
2.0616701789183018 0.5 -0.023534802770886071
2.1598449493429825 0.5 -0.013864552588145366
2.2580197197676637 0.5 -0.033271380004824651
2.3561944901923448 0.5 -0.18447717607626257
2.454369260617026 0.5 0.0072672469258993292
2.5525440310417071 0.5 -0.067264289056836804
2.6507188014663878 0.5 -0.063000512554226742
2.748893571891069 0.5 -0.040228873382882571
2.8470683423157501 0.5 0.0460118737429644
2.9452431127404308 0.5 -0.073546619769881985
3.043417883165112 0.5 -0.090118561937845343
3.1415926535897931 0.5 0.040203091574914557
3.2397674240144743 0.5 0.047398396178243846
3.3379421944391554 0.5 -0.060251581833718988
3.4361169648638361 0.5 0.03533648822759048
3.5342917352885173 0.5 -0.018323806018790436
3.6324665057131984 0.5 0.01893074576889487
3.7306412761378791 0.5 -0.079228471046448215
3.8288160465625602 0.5 0.052332301666554323
3.9269908169872414 0.5 0.075602989812370569
4.0251655874119221 0.5 0.04002849193683794
4.1233403578366037 0.5 0.035081534437341376
4.2215151282612844 0.5 -0.23701903835588944
4.3196898986859651 0.5 0.016375850099512989
4.4178646691106467 0.5 -0.0015987763997912102
4.5160394395353274 0.5 -0.0092391416810365546
4.614214209960009 0.5 -0.039620383616167494
4.7123889803846897 0.5 0.0034786839690920824
4.8105637508093704 0.5 0.025894100247353235
4.908738521234052 0.5 -0.016574298945167848
5.0069132916587327 0.5 -0.029111514270866827
5.1050880620834143 0.5 0.077267710763417319
5.203262832508095 0.5 -0.069452263674329703
5.3014376029327757 0.5 0.064726560030816629
5.3996123733574573 0.5 0.011109454742378563
5.497787143782138 0.5 -0.050536014129201438
5.5959619142068187 0.5 -0.018220099887307908
5.6941366846315002 0.5 -0.057804902878888079
5.7923114550561809 0.5 0.042415554634684528
5.8904862254808616 0.5 0.021859312391547564
5.9886609959055432 0.5 -0.034984535468162603
6.0868357663302239 0.5 -0.06925441821921971
6.1850105367549055 0.5 0.018957381256255488
6.2831853071795862 0.5 0.060154311782144372
0 0.625 -0.0071525487785919963
0.098174770424681035 0.625 0.02628586286809002
0.19634954084936207 0.625 -0.023626482674347499
0.2945243112740431 0.625 0.0042454984241622378
0.39269908169872414 0.625 -0.01830184509101317
0.49087385212340517 0.625 0.018475212724319949
0.58904862254808621 0.625 -0.094861804710896808
0.68722339297276724 0.625 0.040475684303297857
0.78539816339744828 0.625 -0.014447083900532882
0.88357293382212931 0.625 0.022532009416906803
0.98174770424681035 0.625 -0.021382315927800967
1.0799224746714913 0.625 0.020128887180659444
1.1780972450961724 0.625 -0.067391108519301759
1.2762720155208536 0.625 0.074716775325152793
1.3744467859455345 0.625 -0.10703686323167978
1.4726215563702154 0.625 -0.065297300516713105
1.5707963267948966 0.625 0.014807335855321927
1.6689710972195777 0.625 0.091913091529927451
1.7671458676442586 0.625 0.017475190930604144
1.8653206380689396 0.625 -0.015576547637351418
1.9634954084936207 0.625 -0.089541054494325312
2.0616701789183018 0.625 -0.012018267275537273
2.1598449493429825 0.625 -0.0012489094373032989
2.2580197197676637 0.625 0.10622156073174997
2.3561944901923448 0.625 0.039089280516192947
2.454369260617026 0.625 -0.096075738850634085
2.5525440310417071 0.625 0.12734628632130765
2.6507188014663878 0.625 -0.024819202459248547
2.748893571891069 0.625 -0.055258083576865138
2.8470683423157501 0.625 0.092665840182881043
2.9452431127404308 0.625 -0.0031262466204545944
3.043417883165112 0.625 -0.023084586142320587
3.1415926535897931 0.625 0.013746729110946009
3.2397674240144743 0.625 0.053085927710575805
3.3379421944391554 0.625 0.06241315444887581
3.4361169648638361 0.625 -0.086406515144094836
3.5342917352885173 0.625 0.12556829410681988
3.6324665057131984 0.625 0.059493068176268461
3.7306412761378791 0.625 -0.023825905413079274
3.8288160465625602 0.625 -0.05143791550657182
3.9269908169872414 0.625 -0.060884846674143386
4.0251655874119221 0.625 0.0077520958620144412
4.1233403578366037 0.625 -0.040716064584652288
4.2215151282612844 0.625 -0.048058448605324551
4.3196898986859651 0.625 0.050972617575140038
4.4178646691106467 0.625 0.022906441782070439
4.5160394395353274 0.625 -0.024791643335632222
4.614214209960009 0.625 0.04613413708183866
4.7123889803846897 0.625 0.085914932941551975
4.8105637508093704 0.625 -0.068769231502768272
4.908738521234052 0.625 -0.037905947023832598
5.0069132916587327 0.625 0.059226676966961142
5.1050880620834143 0.625 0.045172367998645276
5.203262832508095 0.625 0.014243909239256076
5.3014376029327757 0.625 0.073037077264215461
5.3996123733574573 0.625 -0.06837435947501605
5.497787143782138 0.625 -0.092936971044440431
5.5959619142068187 0.625 -0.054444262958052186
5.6941366846315002 0.625 0.0076996726055365864
5.7923114550561809 0.625 -0.050019607285175363
5.8904862254808616 0.625 -0.03061281961838748
5.9886609959055432 0.625 -0.06126106422829361
6.0868357663302239 0.625 -0.038982712854646918
6.1850105367549055 0.625 -0.06313264291218619
6.2831853071795862 0.625 0.023088582648258662
0 0.75 0.049944478791604525
0.098174770424681035 0.75 -0.030187308680749172
0.19634954084936207 0.75 -0.013022894007822547
0.2945243112740431 0.75 -0.036507353225996242
0.39269908169872414 0.75 0.033379498325065982
0.49087385212340517 0.75 0.0055955559412188289
0.58904862254808621 0.75 0.1001638321354402
0.68722339297276724 0.75 -0.068830538050270493
0.78539816339744828 0.75 0.022776703767330708
0.88357293382212931 0.75 0.027896802387740515
0.98174770424681035 0.75 -0.022647123864873088
1.0799224746714913 0.75 0.036664530554091149
1.1780972450961724 0.75 -0.090385043721817798
1.2762720155208536 0.75 0.1331283207148605
1.3744467859455345 0.75 -0.08432313990471231
1.4726215563702154 0.75 0.057793194650190387
1.5707963267948966 0.75 -0.070442215438567435
1.6689710972195777 0.75 0.07231211352117653
1.7671458676442586 0.75 -0.024176065105740104
1.8653206380689396 0.75 0.0099540048260228168
1.9634954084936207 0.75 0.0033516870208633222
2.0616701789183018 0.75 0.06916116292971411
2.1598449493429825 0.75 -0.020203422142990955
2.2580197197676637 0.75 -0.18643365090273731
2.3561944901923448 0.75 -0.047755902223255445
2.454369260617026 0.75 0.011542985691803089
2.5525440310417071 0.75 -0.027675433531205978
2.6507188014663878 0.75 0.048369270621793185
2.748893571891069 0.75 0.063794876630895683
2.8470683423157501 0.75 -0.0092847766477781903
2.9452431127404308 0.75 -0.093597180548919398
3.043417883165112 0.75 0.086969658818996667
3.1415926535897931 0.75 0.068050258387605825
3.2397674240144743 0.75 -0.018798733388649586
3.3379421944391554 0.75 0.13246766769759932
3.4361169648638361 0.75 -0.021920491648897474
3.5342917352885173 0.75 -0.071447339198368959
3.6324665057131984 0.75 -0.0097938166872394861
3.7306412761378791 0.75 0.067722289648486395
3.8288160465625602 0.75 -0.058901936963480582
3.9269908169872414 0.75 0.12259908739477983
4.0251655874119221 0.75 -0.056330403389004795
4.1233403578366037 0.75 0.05996812023803505
4.2215151282612844 0.75 0.034209579899055161
4.3196898986859651 0.75 -0.0096796905323808698
4.4178646691106467 0.75 0.067891889358024052
4.5160394395353274 0.75 -0.094235137139423802
4.614214209960009 0.75 0.085298751051001501
4.7123889803846897 0.75 -0.0040013855512781998
4.8105637508093704 0.75 -0.034082211920387157
4.908738521234052 0.75 0.047071993711656927
5.0069132916587327 0.75 0.066595419093409047
5.1050880620834143 0.75 0.048367673392282907
5.203262832508095 0.75 0.12563253030039304
5.3014376029327757 0.75 0.067904022021238269
5.3996123733574573 0.75 0.080645100144914453
5.497787143782138 0.75 -0.033920651579436016
5.5959619142068187 0.75 0.0066930863090141806
5.6941366846315002 0.75 0.035373238894657467
5.7923114550561809 0.75 -0.0011147776097063698
5.8904862254808616 0.75 0.01895230065201764
5.9886609959055432 0.75 0.026772952058959156
6.0868357663302239 0.75 0.053045409792523548
6.1850105367549055 0.75 -0.0063842748956502984
6.2831853071795862 0.75 -0.021978532906132157
0 0.875 -0.052044607231475366
0.098174770424681035 0.875 -0.056029194495541952
0.19634954084936207 0.875 0.073667283250470894
0.2945243112740431 0.875 -0.0053106417155796481
0.39269908169872414 0.875 0.049445173728356336
0.49087385212340517 0.875 -0.081515774574067737
0.58904862254808621 0.875 -0.12177869378019214
0.68722339297276724 0.875 -0.065916346085099151
0.78539816339744828 0.875 0.072044697150716083
0.88357293382212931 0.875 0.067109284768852986
0.98174770424681035 0.875 0.020862601022725857
1.0799224746714913 0.875 -0.050401837013431011
1.1780972450961724 0.875 -0.0082185723562685411
1.2762720155208536 0.875 -0.018708842717313958
1.3744467859455345 0.875 -0.021675314595546721
1.4726215563702154 0.875 -0.15746101180587516
1.5707963267948966 0.875 -0.053905104629193588
1.6689710972195777 0.875 -0.01194489294451051
1.7671458676442586 0.875 0.095279968083461647
1.8653206380689396 0.875 0.010099784273676761
1.9634954084936207 0.875 0.088020406972464646
2.0616701789183018 0.875 -0.024737334644524454
2.1598449493429825 0.875 -0.015876891809882818
2.2580197197676637 0.875 -0.24500789320774227
2.3561944901923448 0.875 0.029111903796760756
2.454369260617026 0.875 0.034375034209490007
2.5525440310417071 0.875 0.11082025071260197
2.6507188014663878 0.875 -0.030584108877584497
2.748893571891069 0.875 0.0059158801082717432
2.8470683423157501 0.875 -0.044329628789079756
2.9452431127404308 0.875 -0.073906411077732964
3.043417883165112 0.875 -0.04480589499034366
3.1415926535897931 0.875 -0.021676896575344624
3.2397674240144743 0.875 0.085164683065306362
3.3379421944391554 0.875 0.00013895908794369884
3.4361169648638361 0.875 -0.049671395327722793
3.5342917352885173 0.875 0.0089144468582300594
3.6324665057131984 0.875 0.013670411445179536
3.7306412761378791 0.875 -0.042488913183457176
3.8288160465625602 0.875 0.071831487255127016
3.9269908169872414 0.875 -0.11864846006613354
4.0251655874119221 0.875 -0.013417404695981502
4.1233403578366037 0.875 0.041787333318654106
4.2215151282612844 0.875 -0.084096195410283292
4.3196898986859651 0.875 0.022698242456396126
4.4178646691106467 0.875 0.081234866167323172
4.5160394395353274 0.875 0.028505006218689698
4.614214209960009 0.875 -0.10619588120496111
4.7123889803846897 0.875 -0.045753842971423909
4.8105637508093704 0.875 0.077427906326021992
4.908738521234052 0.875 0.018744956284080776
5.0069132916587327 0.875 -0.00061945537464600528
5.1050880620834143 0.875 0.027721450942352632
5.203262832508095 0.875 0.045304841684341894
5.3014376029327757 0.875 -0.044514183652400209
5.3996123733574573 0.875 -0.018246375163181686
5.497787143782138 0.875 0.0089795294378197162
5.5959619142068187 0.875 -0.034177871652610055
5.6941366846315002 0.875 -0.0083850087182149435
5.7923114550561809 0.875 0.081547687804619934
5.8904862254808616 0.875 -0.060809915538296601
5.9886609959055432 0.875 0.12105578825928734
6.0868357663302239 0.875 0.11808268979097063
6.1850105367549055 0.875 -0.10765857501359405
6.2831853071795862 0.875 -0.0088607153741744986
0 1 0.021531946352920425
0.098174770424681035 1 -0.047806940376781473
0.19634954084936207 1 -0.046563461321891347
0.2945243112740431 1 -0.014917268174163058
0.39269908169872414 1 0.046443928963284059
0.49087385212340517 1 -0.032128052639361165
0.58904862254808621 1 0.11477455717887393
0.68722339297276724 1 0.018219603909575235
0.78539816339744828 1 -0.0064449951783211203
0.88357293382212931 1 0.091059671599056924
0.98174770424681035 1 0.039350408029660791
1.0799224746714913 1 0.023202972431358881
1.1780972450961724 1 -0.020806163876313039
1.2762720155208536 1 0.11397607756646068
1.3744467859455345 1 0.051008254847054589
1.4726215563702154 1 -0.012780711173215874
1.5707963267948966 1 -0.099098345300656865
1.6689710972195777 1 0.023433236474884812
1.7671458676442586 1 -0.071863309419249385
1.8653206380689396 1 -0.10781606392002173
1.9634954084936207 1 -0.017539606376321175
2.0616701789183018 1 0.017685350961930361
2.1598449493429825 1 0.080580672442116086
2.2580197197676637 1 0.017746971586183314
2.3561944901923448 1 0.05064370050419098
2.454369260617026 1 -0.077024482017836904
2.5525440310417071 1 -0.0014157384640291813
2.6507188014663878 1 0.0078044273643945849
2.748893571891069 1 0.054176525583754812
2.8470683423157501 1 0.0072923071804313622
2.9452431127404308 1 0.050521770954710561
3.043417883165112 1 -0.031679773055242881
3.1415926535897931 1 0.022490970073513535
3.2397674240144743 1 0.026066824768042621
3.3379421944391554 1 -0.078525724699925678
3.4361169648638361 1 0.011029417318586672
3.5342917352885173 1 -0.020128971223120035
3.6324665057131984 1 -0.11963737422321988
3.7306412761378791 1 0.060218467709671993
3.8288160465625602 1 -0.022736251433633798
3.9269908169872414 1 -0.053557246892023624
4.0251655874119221 1 -0.023707510201298219
4.1233403578366037 1 0.0086833811418929735
4.2215151282612844 1 0.09474474716606697
4.3196898986859651 1 -0.010425890631018198
4.4178646691106467 1 0.029682238438911979
4.5160394395353274 1 0.086304537591689101
4.614214209960009 1 0.033523968587373568
4.7123889803846897 1 0.06713986613672486
4.8105637508093704 1 -0.029939997444868614
4.908738521234052 1 0.04844645799212012
5.0069132916587327 1 -0.0036427395180693516
5.1050880620834143 1 0.067507249012606518
5.203262832508095 1 -0.063055507576204511
5.3014376029327757 1 -0.048981058212727434
5.3996123733574573 1 0.079716755763773073
5.497787143782138 1 -0.012320319354212659
5.5959619142068187 1 -0.022554162612292056
5.6941366846315002 1 0.004874018855037964
5.7923114550561809 1 -0.043322402933771813
5.8904862254808616 1 0.083688344367758877
5.9886609959055432 1 -0.078487204192875373
6.0868357663302239 1 -0.0094623513058875175
6.1850105367549055 1 0.021799686454101106
6.2831853071795862 1 -0.0065626028973699508
0 1.125 -0.050409213171886486
0.098174770424681035 1.125 -0.054562502419489227
0.19634954084936207 1.125 0.026728320060734962
0.2945243112740431 1.125 -0.064746996238232227
0.39269908169872414 1.125 0.040604626734207241
0.49087385212340517 1.125 -0.095765066044179087
0.58904862254808621 1.125 -0.034870616390232978
0.68722339297276724 1.125 0.002281174663157217
0.78539816339744828 1.125 -0.078675026934075742
0.88357293382212931 1.125 0.040967050778317589
0.98174770424681035 1.125 -0.0011648279939881156
1.0799224746714913 1.125 -0.065098429333188754
1.1780972450961724 1.125 -0.095434562084156974
1.2762720155208536 1.125 -0.098368881352851004
1.3744467859455345 1.125 0.0032065573421029038
1.4726215563702154 1.125 -0.072685779316234364
1.5707963267948966 1.125 -0.085757914533912835
1.6689710972195777 1.125 -0.014528354005235127
1.7671458676442586 1.125 0.14309957834850379
1.8653206380689396 1.125 0.017438375198513732
1.9634954084936207 1.125 0.047935604052215648
2.0616701789183018 1.125 0.013365487878426481
2.1598449493429825 1.125 0.049196220418771155
2.2580197197676637 1.125 -0.084388748748410528
2.3561944901923448 1.125 -0.027049864856789854
2.454369260617026 1.125 0.016421157931559571
2.5525440310417071 1.125 -0.0011257467538804415
2.6507188014663878 1.125 -0.012063289796863889
2.748893571891069 1.125 -0.041838228006431645
2.8470683423157501 1.125 -0.016234689145345243
2.9452431127404308 1.125 -0.048644283919244226
3.043417883165112 1.125 -0.15216825615409418
3.1415926535897931 1.125 -0.075053178902265261
3.2397674240144743 1.125 0.029886155568526699
3.3379421944391554 1.125 0.09783409333209199
3.4361169648638361 1.125 0.11395060285853228
3.5342917352885173 1.125 0.0060790913438889677
3.6324665057131984 1.125 0.056132948564990459
3.7306412761378791 1.125 0.057049934678212386
3.8288160465625602 1.125 -0.0434959273284002
3.9269908169872414 1.125 -0.10668470595225067
4.0251655874119221 1.125 0.0019407075114832456
4.1233403578366037 1.125 -0.11072235414158967
4.2215151282612844 1.125 -0.020101770434494206
4.3196898986859651 1.125 0.03820912344759813
4.4178646691106467 1.125 -0.089225597428039718
4.5160394395353274 1.125 0.0020291788180898419
4.614214209960009 1.125 0.077912636027464413
4.7123889803846897 1.125 0.022714498651306609
4.8105637508093704 1.125 0.032818440357714355
4.908738521234052 1.125 0.056972180455193103
5.0069132916587327 1.125 0.10888528112699428
5.1050880620834143 1.125 0.0095141928225098114
5.203262832508095 1.125 0.077251817477212534
5.3014376029327757 1.125 -0.0040318707726453096
5.3996123733574573 1.125 -0.03431679876371347
5.497787143782138 1.125 0.019780784906931147
5.5959619142068187 1.125 -0.038064343854018877
5.6941366846315002 1.125 -0.036010770676198435
5.7923114550561809 1.125 -0.03818546999770784
5.8904862254808616 1.125 -0.14422575579118516
5.9886609959055432 1.125 0.0066287276795218182
6.0868357663302239 1.125 -0.079409117558210895
6.1850105367549055 1.125 -0.0067399176289699471
6.2831853071795862 1.125 0.091104225374113737
0 1.25 -0.032735415751835445
0.098174770424681035 1.25 -0.034055439807139612
0.19634954084936207 1.25 0.085696954050260371
0.2945243112740431 1.25 0.034325403587927794
0.39269908169872414 1.25 0.061357007101488559
0.49087385212340517 1.25 -0.022323606611567813
0.58904862254808621 1.25 0.04700345451658311
0.68722339297276724 1.25 -0.043113243976381666
0.78539816339744828 1.25 -0.042474441100555621
0.88357293382212931 1.25 0.03746313288307971
0.98174770424681035 1.25 -0.037596895179512355
1.0799224746714913 1.25 0.04819947959775419
1.1780972450961724 1.25 0.15027397132418002
1.2762720155208536 1.25 -0.10594408845810771
1.3744467859455345 1.25 -0.047262394840411948
1.4726215563702154 1.25 0.070380860316472033
1.5707963267948966 1.25 -0.0091155302295233276
1.6689710972195777 1.25 0.07295342684532044
1.7671458676442586 1.25 -0.063464210002557128
1.8653206380689396 1.25 0.020818968696225407
1.9634954084936207 1.25 -0.0094597324404755781
2.0616701789183018 1.25 0.0088197526351596282
2.1598449493429825 1.25 0.020804633059004537
2.2580197197676637 1.25 -0.076655260525055155
2.3561944901923448 1.25 -0.067490048659003474
2.454369260617026 1.25 0.08791709385284413
2.5525440310417071 1.25 0.01842316084469053
2.6507188014663878 1.25 0.0066819371668037659
2.748893571891069 1.25 -0.0027692964954349406
2.8470683423157501 1.25 0.022402225892553716
2.9452431127404308 1.25 -0.072629647370613809
3.043417883165112 1.25 -0.062770738532359982
3.1415926535897931 1.25 0.081964670519420565
3.2397674240144743 1.25 0.0095049025125042829
3.3379421944391554 1.25 0.053425979560249928
3.4361169648638361 1.25 -0.038054991893752603
3.5342917352885173 1.25 0.086502206818948144
3.6324665057131984 1.25 0.021694482031899998
3.7306412761378791 1.25 0.030237566606537418
3.8288160465625602 1.25 0.03447768112354177
3.9269908169872414 1.25 -0.050077567425093457
4.0251655874119221 1.25 -0.11722669916213672
4.1233403578366037 1.25 -0.067531843259465471
4.2215151282612844 1.25 0.10244877260550461
4.3196898986859651 1.25 0.081724384116016902
4.4178646691106467 1.25 -0.021797712420258245
4.5160394395353274 1.25 -0.018954882655574105
4.614214209960009 1.25 0.065131868171843174
4.7123889803846897 1.25 -0.01058150438069316
4.8105637508093704 1.25 -0.081634905262137666
4.908738521234052 1.25 0.079516417650028148
5.0069132916587327 1.25 0.029982014296496669
5.1050880620834143 1.25 -0.15810628725182779
5.203262832508095 1.25 -0.019678314694193507
5.3014376029327757 1.25 0.0090270651035566554
5.3996123733574573 1.25 0.030237629929025744
5.497787143782138 1.25 0.0095599411715276573
5.5959619142068187 1.25 -0.039944835196010858
5.6941366846315002 1.25 -0.0072733552462237016
5.7923114550561809 1.25 0.018522850262551002
5.8904862254808616 1.25 -0.0168391933299409
5.9886609959055432 1.25 -0.02336721137787556
6.0868357663302239 1.25 0.078670754067743237
6.1850105367549055 1.25 -0.059477114997470437
6.2831853071795862 1.25 -0.021957437470737778
0 1.375 -0.12762839617719221
0.098174770424681035 1.375 0.03399014525983389
0.19634954084936207 1.375 0.052041390845689865
0.2945243112740431 1.375 0.034462444077523295
0.39269908169872414 1.375 0.057659062900193361
0.49087385212340517 1.375 0.027690421434733502
0.58904862254808621 1.375 0.02152087671921352
0.68722339297276724 1.375 0.029778972476799451
0.78539816339744828 1.375 -0.016795484121340434
0.88357293382212931 1.375 0.074664841663778361
0.98174770424681035 1.375 -0.021901428773901974
1.0799224746714913 1.375 -0.091882281300608909
1.1780972450961724 1.375 0.053393479153694252
1.2762720155208536 1.375 0.11628308514947566
1.3744467859455345 1.375 -0.060328074053989281
1.4726215563702154 1.375 -0.0063856722020990105
1.5707963267948966 1.375 -0.043067591706671411
1.6689710972195777 1.375 -0.023912750853598671
1.7671458676442586 1.375 0.0028961068305019067
1.8653206380689396 1.375 -0.078025126248460558
1.9634954084936207 1.375 -0.017445494677910907
2.0616701789183018 1.375 -0.092109447429222752
2.1598449493429825 1.375 -0.035702795458472568
2.2580197197676637 1.375 -0.074522954232194738
2.3561944901923448 1.375 -0.066542746262593155
2.454369260617026 1.375 -0.10806517518372843
2.5525440310417071 1.375 0.076614308361668923
2.6507188014663878 1.375 0.031985125617218384
2.748893571891069 1.375 -0.12047781904891006
2.8470683423157501 1.375 -0.037499783698409547
2.9452431127404308 1.375 -0.04212489960277048
3.043417883165112 1.375 -0.043413299941909372
3.1415926535897931 1.375 -0.0909103722729529
3.2397674240144743 1.375 0.047399452804483509
3.3379421944391554 1.375 -0.024872855207483509
3.4361169648638361 1.375 0.02941466349676658
3.5342917352885173 1.375 0.033097040841658362
3.6324665057131984 1.375 0.086421777731195637
3.7306412761378791 1.375 -0.11403178829923269
3.8288160465625602 1.375 0.10923959241536688
3.9269908169872414 1.375 0.079722014864384225
4.0251655874119221 1.375 0.03600679823086745
4.1233403578366037 1.375 0.14976551673031238
4.2215151282612844 1.375 0.012879185147826516
4.3196898986859651 1.375 0.051615042556102074
4.4178646691106467 1.375 -0.046395918777188266
4.5160394395353274 1.375 0.071273777987332476
4.614214209960009 1.375 0.010544816671230408
4.7123889803846897 1.375 -0.028349741207568131
4.8105637508093704 1.375 0.13301121267050847
4.908738521234052 1.375 -0.019151127738762212
5.0069132916587327 1.375 0.00055677363431942781
5.1050880620834143 1.375 -0.012395465292725462
5.203262832508095 1.375 -0.047480203791104396
5.3014376029327757 1.375 0.03338082941122815
5.3996123733574573 1.375 0.046395643728537966
5.497787143782138 1.375 0.022265882595560494
5.5959619142068187 1.375 -0.14831950648758352
5.6941366846315002 1.375 0.063334319615889811
5.7923114550561809 1.375 -0.022006124536192873
5.8904862254808616 1.375 -0.076423853903614322
5.9886609959055432 1.375 0.037905260580102941
6.0868357663302239 1.375 0.035364872082476018
6.1850105367549055 1.375 -0.06553825360479508
6.2831853071795862 1.375 0.15534771530187361
0 1.5 -0.076003077622114293
0.098174770424681035 1.5 -0.10888777129490902
0.19634954084936207 1.5 -0.072518729476840904
0.2945243112740431 1.5 0.089271486972899133
0.39269908169872414 1.5 -0.011049403951090414
0.49087385212340517 1.5 -0.023377011145256598
0.58904862254808621 1.5 -0.0039054848015268877
0.68722339297276724 1.5 -0.037486357402787232
0.78539816339744828 1.5 -0.043370529367002801
0.88357293382212931 1.5 -0.040288757694142356
0.98174770424681035 1.5 0.044482157431871408
1.0799224746714913 1.5 0.064117134274770907
1.1780972450961724 1.5 -0.066293420831646521
1.2762720155208536 1.5 0.015031136770930329
1.3744467859455345 1.5 0.049524521572288142
1.4726215563702154 1.5 -0.067968479551496999
1.5707963267948966 1.5 -0.031577190268417626
1.6689710972195777 1.5 -0.065223494925408507
1.7671458676442586 1.5 -0.08111771572635372
1.8653206380689396 1.5 0.0064002328052849972
1.9634954084936207 1.5 -0.0462525609968071
2.0616701789183018 1.5 0.039655010198466532
2.1598449493429825 1.5 -0.0018486339188544954
2.2580197197676637 1.5 0.025926141355643927
2.3561944901923448 1.5 -0.018364677021128314
2.454369260617026 1.5 -0.039898062243808451
2.5525440310417071 1.5 -0.0056971611025883788
2.6507188014663878 1.5 -0.0003139161234666119
2.748893571891069 1.5 -0.044350208721388076
2.8470683423157501 1.5 0.02680378295657778
2.9452431127404308 1.5 0.046909938294872076
3.043417883165112 1.5 0.0099326293145447705
3.1415926535897931 1.5 0.107661807746191
3.2397674240144743 1.5 -0.039731031745938686
3.3379421944391554 1.5 0.032710037658114907
3.4361169648638361 1.5 -0.025681564932171743
3.5342917352885173 1.5 0.014742206501232289
3.6324665057131984 1.5 -0.052147254961655558
3.7306412761378791 1.5 0.070065268203507794
3.8288160465625602 1.5 0.011059719688104416
3.9269908169872414 1.5 0.07491093122283804
4.0251655874119221 1.5 -0.079551131257840982
4.1233403578366037 1.5 -0.031008475113199666
4.2215151282612844 1.5 -0.056081563219981673
4.3196898986859651 1.5 -0.033422893122732618
4.4178646691106467 1.5 -0.043517950729680739
4.5160394395353274 1.5 -0.0075738102722761819
4.614214209960009 1.5 -0.0010836700006159592
4.7123889803846897 1.5 -0.0025751549967818511
4.8105637508093704 1.5 -0.034904594398370042
4.908738521234052 1.5 0.011776271239056016
5.0069132916587327 1.5 0.055016544162585335
5.1050880620834143 1.5 -0.056691645792487463
5.203262832508095 1.5 5.5833955556673351e-05
5.3014376029327757 1.5 -0.0046540112255962695
5.3996123733574573 1.5 0.029427589563042138
5.497787143782138 1.5 -0.0040123532158780071
5.5959619142068187 1.5 -0.00098424863787994294
5.6941366846315002 1.5 -0.062272384569034563
5.7923114550561809 1.5 0.0013636924268892884
5.8904862254808616 1.5 -0.057923710780809212
5.9886609959055432 1.5 0.032402653549146329
6.0868357663302239 1.5 -0.0064854369133180772
6.1850105367549055 1.5 0.0025043782392388954
6.2831853071795862 1.5 -0.055995142204017162
0 1.625 0.050501578168238422
0.098174770424681035 1.625 0.043499365805587033
0.19634954084936207 1.625 0.054131144927893809
0.2945243112740431 1.625 0.13995079497009985
0.39269908169872414 1.625 -0.0032998901116598816
0.49087385212340517 1.625 0.075612030165658609
0.58904862254808621 1.625 -0.0077803305394306332
0.68722339297276724 1.625 0.024761235069698947
0.78539816339744828 1.625 0.022954827573403825
0.88357293382212931 1.625 0.016624790799347037
0.98174770424681035 1.625 0.041359455492394406
1.0799224746714913 1.625 -0.019096885992648978
1.1780972450961724 1.625 0.0025718511022207219
1.2762720155208536 1.625 0.033634497109695544
1.3744467859455345 1.625 0.10982089943818384
1.4726215563702154 1.625 -0.052926830459550281
1.5707963267948966 1.625 -0.11348265943207686
1.6689710972195777 1.625 -0.03041598845398033
1.7671458676442586 1.625 0.0056503700880256033
1.8653206380689396 1.625 0.010994135011104191
1.9634954084936207 1.625 0.0057942143671584293
2.0616701789183018 1.625 0.074316895202924699
2.1598449493429825 1.625 0.061327017170953547
2.2580197197676637 1.625 -0.0030955937650550317
2.3561944901923448 1.625 -0.029502515827049904
2.454369260617026 1.625 -0.021740379196562052
2.5525440310417071 1.625 -0.022387250189073286
2.6507188014663878 1.625 -0.014174832992644038
2.748893571891069 1.625 -0.098812549016146722
2.8470683423157501 1.625 -0.028968044264664781
2.9452431127404308 1.625 -0.026695999071209647
3.043417883165112 1.625 -0.011867704642318382
3.1415926535897931 1.625 -0.015978141016537058
3.2397674240144743 1.625 0.042223453985938908
3.3379421944391554 1.625 -0.033422986784384719
3.4361169648638361 1.625 -0.027556649696871147
3.5342917352885173 1.625 0.034051016207214346
3.6324665057131984 1.625 -0.014785267876245751
3.7306412761378791 1.625 0.013600251593863197
3.8288160465625602 1.625 0.042055602254818733
3.9269908169872414 1.625 0.02651312529667468
4.0251655874119221 1.625 0.015718170175831318
4.1233403578366037 1.625 -0.012342787089081814
4.2215151282612844 1.625 0.042844670096076412
4.3196898986859651 1.625 0.011030128116324901
4.4178646691106467 1.625 -0.031720833877603709
4.5160394395353274 1.625 -0.0094756206793987965
4.614214209960009 1.625 -0.076537326058367453
4.7123889803846897 1.625 -0.060416343687906361
4.8105637508093704 1.625 -0.11830660111457245
4.908738521234052 1.625 -0.042721348668028646
5.0069132916587327 1.625 0.083914793702621351
5.1050880620834143 1.625 -0.034965225030550211
5.203262832508095 1.625 0.049482648908238988
5.3014376029327757 1.625 -0.00021676073364619033
5.3996123733574573 1.625 -0.044016780722106782
5.497787143782138 1.625 0.084086581863510965
5.5959619142068187 1.625 0.036581072335087894
5.6941366846315002 1.625 -0.11006887572876886
5.7923114550561809 1.625 0.065433229905111329
5.8904862254808616 1.625 -0.06753114131068319
5.9886609959055432 1.625 -0.011178662951103228
6.0868357663302239 1.625 0.041978804346537286
6.1850105367549055 1.625 -0.018840329729881273
6.2831853071795862 1.625 0.070305328498099756
0 1.75 0.047831612749445807
0.098174770424681035 1.75 -0.099078016670616054
0.19634954084936207 1.75 -0.029683913503145129
0.2945243112740431 1.75 0.017723215361177731
0.39269908169872414 1.75 -0.036128232657721505
0.49087385212340517 1.75 -0.013589053659254622
0.58904862254808621 1.75 0.050251968041429902
0.68722339297276724 1.75 0.019903956517426373
0.78539816339744828 1.75 -0.057844199951948616
0.88357293382212931 1.75 0.010970841744627438
0.98174770424681035 1.75 -0.038470035753545559
1.0799224746714913 1.75 -0.076352787769032107
1.1780972450961724 1.75 -0.071003503130253179
1.2762720155208536 1.75 0.018029948145263174
1.3744467859455345 1.75 -0.0017664362442911651
1.4726215563702154 1.75 0.00034129059725712473
1.5707963267948966 1.75 -0.072018438485482686
1.6689710972195777 1.75 -0.011556634460380882
1.7671458676442586 1.75 -0.065167162740916912
1.8653206380689396 1.75 -0.058207041237276123
1.9634954084936207 1.75 -0.010375220120878971
2.0616701789183018 1.75 -0.086920985578294821
2.1598449493429825 1.75 0.042051302546140819
2.2580197197676637 1.75 0.1562554579179482
2.3561944901923448 1.75 0.02882871497279323
2.454369260617026 1.75 -0.065527536797480329
2.5525440310417071 1.75 -0.017039088380365507
2.6507188014663878 1.75 -0.097731048333455486
2.748893571891069 1.75 -0.023726336986856097
2.8470683423157501 1.75 0.031875474660970071
2.9452431127404308 1.75 0.037032137031739222
3.043417883165112 1.75 -0.064826309118323086
3.1415926535897931 1.75 0.018795875746937959
3.2397674240144743 1.75 0.072659259118187824
3.3379421944391554 1.75 0.11027565660249176
3.4361169648638361 1.75 -0.044032241103191788
3.5342917352885173 1.75 -0.054299288183609754
3.6324665057131984 1.75 0.0034190498933467811
3.7306412761378791 1.75 -0.18397733150378595
3.8288160465625602 1.75 -0.033365850336440309
3.9269908169872414 1.75 -0.017025859457953447
4.0251655874119221 1.75 -0.028861308270687232
4.1233403578366037 1.75 -0.09951768995625862
4.2215151282612844 1.75 -0.015428431122486246
4.3196898986859651 1.75 -0.048795758709628739
4.4178646691106467 1.75 0.04759406423341532
4.5160394395353274 1.75 -0.057709474778451571
4.614214209960009 1.75 -0.017740267708695443
4.7123889803846897 1.75 -0.014636549804419205
4.8105637508093704 1.75 0.035661564152412568
4.908738521234052 1.75 -0.1599639037850106
5.0069132916587327 1.75 -0.021402095918524208
5.1050880620834143 1.75 0.047728027450273922
5.203262832508095 1.75 -0.022725542179216546
5.3014376029327757 1.75 -0.095940279121980845
5.3996123733574573 1.75 0.020520768393312242
5.497787143782138 1.75 0.021154662224289657
5.5959619142068187 1.75 -0.016995349732942262
5.6941366846315002 1.75 -0.072872113473853556
5.7923114550561809 1.75 -0.04653799191768869
5.8904862254808616 1.75 -0.019713902869813185
5.9886609959055432 1.75 -0.055011351752534479
6.0868357663302239 1.75 -0.1206483638553561
6.1850105367549055 1.75 -0.048335715120515016
6.2831853071795862 1.75 -0.0038794858188052023
0 1.875 -0.03185952364663789
0.098174770424681035 1.875 -0.0047483815249625876
0.19634954084936207 1.875 0.0052563858424818193
0.2945243112740431 1.875 0.056333500106662847
0.39269908169872414 1.875 0.13847035352078749
0.49087385212340517 1.875 0.045979020563871535
0.58904862254808621 1.875 -0.088236564901284648
0.68722339297276724 1.875 -0.16694077454874867
0.78539816339744828 1.875 -0.0059352331026734885
0.88357293382212931 1.875 0.0044854676751537705
0.98174770424681035 1.875 -0.073002652840239823
1.0799224746714913 1.875 0.017092283275487358
1.1780972450961724 1.875 -0.048188235499915917
1.2762720155208536 1.875 0.025300485486595123
1.3744467859455345 1.875 -0.020452910016365372
1.4726215563702154 1.875 0.024973311101945818
1.5707963267948966 1.875 -0.10952818431149321
1.6689710972195777 1.875 -0.02754968627308866
1.7671458676442586 1.875 -0.0093365624457386123
1.8653206380689396 1.875 -0.08952751937319442
1.9634954084936207 1.875 0.1182708008723221
2.0616701789183018 1.875 -0.033977795573919674
2.1598449493429825 1.875 0.087334499451004341
2.2580197197676637 1.875 -0.041741844658664262
2.3561944901923448 1.875 -0.014449513851933521
2.454369260617026 1.875 0.07438675096798221
2.5525440310417071 1.875 0.019090003686053583
2.6507188014663878 1.875 0.012067130719211739
2.748893571891069 1.875 0.016709719661214852
2.8470683423157501 1.875 -0.085838230952842834
2.9452431127404308 1.875 -0.024476366619238757
3.043417883165112 1.875 -0.060095252795852497
3.1415926535897931 1.875 0.01240386559657965
3.2397674240144743 1.875 -0.034180410600844494
3.3379421944391554 1.875 -0.0027683162485446014
3.4361169648638361 1.875 -0.0048564349783540061
3.5342917352885173 1.875 -0.0022852186805164521
3.6324665057131984 1.875 -0.0021832260586130254
3.7306412761378791 1.875 -0.040990125327550662
3.8288160465625602 1.875 -0.066224948787670268
3.9269908169872414 1.875 -0.041742738016627562
4.0251655874119221 1.875 0.067326739580117659
4.1233403578366037 1.875 0.023509279648877352
4.2215151282612844 1.875 0.036879492976420486
4.3196898986859651 1.875 0.086705941361027064
4.4178646691106467 1.875 -0.074105831101467276
4.5160394395353274 1.875 0.032041255620152323
4.614214209960009 1.875 -0.067548898219391307
4.7123889803846897 1.875 -0.021006736729115964
4.8105637508093704 1.875 0.030425686652475366
4.908738521234052 1.875 0.10143230463186484
5.0069132916587327 1.875 -0.049144872743510704
5.1050880620834143 1.875 -0.0059562242775650252
5.203262832508095 1.875 0.072648500982298206
5.3014376029327757 1.875 -0.093607404861133586
5.3996123733574573 1.875 0.022752225452242401
5.497787143782138 1.875 -0.019369687451044861
5.5959619142068187 1.875 -0.055398528901547811
5.6941366846315002 1.875 0.0092130863311574752
5.7923114550561809 1.875 0.03738029434017117
5.8904862254808616 1.875 -0.05730891825330036
5.9886609959055432 1.875 0.023875462141778211
6.0868357663302239 1.875 0.010893157714868729
6.1850105367549055 1.875 -0.078025431185363633
6.2831853071795862 1.875 0.097603809015418985
0 2 0.068480604412697418
0.098174770424681035 2 -0.0540307910758763
0.19634954084936207 2 -0.036859105431122426
0.2945243112740431 2 0.048429550397471675
0.39269908169872414 2 -0.031129981749721845
0.49087385212340517 2 -0.1155929290967968
0.58904862254808621 2 0.065903206775997356
0.68722339297276724 2 0.00055175307754674527
0.78539816339744828 2 0.11982198943477422
0.88357293382212931 2 0.022460321760951293
0.98174770424681035 2 0.012000412030729997
1.0799224746714913 2 0.18061019190176256
1.1780972450961724 2 -0.010798743828659868
1.2762720155208536 2 -0.059804348290163088
1.3744467859455345 2 0.014400933776647456
1.4726215563702154 2 0.071361585192191393
1.5707963267948966 2 -0.073206657710511311
1.6689710972195777 2 -0.057067979898119049
1.7671458676442586 2 0.028260328560246493
1.8653206380689396 2 -0.20089513587004934
1.9634954084936207 2 -0.068655024893031352
2.0616701789183018 2 0.049981738988952459
2.1598449493429825 2 -0.036865956203089162
2.2580197197676637 2 -0.10219494921699861
2.3561944901923448 2 0.12098692136237912
2.454369260617026 2 -0.088626537754396467
2.5525440310417071 2 -0.032884027149424892
2.6507188014663878 2 -0.023419410798663158
2.748893571891069 2 0.0052241163461504416
2.8470683423157501 2 -0.023216696555293154
2.9452431127404308 2 -0.0050871859204750609
3.043417883165112 2 0.003612490944922313
3.1415926535897931 2 -0.0054460406370398619
3.2397674240144743 2 0.0058605682538798538
3.3379421944391554 2 -0.14947230928559843
3.4361169648638361 2 0.027712912285287605
3.5342917352885173 2 -0.08824461689324406
3.6324665057131984 2 -0.13613435242021041
3.7306412761378791 2 0.086792648701688332
3.8288160465625602 2 -0.080771307144186857
3.9269908169872414 2 0.011301509237470145
4.0251655874119221 2 -0.048541469844188584
4.1233403578366037 2 -0.042629289589749271
4.2215151282612844 2 0.030388925357027616
4.3196898986859651 2 -0.065861916622110064
4.4178646691106467 2 0.023415815316512149
4.5160394395353274 2 0.023919613732838893
4.614214209960009 2 0.073164420238195194
4.7123889803846897 2 -0.021124899671066011
4.8105637508093704 2 0.065758702370929123
4.908738521234052 2 0.1081144369954343
5.0069132916587327 2 0.099694187852168839
5.1050880620834143 2 0.036824301237882176
5.203262832508095 2 0.028221936636278883
5.3014376029327757 2 0.17903653542703218
5.3996123733574573 2 0.14025175187356312
5.497787143782138 2 -0.048167984557421675
5.5959619142068187 2 0.058032067263220452
5.6941366846315002 2 0.037822214024229181
5.7923114550561809 2 0.0045406985227341616
5.8904862254808616 2 0.0096328957897103586
5.9886609959055432 2 0.030648442516841519
6.0868357663302239 2 0.058895970123175684
6.1850105367549055 2 0.013745715803832608
6.2831853071795862 2 0.021349868747939024
0 2.125 0.087470755673534156
0.098174770424681035 2.125 0.019962951652963652
0.19634954084936207 2.125 0.034244772491821888
0.2945243112740431 2.125 0.062217991935549263
0.39269908169872414 2.125 0.10262090415346908
0.49087385212340517 2.125 0.077097255376599227
0.58904862254808621 2.125 0.023701114492503728
0.68722339297276724 2.125 0.013057430070272607
0.78539816339744828 2.125 -0.076881280221683751
0.88357293382212931 2.125 0.01835083085888925
0.98174770424681035 2.125 -0.065167297967425722
1.0799224746714913 2.125 -0.064342295729041987
1.1780972450961724 2.125 0.040872681352626943
1.2762720155208536 2.125 -0.0063194508208068564
1.3744467859455345 2.125 0.02966979767362405
1.4726215563702154 2.125 -0.039393254472529532
1.5707963267948966 2.125 0.075473873706994654
1.6689710972195777 2.125 0.0090334724931051113
1.7671458676442586 2.125 0.074627171733386219
1.8653206380689396 2.125 0.042313513931702657
1.9634954084936207 2.125 0.010382903313486663
2.0616701789183018 2.125 -0.030066763985735715
2.1598449493429825 2.125 0.0019796794894816239
2.2580197197676637 2.125 0.052025433166001708
2.3561944901923448 2.125 0.043835128246763617
2.454369260617026 2.125 -0.075120799221009241
2.5525440310417071 2.125 0.064445504036511239
2.6507188014663878 2.125 -0.013440232349654307
2.748893571891069 2.125 0.051224530332881192
2.8470683423157501 2.125 -0.043824479960250746
2.9452431127404308 2.125 0.040077629715106013
3.043417883165112 2.125 -0.050051344139921163
3.1415926535897931 2.125 0.0081277294406460945
3.2397674240144743 2.125 -0.018725765026824739
3.3379421944391554 2.125 -0.017943053562245959
3.4361169648638361 2.125 -0.035599726441657653
3.5342917352885173 2.125 -0.0096496592105111741
3.6324665057131984 2.125 -0.10936730310427475
3.7306412761378791 2.125 0.055078383138579268
3.8288160465625602 2.125 0.0604245503410544
3.9269908169872414 2.125 -0.027820302922751616
4.0251655874119221 2.125 -0.086692539930177948
4.1233403578366037 2.125 -0.040633941821516001
4.2215151282612844 2.125 0.059540364332305258
4.3196898986859651 2.125 0.039302629326479738
4.4178646691106467 2.125 -0.018871770809239137
4.5160394395353274 2.125 0.056377437150821108
4.614214209960009 2.125 -0.065438165858987693
4.7123889803846897 2.125 -0.038493075941553261
4.8105637508093704 2.125 0.029820452790426596
4.908738521234052 2.125 -0.0060264122396172549
5.0069132916587327 2.125 -0.03702214255544594
5.1050880620834143 2.125 -0.15784164046107643
5.203262832508095 2.125 0.042173766115731558
5.3014376029327757 2.125 0.02034004141551524
5.3996123733574573 2.125 -0.10951103966309515
5.497787143782138 2.125 0.037719575304796048
5.5959619142068187 2.125 -0.00090250157987824351
5.6941366846315002 2.125 0.017519705763289907
5.7923114550561809 2.125 0.059388240680042843
5.8904862254808616 2.125 -0.046488459018336627
5.9886609959055432 2.125 0.044834561866364704
6.0868357663302239 2.125 0.042967823599961687
6.1850105367549055 2.125 0.047847445041055481
6.2831853071795862 2.125 0.10279013309448891
0 2.25 0.041389530853235663
0.098174770424681035 2.25 -0.035283711547365905
0.19634954084936207 2.25 0.11299582565275205
0.2945243112740431 2.25 -0.069574499169995876
0.39269908169872414 2.25 -0.029073780893556
0.49087385212340517 2.25 -0.060599419174025448
0.58904862254808621 2.25 -0.0064566514583536804
0.68722339297276724 2.25 0.067997842994137289
0.78539816339744828 2.25 0.081542296558847649
0.88357293382212931 2.25 0.029123658166009363
0.98174770424681035 2.25 -0.038289169770202358
1.0799224746714913 2.25 -0.034785008080514122
1.1780972450961724 2.25 -0.037899931031943029
1.2762720155208536 2.25 0.059868745752591719
1.3744467859455345 2.25 -0.05695954571055227
1.4726215563702154 2.25 0.054319787913405193
1.5707963267948966 2.25 -0.0020479459193068076
1.6689710972195777 2.25 0.010810287705144615
1.7671458676442586 2.25 0.094984067383179743
1.8653206380689396 2.25 -0.029866116931276679
1.9634954084936207 2.25 0.10440948699833467
2.0616701789183018 2.25 -0.088558522405418422
2.1598449493429825 2.25 -0.051821431236369973
2.2580197197676637 2.25 -0.099173256729467765
2.3561944901923448 2.25 -0.046921689615301382
2.454369260617026 2.25 0.036623562290187241
2.5525440310417071 2.25 0.046352884216588223
2.6507188014663878 2.25 0.019275260793933359
2.748893571891069 2.25 0.01678188289201496
2.8470683423157501 2.25 -0.073722308205658296
2.9452431127404308 2.25 -0.083367302777404978
3.043417883165112 2.25 0.019093972300410052
3.1415926535897931 2.25 0.084685209967231695
3.2397674240144743 2.25 -0.022879261761569774
3.3379421944391554 2.25 -0.079705951442416254
3.4361169648638361 2.25 -0.096338853695830159
3.5342917352885173 2.25 -0.04276660852568874
3.6324665057131984 2.25 0.099245665354989812
3.7306412761378791 2.25 -0.013052660099439306
3.8288160465625602 2.25 -0.0652159055755588
3.9269908169872414 2.25 -0.038294182532082846
4.0251655874119221 2.25 -0.03038202659052542
4.1233403578366037 2.25 0.016688983079107999
4.2215151282612844 2.25 -0.041470056836025136
4.3196898986859651 2.25 -0.055916552598515461
4.4178646691106467 2.25 -0.011813455547806436
4.5160394395353274 2.25 0.029447424974140716
4.614214209960009 2.25 0.045053188672552404
4.7123889803846897 2.25 0.034590946757420055
4.8105637508093704 2.25 -0.028745379865862952
4.908738521234052 2.25 -0.10650483014203743
5.0069132916587327 2.25 -0.050172248964704
5.1050880620834143 2.25 0.017849360362751913
5.203262832508095 2.25 -0.083794776310521443
5.3014376029327757 2.25 0.015872533901567225
5.3996123733574573 2.25 -0.037069282154604137
5.497787143782138 2.25 -0.03657843999020155
5.5959619142068187 2.25 0.07034069984089597
5.6941366846315002 2.25 0.013743376462538211
5.7923114550561809 2.25 0.086095734521754619
5.8904862254808616 2.25 -0.059015005736918459
5.9886609959055432 2.25 0.071046564446192631
6.0868357663302239 2.25 0.057119206766780242
6.1850105367549055 2.25 -0.18818157461408083
6.2831853071795862 2.25 -0.0055462123924468684
0 2.375 0.096900817465224581
0.098174770424681035 2.375 0.048886787054973797
0.19634954084936207 2.375 -0.027729026066952697
0.2945243112740431 2.375 -0.014626651623218037
0.39269908169872414 2.375 -0.081872969568078283
0.49087385212340517 2.375 0.012961739425279159
0.58904862254808621 2.375 -0.11266832474000399
0.68722339297276724 2.375 -0.063793604160941403
0.78539816339744828 2.375 0.070319170659957561
0.88357293382212931 2.375 -0.0012921398151893504
0.98174770424681035 2.375 -0.022834732105676114
1.0799224746714913 2.375 -0.0066545921222372056
1.1780972450961724 2.375 0.17227828173103271
1.2762720155208536 2.375 0.065042779737005785
1.3744467859455345 2.375 -0.048734984884997737
1.4726215563702154 2.375 0.10472497543026232
1.5707963267948966 2.375 -0.0055791504921895675
1.6689710972195777 2.375 0.046477785671655475
1.7671458676442586 2.375 -0.03685907841567479
1.8653206380689396 2.375 -0.058927229660501068
1.9634954084936207 2.375 0.05038565850843512
2.0616701789183018 2.375 -0.048310579265045173
2.1598449493429825 2.375 -0.049091665035312128
2.2580197197676637 2.375 0.056412592767589989
2.3561944901923448 2.375 -0.073014950533055872
2.454369260617026 2.375 -0.089174233245666576
2.5525440310417071 2.375 0.034246777747599301
2.6507188014663878 2.375 -0.12314299428081139
2.748893571891069 2.375 -0.047232316010060664
2.8470683423157501 2.375 -0.022974222785490661
2.9452431127404308 2.375 -0.084528131128184386
3.043417883165112 2.375 -0.070207717064761588
3.1415926535897931 2.375 0.041838030003911245
3.2397674240144743 2.375 0.018375368080977551
3.3379421944391554 2.375 -0.059420804024559848
3.4361169648638361 2.375 0.033268559288753524
3.5342917352885173 2.375 0.095459079780729247
3.6324665057131984 2.375 -0.080576687410423564
3.7306412761378791 2.375 0.0038488151013128932
3.8288160465625602 2.375 0.12419666704234381
3.9269908169872414 2.375 0.038400308352065329
4.0251655874119221 2.375 0.051106494608278978
4.1233403578366037 2.375 -0.012575963184793272
4.2215151282612844 2.375 -0.050137541482257152
4.3196898986859651 2.375 0.071840162338984603
4.4178646691106467 2.375 0.041074749640956726
4.5160394395353274 2.375 -0.0032372972044892199
4.614214209960009 2.375 -0.029237905891157132
4.7123889803846897 2.375 -0.10981281476190063
4.8105637508093704 2.375 0.0097958772809831184
4.908738521234052 2.375 -0.043461594790955245
5.0069132916587327 2.375 -0.0082846480178072404
5.1050880620834143 2.375 0.042158626758202526
5.203262832508095 2.375 0.051522289523244127
5.3014376029327757 2.375 0.045176163245571895
5.3996123733574573 2.375 0.14168987078856929
5.497787143782138 2.375 0.073206556236674047
5.5959619142068187 2.375 -0.046877474320223975
5.6941366846315002 2.375 -0.051415426228696784
5.7923114550561809 2.375 0.14628202425637007
5.8904862254808616 2.375 -0.041678011716539398
5.9886609959055432 2.375 -0.0027731053573171304
6.0868357663302239 2.375 0.10963272983289533
6.1850105367549055 2.375 0.1077764749980262
6.2831853071795862 2.375 -0.0034326316293632753
0 2.5 0.015201732150988322
0.098174770424681035 2.5 -0.10273694742465923
0.19634954084936207 2.5 -0.057073232089160507
0.2945243112740431 2.5 -0.02294990799618327
0.39269908169872414 2.5 -0.00035563893767345459
0.49087385212340517 2.5 -0.020314824646721488
0.58904862254808621 2.5 0.0095689130740851756
0.68722339297276724 2.5 0.13777149935138108
0.78539816339744828 2.5 0.029175396747238996
0.88357293382212931 2.5 0.019396644663215352
0.98174770424681035 2.5 0.00011475332502629991
1.0799224746714913 2.5 -0.01080127337927006
1.1780972450961724 2.5 0.077468193966043125
1.2762720155208536 2.5 -0.062282792570454132
1.3744467859455345 2.5 -0.0078903942677764558
1.4726215563702154 2.5 -0.068849713982915312
1.5707963267948966 2.5 0.0054745206294400418
1.6689710972195777 2.5 0.0074801523547333359
1.7671458676442586 2.5 0.05783712966939214
1.8653206380689396 2.5 0.07525129898887041
1.9634954084936207 2.5 0.041661560767063885
2.0616701789183018 2.5 0.10192955717081754
2.1598449493429825 2.5 0.099808603937335136
2.2580197197676637 2.5 0.01981457075279441
2.3561944901923448 2.5 0.023458075217290871
2.454369260617026 2.5 -0.12166016675861585
2.5525440310417071 2.5 0.020121473986682754
2.6507188014663878 2.5 -0.0003199117651598466
2.748893571891069 2.5 -0.10609128306549435
2.8470683423157501 2.5 -0.027104783769908929
2.9452431127404308 2.5 0.060156722007639468
3.043417883165112 2.5 -0.077834486460252358
3.1415926535897931 2.5 0.081238517608476987
3.2397674240144743 2.5 0.029832521033533455
3.3379421944391554 2.5 -0.014350046929530409
3.4361169648638361 2.5 -0.0089426871961205967
3.5342917352885173 2.5 0.052145857874508657
3.6324665057131984 2.5 -0.089937155058021412
3.7306412761378791 2.5 0.12822485436211775
3.8288160465625602 2.5 -0.051108656365439632
3.9269908169872414 2.5 -0.048084164216327108
4.0251655874119221 2.5 0.076703128000518206
4.1233403578366037 2.5 0.049640452232486205
4.2215151282612844 2.5 0.083276816283647304
4.3196898986859651 2.5 0.065720929148932253
4.4178646691106467 2.5 0.023649653695065297
4.5160394395353274 2.5 -0.080197581163791484
4.614214209960009 2.5 -0.029709407754030831
4.7123889803846897 2.5 0.012468313001572825
4.8105637508093704 2.5 -0.001079612742559933
4.908738521234052 2.5 -0.12898014857743725
5.0069132916587327 2.5 0.065621924086388797
5.1050880620834143 2.5 0.10877088881693776
5.203262832508095 2.5 0.091991814407334976
5.3014376029327757 2.5 -0.063954006498508187
5.3996123733574573 2.5 0.027392600648716167
5.497787143782138 2.5 -0.13361181520809515
5.5959619142068187 2.5 0.10618697158574794
5.6941366846315002 2.5 -0.12188606097259168
5.7923114550561809 2.5 0.025793026297032919
5.8904862254808616 2.5 0.073047036179821154
5.9886609959055432 2.5 0.081136137266257097
6.0868357663302239 2.5 0.021612304841471471
6.1850105367549055 2.5 -0.089576234417273359
6.2831853071795862 2.5 -0.0063570625629809831
0 2.625 -0.016858946946437147
0.098174770424681035 2.625 0.023144688558888103
0.19634954084936207 2.625 0.062061910539933998
0.2945243112740431 2.625 0.041597255444716881
0.39269908169872414 2.625 0.13330509982618169
0.49087385212340517 2.625 0.041535050202024158
0.58904862254808621 2.625 -0.024430124553617014
0.68722339297276724 2.625 0.10241463573136017
0.78539816339744828 2.625 -0.019762381163559294
0.88357293382212931 2.625 0.017710006706586592
0.98174770424681035 2.625 0.011358612107901849
1.0799224746714913 2.625 -0.14408797576498375
1.1780972450961724 2.625 0.017393110640895909
1.2762720155208536 2.625 0.018186048631456689
1.3744467859455345 2.625 -0.013176157202437559
1.4726215563702154 2.625 -0.0088773224704443189
1.5707963267948966 2.625 -0.080701451589866011
1.6689710972195777 2.625 0.0051813225047235697
1.7671458676442586 2.625 0.094431593339459122
1.8653206380689396 2.625 -0.01113817545136685
1.9634954084936207 2.625 -0.032806128502342345
2.0616701789183018 2.625 -0.038184732626193194
2.1598449493429825 2.625 0.12673737108012251
2.2580197197676637 2.625 -0.08515245976963165
2.3561944901923448 2.625 0.053089759634357532
2.454369260617026 2.625 0.0070002101714397537
2.5525440310417071 2.625 0.12069348184478747
2.6507188014663878 2.625 0.082389236263112287
2.748893571891069 2.625 -0.0055491852308362771
2.8470683423157501 2.625 -0.09685333095096775
2.9452431127404308 2.625 0.089826920578045866
3.043417883165112 2.625 0.09161158549769266
3.1415926535897931 2.625 -0.069423039778318069
3.2397674240144743 2.625 0.046824401600573398
3.3379421944391554 2.625 -0.050313646142742752
3.4361169648638361 2.625 -0.048769475285253272
3.5342917352885173 2.625 -0.10111614431647487
3.6324665057131984 2.625 0.058616164184147085
3.7306412761378791 2.625 0.017035501432259098
3.8288160465625602 2.625 0.03107033442390798
3.9269908169872414 2.625 0.091261691814881571
4.0251655874119221 2.625 0.04201092492662474
4.1233403578366037 2.625 0.036729161248772221
4.2215151282612844 2.625 0.047078266280051094
4.3196898986859651 2.625 -0.066889021699482909
4.4178646691106467 2.625 -0.002165508274272867
4.5160394395353274 2.625 -0.075791648767689276
4.614214209960009 2.625 -0.056543208343114743
4.7123889803846897 2.625 -0.0057690009314381287
4.8105637508093704 2.625 0.066720366803911232
4.908738521234052 2.625 0.12932140051161056
5.0069132916587327 2.625 -0.068184697365380728
5.1050880620834143 2.625 0.010890671253509386
5.203262832508095 2.625 -0.0044554341089610714
5.3014376029327757 2.625 0.033127191162292006
5.3996123733574573 2.625 0.036593892152798971
5.497787143782138 2.625 0.022771593345151012
5.5959619142068187 2.625 -0.060769494409547459
5.6941366846315002 2.625 0.024798188186020958
5.7923114550561809 2.625 0.056066540928141104
5.8904862254808616 2.625 -0.032257297352685614
5.9886609959055432 2.625 0.12429176783082102
6.0868357663302239 2.625 -0.014760030532715934
6.1850105367549055 2.625 -0.039826610815889202
6.2831853071795862 2.625 0.0186220441948073
0 2.75 -0.016184824620298788
0.098174770424681035 2.75 -0.085902001379629458
0.19634954084936207 2.75 -0.00164347936764148
0.2945243112740431 2.75 0.10026094131283464
0.39269908169872414 2.75 0.12582281634090267
0.49087385212340517 2.75 -0.035628265731169638
0.58904862254808621 2.75 0.056880080885650802
0.68722339297276724 2.75 0.0083270712350140205
0.78539816339744828 2.75 0.017837123003361009
0.88357293382212931 2.75 0.079631281856069366
0.98174770424681035 2.75 0.053537233072117676
1.0799224746714913 2.75 0.0096962376891044956
1.1780972450961724 2.75 -0.058354724499465521
1.2762720155208536 2.75 -0.070621799092779075
1.3744467859455345 2.75 -0.0040223765095596256
1.4726215563702154 2.75 0.020333225043474124
1.5707963267948966 2.75 0.031615222404279719
1.6689710972195777 2.75 0.049132583517946304
1.7671458676442586 2.75 0.061549148883957981
1.8653206380689396 2.75 -0.15098976193073979
1.9634954084936207 2.75 0.056764830264052088
2.0616701789183018 2.75 -0.065813084798486784
2.1598449493429825 2.75 0.069998993001035154
2.2580197197676637 2.75 0.021151986950723969
2.3561944901923448 2.75 0.039619241824173312
2.454369260617026 2.75 -0.03398736713390977
2.5525440310417071 2.75 0.017759506294619871
2.6507188014663878 2.75 -0.1173204264420602
2.748893571891069 2.75 0.068816374498163357
2.8470683423157501 2.75 -0.020787211016738073
2.9452431127404308 2.75 -0.16267671267585868
3.043417883165112 2.75 0.066694978681644146
3.1415926535897931 2.75 0.10535480042767038
3.2397674240144743 2.75 -0.055048841046560347
3.3379421944391554 2.75 0.076196809362844384
3.4361169648638361 2.75 -0.047108524344071867
3.5342917352885173 2.75 -0.14240969120412622
3.6324665057131984 2.75 -0.022487047359420177
3.7306412761378791 2.75 0.020491757632976882
3.8288160465625602 2.75 0.0083912649386384403
3.9269908169872414 2.75 0.0065092511411866177
4.0251655874119221 2.75 0.018624797446043825
4.1233403578366037 2.75 0.013606593638618689
4.2215151282612844 2.75 -0.01357408694074441
4.3196898986859651 2.75 -0.037785906078083333
4.4178646691106467 2.75 -0.016700759799414319
4.5160394395353274 2.75 -0.022096239006222651
4.614214209960009 2.75 -0.01903318976778481
4.7123889803846897 2.75 -0.069300607939560888
4.8105637508093704 2.75 -0.034092210645564502
4.908738521234052 2.75 0.0051664238124000846
5.0069132916587327 2.75 0.019441363518174593
5.1050880620834143 2.75 -0.0040230574228356285
5.203262832508095 2.75 -0.011539692746413059
5.3014376029327757 2.75 0.033580475930526051
5.3996123733574573 2.75 0.051174575215346768
5.497787143782138 2.75 0.042730679015593596
5.5959619142068187 2.75 -0.10995003054466898
5.6941366846315002 2.75 -0.028613945781842162
5.7923114550561809 2.75 0.044337585332042337
5.8904862254808616 2.75 0.032383368914874547
5.9886609959055432 2.75 0.042713759817828809
6.0868357663302239 2.75 0.019751287764774035
6.1850105367549055 2.75 -0.053629298954202043
6.2831853071795862 2.75 0.076815995066826459
0 2.875 -0.085425488382616543
0.098174770424681035 2.875 0.061936988777946199
0.19634954084936207 2.875 -0.0010288798401407299
0.2945243112740431 2.875 -0.092529593845939159
0.39269908169872414 2.875 -0.024891391549484564
0.49087385212340517 2.875 0.075633952872077956
0.58904862254808621 2.875 -0.036970367265989831
0.68722339297276724 2.875 -0.076064391925001681
0.78539816339744828 2.875 -0.018145228677695451
0.88357293382212931 2.875 -0.051401165596798533
0.98174770424681035 2.875 -0.078577514146481869
1.0799224746714913 2.875 0.027491307761288858
1.1780972450961724 2.875 0.050150645156961556
1.2762720155208536 2.875 -0.03466630734004629
1.3744467859455345 2.875 0.032900198603479647
1.4726215563702154 2.875 -0.024317624536239184
1.5707963267948966 2.875 -0.0062652235123633907
1.6689710972195777 2.875 0.0077536021561904313
1.7671458676442586 2.875 0.093825772067274202
1.8653206380689396 2.875 0.031890864041776372
1.9634954084936207 2.875 -0.062776128037883447
2.0616701789183018 2.875 0.032410506750780547
2.1598449493429825 2.875 -0.013897668896719071
2.2580197197676637 2.875 -0.029302288690985608
2.3561944901923448 2.875 -0.052763762231067872
2.454369260617026 2.875 -0.0016499809585719494
2.5525440310417071 2.875 -0.0037782323387821489
2.6507188014663878 2.875 -0.025269863237126173
2.748893571891069 2.875 -0.087408365525601189
2.8470683423157501 2.875 -0.10726479868638507
2.9452431127404308 2.875 0.008041502797733191
3.043417883165112 2.875 0.01119693488585877
3.1415926535897931 2.875 0.13717002092052596
3.2397674240144743 2.875 -0.011225727953667034
3.3379421944391554 2.875 0.064177967666505173
3.4361169648638361 2.875 0.075096864671625088
3.5342917352885173 2.875 -0.0038369374023139264
3.6324665057131984 2.875 0.0048255493637563047
3.7306412761378791 2.875 -0.027007878544467814
3.8288160465625602 2.875 0.11153654271104425
3.9269908169872414 2.875 -0.094777588553101019
4.0251655874119221 2.875 -0.0024910409860667017
4.1233403578366037 2.875 0.086967012598814744
4.2215151282612844 2.875 -0.0067657379181367827
4.3196898986859651 2.875 -0.03587306109926966
4.4178646691106467 2.875 0.014632447627513267
4.5160394395353274 2.875 0.033111633383468633
4.614214209960009 2.875 0.035653499832477092
4.7123889803846897 2.875 0.017696171382678139
4.8105637508093704 2.875 0.047129615023307217
4.908738521234052 2.875 0.059420149800350534
5.0069132916587327 2.875 -0.069547504518288547
5.1050880620834143 2.875 -0.023806475494064932
5.203262832508095 2.875 0.054644317628463827
5.3014376029327757 2.875 0.030700901586099824
5.3996123733574573 2.875 0.014740359538370754
5.497787143782138 2.875 0.042253094943457213
5.5959619142068187 2.875 0.059825583560486117
5.6941366846315002 2.875 -0.053912686743970678
5.7923114550561809 2.875 -0.077091191031078615
5.8904862254808616 2.875 -0.072487944029400578
5.9886609959055432 2.875 0.1167839397902333
6.0868357663302239 2.875 -0.06625195251643029
6.1850105367549055 2.875 -0.014739543616283209
6.2831853071795862 2.875 -0.011653945236103833
0 3 0.064783420808596046
0.098174770424681035 3 -0.10922193587774871
0.19634954084936207 3 -0.0024672944610166885
0.2945243112740431 3 0.07630227018129801
0.39269908169872414 3 0.070051218047740033
0.49087385212340517 3 0.025717831094957809
0.58904862254808621 3 -0.016395286398944633
0.68722339297276724 3 0.11043850806569916
0.78539816339744828 3 -0.10505153933884641
0.88357293382212931 3 0.061637122677706185
0.98174770424681035 3 0.031929758433732316
1.0799224746714913 3 0.037135930114744531
1.1780972450961724 3 0.01670126136689765
1.2762720155208536 3 0.012891848877639398
1.3744467859455345 3 0.058483134593236286
1.4726215563702154 3 -0.072447940745695841
1.5707963267948966 3 -0.078323168688852932
1.6689710972195777 3 0.01020723781416091
1.7671458676442586 3 0.0032767308805566699
1.8653206380689396 3 0.010283071273834755
1.9634954084936207 3 0.099929851540136658
2.0616701789183018 3 -0.036399080185976457
2.1598449493429825 3 0.047206750010080248
2.2580197197676637 3 0.024155561635192158
2.3561944901923448 3 0.14869550114909361
2.454369260617026 3 -0.088101985666213772
2.5525440310417071 3 -0.034306639035175106
2.6507188014663878 3 -0.028700964303012173
2.748893571891069 3 0.082975927165619009
2.8470683423157501 3 -0.051517003173596962
2.9452431127404308 3 0.10417163094702284
3.043417883165112 3 0.10041210672369423
3.1415926535897931 3 0.054388046898055521
3.2397674240144743 3 0.02748114709666593
3.3379421944391554 3 -0.097777559320798207
3.4361169648638361 3 0.01144479105328006
3.5342917352885173 3 -0.089891751455831156
3.6324665057131984 3 -0.022784488032025998
3.7306412761378791 3 0.012761195433251108
3.8288160465625602 3 -0.019406961101475693
3.9269908169872414 3 0.059740879154480141
4.0251655874119221 3 -0.0081163766968311499
4.1233403578366037 3 -0.09730029053367395
4.2215151282612844 3 -0.066605359873655762
4.3196898986859651 3 -0.080042024794734074
4.4178646691106467 3 -0.019881907003242241
4.5160394395353274 3 0.07838806843086478
4.614214209960009 3 0.031776961388789389
4.7123889803846897 3 0.021332009234778859
4.8105637508093704 3 -0.080762894835787691
4.908738521234052 3 0.14885895511408986
5.0069132916587327 3 -0.0017758268539669519
5.1050880620834143 3 0.1518591017582567
5.203262832508095 3 -0.054501696865403432
5.3014376029327757 3 -0.035678846632375548
5.3996123733574573 3 0.1633415487928622
5.497787143782138 3 -0.067543863757661776
5.5959619142068187 3 0.026308062606017864
5.6941366846315002 3 -0.021250064114111983
5.7923114550561809 3 -0.051108204614251196
5.8904862254808616 3 0.1357846356911554
5.9886609959055432 3 -0.063091414649361757
6.0868357663302239 3 0.056387504161846236
6.1850105367549055 3 0.06938600687043614
6.2831853071795862 3 -0.063573360388264291
0 3.125 -0.11920618071905635
0.098174770424681035 3.125 -0.1118809043986508
0.19634954084936207 3.125 -0.050239310967931258
0.2945243112740431 3.125 0.013990433751337862
0.39269908169872414 3.125 0.021076450657905768
0.49087385212340517 3.125 -0.011878146571745064
0.58904862254808621 3.125 -0.0066166078542713681
0.68722339297276724 3.125 0.061201200506698139
0.78539816339744828 3.125 0.048264475075690767
0.88357293382212931 3.125 0.023797829824423855
0.98174770424681035 3.125 -0.038765187315020287
1.0799224746714913 3.125 0.048856338599613004
1.1780972450961724 3.125 0.011385739826945051
1.2762720155208536 3.125 -0.046987868091480742
1.3744467859455345 3.125 -0.036247436984238955
1.4726215563702154 3.125 0.077198215435118039
1.5707963267948966 3.125 0.11594876833437978
1.6689710972195777 3.125 -0.033283712220273903
1.7671458676442586 3.125 -0.13056887294617914
1.8653206380689396 3.125 0.036911433951138016
1.9634954084936207 3.125 -0.056753677181235633
2.0616701789183018 3.125 0.046024216816390906
2.1598449493429825 3.125 -0.023622092433821802
2.2580197197676637 3.125 0.14008980409332158
2.3561944901923448 3.125 0.0070525302676893824
2.454369260617026 3.125 0.056727782598137155
2.5525440310417071 3.125 -0.076344077518368483
2.6507188014663878 3.125 -0.17714130542605425
2.748893571891069 3.125 0.0085031049475024593
2.8470683423157501 3.125 0.016459626387512933
2.9452431127404308 3.125 0.045257760872246165
3.043417883165112 3.125 -0.034796999885521138
3.1415926535897931 3.125 -0.081168607116267347
3.2397674240144743 3.125 -0.10056209029739553
3.3379421944391554 3.125 0.034754868680722119
3.4361169648638361 3.125 0.044628895106556238
3.5342917352885173 3.125 -0.055025518616195639
3.6324665057131984 3.125 -0.033177393678515583
3.7306412761378791 3.125 -0.045753240716363212
3.8288160465625602 3.125 -0.11907939810493262
3.9269908169872414 3.125 0.01251080267117724
4.0251655874119221 3.125 0.053156760335474458
4.1233403578366037 3.125 -0.014033476208312468
4.2215151282612844 3.125 -0.08937657084450612
4.3196898986859651 3.125 -0.012460931441866894
4.4178646691106467 3.125 0.085729206025075819
4.5160394395353274 3.125 0.13382594472752685
4.614214209960009 3.125 0.016907871916104465
4.7123889803846897 3.125 -0.049570626797328092
4.8105637508093704 3.125 -0.12475738559316062
4.908738521234052 3.125 -0.097134029531372096
5.0069132916587327 3.125 -0.0055849694932442445
5.1050880620834143 3.125 0.01418526033916878
5.203262832508095 3.125 0.016125162023085379
5.3014376029327757 3.125 -0.016523361470142856
5.3996123733574573 3.125 -0.096963504543486206
5.497787143782138 3.125 -0.099051647350923339
5.5959619142068187 3.125 0.0092566628131129786
5.6941366846315002 3.125 -0.051809128008316947
5.7923114550561809 3.125 0.081985235029145856
5.8904862254808616 3.125 -0.091666191772840216
5.9886609959055432 3.125 0.10600348885779959
6.0868357663302239 3.125 -0.041877190194511915
6.1850105367549055 3.125 0.014023378540988124
6.2831853071795862 3.125 0.014021677553247774
0 3.25 -0.021614631828318687
0.098174770424681035 3.25 -0.12651085825623631
0.19634954084936207 3.25 -0.03030979604191851
0.2945243112740431 3.25 0.095658995344864786
0.39269908169872414 3.25 -0.080474614873998943
0.49087385212340517 3.25 -0.11574313128561203
0.58904862254808621 3.25 -0.013752227402484518
0.68722339297276724 3.25 -0.025911043502524066
0.78539816339744828 3.25 -0.08123164338792549
0.88357293382212931 3.25 -0.047285538240067967
0.98174770424681035 3.25 -0.030227090255024371
1.0799224746714913 3.25 -0.025941667625544323
1.1780972450961724 3.25 0.010227380890538941
1.2762720155208536 3.25 0.044400961641175053
1.3744467859455345 3.25 0.024320633569580644
1.4726215563702154 3.25 0.021472706319556601
1.5707963267948966 3.25 0.10556649532146746
1.6689710972195777 3.25 0.068819931302596629
1.7671458676442586 3.25 -0.18301914454586504
1.8653206380689396 3.25 -0.022818131600095572
1.9634954084936207 3.25 -0.099057569930872919
2.0616701789183018 3.25 -0.043299721061083651
2.1598449493429825 3.25 0.048447999783322301
2.2580197197676637 3.25 -0.012640896988011697
2.3561944901923448 3.25 -0.026916491249301028
2.454369260617026 3.25 0.082747761643890777
2.5525440310417071 3.25 -0.094485154680021846
2.6507188014663878 3.25 -0.0058945294627461044
2.748893571891069 3.25 0.034479535990682125
2.8470683423157501 3.25 0.0015164282120196538
2.9452431127404308 3.25 -0.073090737149230381
3.043417883165112 3.25 -0.001417961822252343
3.1415926535897931 3.25 0.050737486356510396
3.2397674240144743 3.25 0.0224466778280644
3.3379421944391554 3.25 0.019961140984570358
3.4361169648638361 3.25 0.019317529418963978
3.5342917352885173 3.25 0.0084943445163987875
3.6324665057131984 3.25 -0.077990716359148712
3.7306412761378791 3.25 -0.019421463160166439
3.8288160465625602 3.25 0.027070330624932245
3.9269908169872414 3.25 -0.19569038460542565
4.0251655874119221 3.25 0.047574894699351888
4.1233403578366037 3.25 0.0212010042270925
4.2215151282612844 3.25 -0.068121020299579907
4.3196898986859651 3.25 -0.046894559819818035
4.4178646691106467 3.25 -0.01280772638057347
4.5160394395353274 3.25 0.025976884609541666
4.614214209960009 3.25 -0.023500787321516687
4.7123889803846897 3.25 0.073324967813892181
4.8105637508093704 3.25 0.025957447782734389
4.908738521234052 3.25 -0.049421739004773424
5.0069132916587327 3.25 -0.029605233104950265
5.1050880620834143 3.25 0.014299249465613045
5.203262832508095 3.25 0.045765090134949012
5.3014376029327757 3.25 0.042726632443799407
5.3996123733574573 3.25 -0.0061319962657222235
5.497787143782138 3.25 0.0093930508621327888
5.5959619142068187 3.25 -0.0015771449444783208
5.6941366846315002 3.25 0.051647150210724753
5.7923114550561809 3.25 -0.061967570541416842
5.8904862254808616 3.25 0.037877723498672307
5.9886609959055432 3.25 -0.11638991708838574
6.0868357663302239 3.25 0.028339236621053959
6.1850105367549055 3.25 0.016098325988707907
6.2831853071795862 3.25 -2.3508657889264919e-05
0 3.375 -0.13399579610290177
0.098174770424681035 3.375 0.098440176576440039
0.19634954084936207 3.375 0.056448837064411228
0.2945243112740431 3.375 0.001598965925346023
0.39269908169872414 3.375 0.028821431607480276
0.49087385212340517 3.375 -0.059023121301133567
0.58904862254808621 3.375 0.032187071510115225
0.68722339297276724 3.375 0.098023166407110923
0.78539816339744828 3.375 -0.074021300678754107
0.88357293382212931 3.375 0.16919094253390582
0.98174770424681035 3.375 -0.027453056229830707
1.0799224746714913 3.375 0.051987569903138041
1.1780972450961724 3.375 -0.05190607126445828
1.2762720155208536 3.375 0.024529909358705592
1.3744467859455345 3.375 -0.080043972511397998
1.4726215563702154 3.375 -0.041405815037660658
1.5707963267948966 3.375 -0.0143619340707077
1.6689710972195777 3.375 -0.041206487066785598
1.7671458676442586 3.375 -0.015169492213214663
1.8653206380689396 3.375 0.061320926939873004
1.9634954084936207 3.375 -0.08024163094090235
2.0616701789183018 3.375 -0.075131387706705341
2.1598449493429825 3.375 0.0029568201896721892
2.2580197197676637 3.375 -0.035449082523715619
2.3561944901923448 3.375 -0.063067413212949175
2.454369260617026 3.375 0.0082958648580496105
2.5525440310417071 3.375 -0.03546021535309439
2.6507188014663878 3.375 0.021120311425289851
2.748893571891069 3.375 -0.0024981989702763793
2.8470683423157501 3.375 -0.012642705186443608
2.9452431127404308 3.375 -0.0042876430024908945
3.043417883165112 3.375 0.064292091396594531
3.1415926535897931 3.375 0.082567620683428364
3.2397674240144743 3.375 -0.010028233254357102
3.3379421944391554 3.375 -0.064714771004020968
3.4361169648638361 3.375 -0.094957251894488504
3.5342917352885173 3.375 -0.14033985435761806
3.6324665057131984 3.375 -0.073887491538441583
3.7306412761378791 3.375 -0.05355282627063844
3.8288160465625602 3.375 -0.0033009058880319186
3.9269908169872414 3.375 -0.1181577392969921
4.0251655874119221 3.375 0.089830147500037316
4.1233403578366037 3.375 0.066825178352137263
4.2215151282612844 3.375 0.078236361011584959
4.3196898986859651 3.375 -0.032225842615275072
4.4178646691106467 3.375 0.015331051385494916
4.5160394395353274 3.375 -0.059524655672281233
4.614214209960009 3.375 0.097377406915133968
4.7123889803846897 3.375 -0.076216612501934553
4.8105637508093704 3.375 -0.032272030799837731
4.908738521234052 3.375 0.089435857124091314
5.0069132916587327 3.375 0.15643950884456803
5.1050880620834143 3.375 -0.0057633446463821892
5.203262832508095 3.375 -0.026027104005005932
5.3014376029327757 3.375 -0.15752774549598908
5.3996123733574573 3.375 0.10747086978862996
5.497787143782138 3.375 0.019363657326977105
5.5959619142068187 3.375 -0.11837149282975795
5.6941366846315002 3.375 0.054748968304036513
5.7923114550561809 3.375 0.038571298516620264
5.8904862254808616 3.375 -0.022267585050797793
5.9886609959055432 3.375 -0.035049892769607995
6.0868357663302239 3.375 0.045875127134120099
6.1850105367549055 3.375 0.014699218841063642
6.2831853071795862 3.375 0.030588659866915321
0 3.5 0.077062936832674026
0.098174770424681035 3.5 0.07497033583956185
0.19634954084936207 3.5 0.047784447702223579
0.2945243112740431 3.5 0.036774522532328137
0.39269908169872414 3.5 -0.080310714763117977
0.49087385212340517 3.5 -0.070086366489763588
0.58904862254808621 3.5 0.051429299153558601
0.68722339297276724 3.5 0.040664949883049049
0.78539816339744828 3.5 0.03255831901092994
0.88357293382212931 3.5 0.052800571160143583
0.98174770424681035 3.5 -0.034809056881762952
1.0799224746714913 3.5 0.035495186090294284
1.1780972450961724 3.5 -0.062133226461718878
1.2762720155208536 3.5 0.0039194598012837764
1.3744467859455345 3.5 0.058391271541660593
1.4726215563702154 3.5 -0.042528648795423951
1.5707963267948966 3.5 0.12270482434020134
1.6689710972195777 3.5 0.071256316131831324
1.7671458676442586 3.5 0.086212035125274963
1.8653206380689396 3.5 -0.013267347977949489
1.9634954084936207 3.5 -0.087270266980572553
2.0616701789183018 3.5 -0.043893693601567189
2.1598449493429825 3.5 0.034662258106960546
2.2580197197676637 3.5 -0.017530277599906462
2.3561944901923448 3.5 0.045324710269425125
2.454369260617026 3.5 0.00945336126264874
2.5525440310417071 3.5 -0.037055321169684886
2.6507188014663878 3.5 0.058698477779611534
2.748893571891069 3.5 0.08493262437707072
2.8470683423157501 3.5 -0.046002291736202156
2.9452431127404308 3.5 0.032164104493146412
3.043417883165112 3.5 0.0098391024564976129
3.1415926535897931 3.5 0.017648189503555543
3.2397674240144743 3.5 -0.0065412649798788523
3.3379421944391554 3.5 -0.078708295609771634
3.4361169648638361 3.5 0.088562989635764505
3.5342917352885173 3.5 -0.065570810859291992
3.6324665057131984 3.5 -0.05470306615916784
3.7306412761378791 3.5 0.041234697438498752
3.8288160465625602 3.5 0.011301866994984708
3.9269908169872414 3.5 -0.050016482459139235
4.0251655874119221 3.5 -0.041314920146780565
4.1233403578366037 3.5 -0.0099712574271379143
4.2215151282612844 3.5 -0.027399851459039819
4.3196898986859651 3.5 0.040622446999754473
4.4178646691106467 3.5 -0.073150044581679702
4.5160394395353274 3.5 0.022828111530324498
4.614214209960009 3.5 0.096166338798386236
4.7123889803846897 3.5 0.012651959697392606
4.8105637508093704 3.5 -0.055813120905493521
4.908738521234052 3.5 -0.045429847652146152
5.0069132916587327 3.5 0.00274351994501043
5.1050880620834143 3.5 -0.039220527813319903
5.203262832508095 3.5 0.077572348556609758
5.3014376029327757 3.5 -0.11563471807471672
5.3996123733574573 3.5 0.1029790709722041
5.497787143782138 3.5 -0.12723386243504547
5.5959619142068187 3.5 -0.0025766635007744114
5.6941366846315002 3.5 -0.068045150435922755
5.7923114550561809 3.5 0.0515336327506455
5.8904862254808616 3.5 -0.048633970239316898
5.9886609959055432 3.5 -0.071192752533836987
6.0868357663302239 3.5 -0.021364399719127646
6.1850105367549055 3.5 -0.025824438486115663
6.2831853071795862 3.5 -0.12158152896125489
0 3.625 0.028558091564433005
0.098174770424681035 3.625 -0.15033309332799666
0.19634954084936207 3.625 0.073911453165346017
0.2945243112740431 3.625 -0.020738587724088094
0.39269908169872414 3.625 0.059879181934301529
0.49087385212340517 3.625 -0.037734183648608491
0.58904862254808621 3.625 -0.049832386692000991
0.68722339297276724 3.625 0.040950543462717579
0.78539816339744828 3.625 -0.036702583421216059
0.88357293382212931 3.625 -0.09723895789443758
0.98174770424681035 3.625 -0.005471201458206924
1.0799224746714913 3.625 -0.08652383513614649
1.1780972450961724 3.625 -0.00081098468670707928
1.2762720155208536 3.625 0.086641324139382317
1.3744467859455345 3.625 0.060486237922247776
1.4726215563702154 3.625 0.00011634769909052874
1.5707963267948966 3.625 -0.010412414762783727
1.6689710972195777 3.625 -0.01990421347731627
1.7671458676442586 3.625 -0.040058158633735769
1.8653206380689396 3.625 0.022309950035142287
1.9634954084936207 3.625 -0.009920213158623124
2.0616701789183018 3.625 -0.02398286503362726
2.1598449493429825 3.625 0.016967599900310916
2.2580197197676637 3.625 -0.12681835023552318
2.3561944901923448 3.625 0.12292927519917217
2.454369260617026 3.625 0.039592477008355248
2.5525440310417071 3.625 -0.08757273222092897
2.6507188014663878 3.625 0.0072285854921041682
2.748893571891069 3.625 -0.07094251217741826
2.8470683423157501 3.625 -0.033883229137751943
2.9452431127404308 3.625 -0.05624138377514952
3.043417883165112 3.625 0.068603639549553133
3.1415926535897931 3.625 -0.12068324299750612
3.2397674240144743 3.625 -0.022267194232106723
3.3379421944391554 3.625 -0.10361368184637158
3.4361169648638361 3.625 -0.001284887601058384
3.5342917352885173 3.625 -0.019962183512646135
3.6324665057131984 3.625 -0.088386819173564196
3.7306412761378791 3.625 0.090461181211462266
3.8288160465625602 3.625 0.098234015669569477
3.9269908169872414 3.625 -0.035448632107709162
4.0251655874119221 3.625 0.032793715477904953
4.1233403578366037 3.625 -0.0093497993698636213
4.2215151282612844 3.625 0.015295830792620617
4.3196898986859651 3.625 0.096266627623294923
4.4178646691106467 3.625 -0.016879187574717586
4.5160394395353274 3.625 0.11260520400757916
4.614214209960009 3.625 -0.018107816686790731
4.7123889803846897 3.625 -0.0058781670569528835
4.8105637508093704 3.625 0.1187093156421363
4.908738521234052 3.625 0.017292406504982778
5.0069132916587327 3.625 -0.1276706581795678
5.1050880620834143 3.625 0.014124781206106876
5.203262832508095 3.625 -0.080541213795381345
5.3014376029327757 3.625 -0.10446442074394903
5.3996123733574573 3.625 -0.059227997901470125
5.497787143782138 3.625 0.020488234575356503
5.5959619142068187 3.625 -0.069954952751246358
5.6941366846315002 3.625 -0.088043668742589634
5.7923114550561809 3.625 -0.023861120791071166
5.8904862254808616 3.625 0.025422436803268948
5.9886609959055432 3.625 -0.04375473802547683
6.0868357663302239 3.625 -0.082085819008540173
6.1850105367549055 3.625 -0.13651430309379023
6.2831853071795862 3.625 -0.048770240675056996
0 3.75 0.053049463953392627
0.098174770424681035 3.75 0.06296318554016056
0.19634954084936207 3.75 0.049625317077510833
0.2945243112740431 3.75 -0.011013873575528984
0.39269908169872414 3.75 0.008127387136547334
0.49087385212340517 3.75 0.079652156628756271
0.58904862254808621 3.75 -0.054580612472430672
0.68722339297276724 3.75 0.022875543102753141
0.78539816339744828 3.75 -0.11755188746811829
0.88357293382212931 3.75 0.042870026457310431
0.98174770424681035 3.75 -0.028339869939336279
1.0799224746714913 3.75 -0.072610464530546245
1.1780972450961724 3.75 0.04855858908641289
1.2762720155208536 3.75 -0.069820951242673568
1.3744467859455345 3.75 -0.054492914971247655
1.4726215563702154 3.75 0.096561149258916304
1.5707963267948966 3.75 -0.065723694409269187
1.6689710972195777 3.75 -0.041218011454094899
1.7671458676442586 3.75 -0.04293014597848073
1.8653206380689396 3.75 0.049310498127169852
1.9634954084936207 3.75 -0.11535373401874655
2.0616701789183018 3.75 0.078564677835098212
2.1598449493429825 3.75 -0.015290374229208399
2.2580197197676637 3.75 -0.019909300248435697
2.3561944901923448 3.75 -0.056340155039319786
2.454369260617026 3.75 -0.009138976449100172
2.5525440310417071 3.75 0.092387549763111157
2.6507188014663878 3.75 0.013373909871181965
2.748893571891069 3.75 -0.058593228318983441
2.8470683423157501 3.75 -0.021824968543338104
2.9452431127404308 3.75 0.033580676553096336
3.043417883165112 3.75 0.0053611323990223891
3.1415926535897931 3.75 -0.016167301281692352
3.2397674240144743 3.75 0.037986436449926296
3.3379421944391554 3.75 0.022687745545068156
3.4361169648638361 3.75 -0.067714894293048652
3.5342917352885173 3.75 -0.12031774289175762
3.6324665057131984 3.75 0.031446601249555985
3.7306412761378791 3.75 0.11670665612034889
3.8288160465625602 3.75 -0.051568074375938237
3.9269908169872414 3.75 -0.0088600275000325409
4.0251655874119221 3.75 0.08507944247282262
4.1233403578366037 3.75 0.10930442571514089
4.2215151282612844 3.75 0.0040988917095021787
4.3196898986859651 3.75 0.07852255480015928
4.4178646691106467 3.75 0.0471637233586042
4.5160394395353274 3.75 -0.034922932305520113
4.614214209960009 3.75 -0.12684567495681709
4.7123889803846897 3.75 -0.057141018929704128
4.8105637508093704 3.75 0.0231993631006845
4.908738521234052 3.75 0.026342558142781265
5.0069132916587327 3.75 -0.031556955879217863
5.1050880620834143 3.75 -0.053890877828005453
5.203262832508095 3.75 -0.10055014371289028
5.3014376029327757 3.75 -0.10557847872850962
5.3996123733574573 3.75 -0.0076730334424986862
5.497787143782138 3.75 -0.098943450502019109
5.5959619142068187 3.75 -0.00094913732713905767
5.6941366846315002 3.75 -0.050138616898006416
5.7923114550561809 3.75 -0.026776707929893909
5.8904862254808616 3.75 0.13354079067534519
5.9886609959055432 3.75 0.0030324241705980007
6.0868357663302239 3.75 -0.02158606649181841
6.1850105367549055 3.75 -0.010891011587771962
6.2831853071795862 3.75 -0.092592613463837611
0 3.875 0.08414122975920818
0.098174770424681035 3.875 0.053269876684318131
0.19634954084936207 3.875 -0.033426239951429904
0.2945243112740431 3.875 0.014406600541738373
0.39269908169872414 3.875 -0.042196472994494298
0.49087385212340517 3.875 0.024899083992045986
0.58904862254808621 3.875 -0.084381464525530428
0.68722339297276724 3.875 0.016805679897163361
0.78539816339744828 3.875 0.094327565906831487
0.88357293382212931 3.875 0.028040679456122243
0.98174770424681035 3.875 -0.037076409670672626
1.0799224746714913 3.875 0.05967580779998153
1.1780972450961724 3.875 0.12255623095624857
1.2762720155208536 3.875 0.045925939777803466
1.3744467859455345 3.875 0.006109393210812668
1.4726215563702154 3.875 -0.05040486403379682
1.5707963267948966 3.875 0.027372007478853193
1.6689710972195777 3.875 0.12077958167783386
1.7671458676442586 3.875 -0.12672431836083806
1.8653206380689396 3.875 0.061404905361057485
1.9634954084936207 3.875 0.0092860373157648002
2.0616701789183018 3.875 0.095087004442861056
2.1598449493429825 3.875 -0.0080383941357085285
2.2580197197676637 3.875 -0.13595069422391204
2.3561944901923448 3.875 0.12512570154218447
2.454369260617026 3.875 -0.07284617566135379
2.5525440310417071 3.875 0.050285602588658294
2.6507188014663878 3.875 -0.0080154773356459451
2.748893571891069 3.875 -0.0024872803096122067
2.8470683423157501 3.875 0.0086471619392361476
2.9452431127404308 3.875 -0.034297776574609445
3.043417883165112 3.875 0.011723409492969426
3.1415926535897931 3.875 0.019331791635406173
3.2397674240144743 3.875 0.050366048716623792
3.3379421944391554 3.875 0.0078553331589439283
3.4361169648638361 3.875 0.020024018875824827
3.5342917352885173 3.875 0.083452294703712765
3.6324665057131984 3.875 -0.056675701808245237
3.7306412761378791 3.875 0.0044072710240820375
3.8288160465625602 3.875 0.030053261617077227
3.9269908169872414 3.875 0.065058387903613152
4.0251655874119221 3.875 -0.0039949838622441213
4.1233403578366037 3.875 0.0062422746199025988
4.2215151282612844 3.875 -0.021673654957057007
4.3196898986859651 3.875 0.077927584493761762
4.4178646691106467 3.875 -0.020179835094080362
4.5160394395353274 3.875 0.043058203944977988
4.614214209960009 3.875 -0.0064010012603459209
4.7123889803846897 3.875 0.001938030522183705
4.8105637508093704 3.875 -0.076847014090093868
4.908738521234052 3.875 0.0035633250068102603
5.0069132916587327 3.875 -0.0018627184409550491
5.1050880620834143 3.875 -0.093217367706282458
5.203262832508095 3.875 -0.046523242113574247
5.3014376029327757 3.875 -0.02851638014322402
5.3996123733574573 3.875 -0.096051342097009204
5.497787143782138 3.875 -0.076476655027655896
5.5959619142068187 3.875 0.092335385693967598
5.6941366846315002 3.875 -0.064715704315689668
5.7923114550561809 3.875 -0.053826665217919019
5.8904862254808616 3.875 -0.087698257068129518
5.9886609959055432 3.875 0.077118680343923551
6.0868357663302239 3.875 0.057692720418129159
6.1850105367549055 3.875 0.019994139808025359
6.2831853071795862 3.875 0.0052929994919158905
0 4 -0.030905339161201049
0.098174770424681035 4 -0.01786995459330765
0.19634954084936207 4 -0.04235839158258442
0.2945243112740431 4 0.04136016194690615
0.39269908169872414 4 0.04349185529819552
0.49087385212340517 4 0.05734213501598423
0.58904862254808621 4 0.12873587174474088
0.68722339297276724 4 0.044432715610179745
0.78539816339744828 4 0.039868596381665983
0.88357293382212931 4 0.063064203823485973
0.98174770424681035 4 -0.09688733682345245
1.0799224746714913 4 0.00029734950827285022
1.1780972450961724 4 -0.095033359849646018
1.2762720155208536 4 0.099101676132330313
1.3744467859455345 4 -0.030976707807549134
1.4726215563702154 4 0.11140846367893631
1.5707963267948966 4 0.066697463475387797
1.6689710972195777 4 -0.034698024139648911
1.7671458676442586 4 -0.10428620445680696
1.8653206380689396 4 -0.07062409196424152
1.9634954084936207 4 0.065264778025536069
2.0616701789183018 4 -0.020188038051912268
2.1598449493429825 4 -0.093071887514759033
2.2580197197676637 4 -0.014119053187623657
2.3561944901923448 4 0.1063558545966512
2.454369260617026 4 0.10111133415972506
2.5525440310417071 4 -0.029724879610781296
2.6507188014663878 4 0.019359448997892145
2.748893571891069 4 0.038499950307974436
2.8470683423157501 4 -0.092938687591986424
2.9452431127404308 4 -0.033484507298939724
3.043417883165112 4 -0.02547287383149625
3.1415926535897931 4 0.025387347627103533
3.2397674240144743 4 -0.032063177791083794
3.3379421944391554 4 -0.0878004144498752
3.4361169648638361 4 0.020370514847513649
3.5342917352885173 4 -0.040338512051570706
3.6324665057131984 4 -0.077150993005322369
3.7306412761378791 4 -0.076993951667295141
3.8288160465625602 4 -0.014010141538713401
3.9269908169872414 4 0.091172601734108377
4.0251655874119221 4 -0.010967047322630367
4.1233403578366037 4 0.067426437609004311
4.2215151282612844 4 -0.14112860777806854
4.3196898986859651 4 -0.052694628422209781
4.4178646691106467 4 -0.079041832621918703
4.5160394395353274 4 -0.017250811125686254
4.614214209960009 4 0.048392767043517637
4.7123889803846897 4 -0.03433552277719655
4.8105637508093704 4 -0.078193718011055596
4.908738521234052 4 0.059548223782761742
5.0069132916587327 4 -0.047886197721591355
5.1050880620834143 4 0.017125330880783295
5.203262832508095 4 -0.041783010427867008
5.3014376029327757 4 0.032492017643802724
5.3996123733574573 4 -0.024098978428392086
5.497787143782138 4 0.049961239555147773
5.5959619142068187 4 0.039018858533157952
5.6941366846315002 4 0.13956647583096274
5.7923114550561809 4 -0.0050375060035067901
5.8904862254808616 4 -0.061281874949913509
5.9886609959055432 4 -0.072955148912261555
6.0868357663302239 4 -0.037530539118158492
6.1850105367549055 4 0.023581693569114597
6.2831853071795862 4 -0.044850948480126218
3 0 1 66
3 0 66 65
3 1 2 67
3 1 67 66
3 2 3 68
3 2 68 67
3 3 4 69
3 3 69 68
3 4 5 70
3 4 70 69
3 5 6 71
3 5 71 70
3 6 7 72
3 6 72 71
3 7 8 73
3 7 73 72
3 8 9 74
3 8 74 73
3 9 10 75
3 9 75 74
3 10 11 76
3 10 76 75
3 11 12 77
3 11 77 76
3 12 13 78
3 12 78 77
3 13 14 79
3 13 79 78
3 14 15 80
3 14 80 79
3 15 16 81
3 15 81 80
3 16 17 82
3 16 82 81
3 17 18 83
3 17 83 82
3 18 19 84
3 18 84 83
3 19 20 85
3 19 85 84
3 20 21 86
3 20 86 85
3 21 22 87
3 21 87 86
3 22 23 88
3 22 88 87
3 23 24 89
3 23 89 88
3 24 25 90
3 24 90 89
3 25 26 91
3 25 91 90
3 26 27 92
3 26 92 91
3 27 28 93
3 27 93 92
3 28 29 94
3 28 94 93
3 29 30 95
3 29 95 94
3 30 31 96
3 30 96 95
3 31 32 97
3 31 97 96
3 32 33 98
3 32 98 97
3 33 34 99
3 33 99 98
3 34 35 100
3 34 100 99
3 35 36 101
3 35 101 100
3 36 37 102
3 36 102 101
3 37 38 103
3 37 103 102
3 38 39 104
3 38 104 103
3 39 40 105
3 39 105 104
3 40 41 106
3 40 106 105
3 41 42 107
3 41 107 106
3 42 43 108
3 42 108 107
3 43 44 109
3 43 109 108
3 44 45 110
3 44 110 109
3 45 46 111
3 45 111 110
3 46 47 112
3 46 112 111
3 47 48 113
3 47 113 112
3 48 49 114
3 48 114 113
3 49 50 115
3 49 115 114
3 50 51 116
3 50 116 115
3 51 52 117
3 51 117 116
3 52 53 118
3 52 118 117
3 53 54 119
3 53 119 118
3 54 55 120
3 54 120 119
3 55 56 121
3 55 121 120
3 56 57 122
3 56 122 121
3 57 58 123
3 57 123 122
3 58 59 124
3 58 124 123
3 59 60 125
3 59 125 124
3 60 61 126
3 60 126 125
3 61 62 127
3 61 127 126
3 62 63 128
3 62 128 127
3 63 64 129
3 63 129 128
3 65 66 131
3 65 131 130
3 66 67 132
3 66 132 131
3 67 68 133
3 67 133 132
3 68 69 134
3 68 134 133
3 69 70 135
3 69 135 134
3 70 71 136
3 70 136 135
3 71 72 137
3 71 137 136
3 72 73 138
3 72 138 137
3 73 74 139
3 73 139 138
3 74 75 140
3 74 140 139
3 75 76 141
3 75 141 140
3 76 77 142
3 76 142 141
3 77 78 143
3 77 143 142
3 78 79 144
3 78 144 143
3 79 80 145
3 79 145 144
3 80 81 146
3 80 146 145
3 81 82 147
3 81 147 146
3 82 83 148
3 82 148 147
3 83 84 149
3 83 149 148
3 84 85 150
3 84 150 149
3 85 86 151
3 85 151 150
3 86 87 152
3 86 152 151
3 87 88 153
3 87 153 152
3 88 89 154
3 88 154 153
3 89 90 155
3 89 155 154
3 90 91 156
3 90 156 155
3 91 92 157
3 91 157 156
3 92 93 158
3 92 158 157
3 93 94 159
3 93 159 158
3 94 95 160
3 94 160 159
3 95 96 161
3 95 161 160
3 96 97 162
3 96 162 161
3 97 98 163
3 97 163 162
3 98 99 164
3 98 164 163
3 99 100 165
3 99 165 164
3 100 101 166
3 100 166 165
3 101 102 167
3 101 167 166
3 102 103 168
3 102 168 167
3 103 104 169
3 103 169 168
3 104 105 170
3 104 170 169
3 105 106 171
3 105 171 170
3 106 107 172
3 106 172 171
3 107 108 173
3 107 173 172
3 108 109 174
3 108 174 173
3 109 110 175
3 109 175 174
3 110 111 176
3 110 176 175
3 111 112 177
3 111 177 176
3 112 113 178
3 112 178 177
3 113 114 179
3 113 179 178
3 114 115 180
3 114 180 179
3 115 116 181
3 115 181 180
3 116 117 182
3 116 182 181
3 117 118 183
3 117 183 182
3 118 119 184
3 118 184 183
3 119 120 185
3 119 185 184
3 120 121 186
3 120 186 185
3 121 122 187
3 121 187 186
3 122 123 188
3 122 188 187
3 123 124 189
3 123 189 188
3 124 125 190
3 124 190 189
3 125 126 191
3 125 191 190
3 126 127 192
3 126 192 191
3 127 128 193
3 127 193 192
3 128 129 194
3 128 194 193
3 130 131 196
3 130 196 195
3 131 132 197
3 131 197 196
3 132 133 198
3 132 198 197
3 133 134 199
3 133 199 198
3 134 135 200
3 134 200 199
3 135 136 201
3 135 201 200
3 136 137 202
3 136 202 201
3 137 138 203
3 137 203 202
3 138 139 204
3 138 204 203
3 139 140 205
3 139 205 204
3 140 141 206
3 140 206 205
3 141 142 207
3 141 207 206
3 142 143 208
3 142 208 207
3 143 144 209
3 143 209 208
3 144 145 210
3 144 210 209
3 145 146 211
3 145 211 210
3 146 147 212
3 146 212 211
3 147 148 213
3 147 213 212
3 148 149 214
3 148 214 213
3 149 150 215
3 149 215 214
3 150 151 216
3 150 216 215
3 151 152 217
3 151 217 216
3 152 153 218
3 152 218 217
3 153 154 219
3 153 219 218
3 154 155 220
3 154 220 219
3 155 156 221
3 155 221 220
3 156 157 222
3 156 222 221
3 157 158 223
3 157 223 222
3 158 159 224
3 158 224 223
3 159 160 225
3 159 225 224
3 160 161 226
3 160 226 225
3 161 162 227
3 161 227 226
3 162 163 228
3 162 228 227
3 163 164 229
3 163 229 228
3 164 165 230
3 164 230 229
3 165 166 231
3 165 231 230
3 166 167 232
3 166 232 231
3 167 168 233
3 167 233 232
3 168 169 234
3 168 234 233
3 169 170 235
3 169 235 234
3 170 171 236
3 170 236 235
3 171 172 237
3 171 237 236
3 172 173 238
3 172 238 237
3 173 174 239
3 173 239 238
3 174 175 240
3 174 240 239
3 175 176 241
3 175 241 240
3 176 177 242
3 176 242 241
3 177 178 243
3 177 243 242
3 178 179 244
3 178 244 243
3 179 180 245
3 179 245 244
3 180 181 246
3 180 246 245
3 181 182 247
3 181 247 246
3 182 183 248
3 182 248 247
3 183 184 249
3 183 249 248
3 184 185 250
3 184 250 249
3 185 186 251
3 185 251 250
3 186 187 252
3 186 252 251
3 187 188 253
3 187 253 252
3 188 189 254
3 188 254 253
3 189 190 255
3 189 255 254
3 190 191 256
3 190 256 255
3 191 192 257
3 191 257 256
3 192 193 258
3 192 258 257
3 193 194 259
3 193 259 258
3 195 196 261
3 195 261 260
3 196 197 262
3 196 262 261
3 197 198 263
3 197 263 262
3 198 199 264
3 198 264 263
3 199 200 265
3 199 265 264
3 200 201 266
3 200 266 265
3 201 202 267
3 201 267 266
3 202 203 268
3 202 268 267
3 203 204 269
3 203 269 268
3 204 205 270
3 204 270 269
3 205 206 271
3 205 271 270
3 206 207 272
3 206 272 271
3 207 208 273
3 207 273 272
3 208 209 274
3 208 274 273
3 209 210 275
3 209 275 274
3 210 211 276
3 210 276 275
3 211 212 277
3 211 277 276
3 212 213 278
3 212 278 277
3 213 214 279
3 213 279 278
3 214 215 280
3 214 280 279
3 215 216 281
3 215 281 280
3 216 217 282
3 216 282 281
3 217 218 283
3 217 283 282
3 218 219 284
3 218 284 283
3 219 220 285
3 219 285 284
3 220 221 286
3 220 286 285
3 221 222 287
3 221 287 286
3 222 223 288
3 222 288 287
3 223 224 289
3 223 289 288
3 224 225 290
3 224 290 289
3 225 226 291
3 225 291 290
3 226 227 292
3 226 292 291
3 227 228 293
3 227 293 292
3 228 229 294
3 228 294 293
3 229 230 295
3 229 295 294
3 230 231 296
3 230 296 295
3 231 232 297
3 231 297 296
3 232 233 298
3 232 298 297
3 233 234 299
3 233 299 298
3 234 235 300
3 234 300 299
3 235 236 301
3 235 301 300
3 236 237 302
3 236 302 301
3 237 238 303
3 237 303 302
3 238 239 304
3 238 304 303
3 239 240 305
3 239 305 304
3 240 241 306
3 240 306 305
3 241 242 307
3 241 307 306
3 242 243 308
3 242 308 307
3 243 244 309
3 243 309 308
3 244 245 310
3 244 310 309
3 245 246 311
3 245 311 310
3 246 247 312
3 246 312 311
3 247 248 313
3 247 313 312
3 248 249 314
3 248 314 313
3 249 250 315
3 249 315 314
3 250 251 316
3 250 316 315
3 251 252 317
3 251 317 316
3 252 253 318
3 252 318 317
3 253 254 319
3 253 319 318
3 254 255 320
3 254 320 319
3 255 256 321
3 255 321 320
3 256 257 322
3 256 322 321
3 257 258 323
3 257 323 322
3 258 259 324
3 258 324 323
3 260 261 326
3 260 326 325
3 261 262 327
3 261 327 326
3 262 263 328
3 262 328 327
3 263 264 329
3 263 329 328
3 264 265 330
3 264 330 329
3 265 266 331
3 265 331 330
3 266 267 332
3 266 332 331
3 267 268 333
3 267 333 332
3 268 269 334
3 268 334 333
3 269 270 335
3 269 335 334
3 270 271 336
3 270 336 335
3 271 272 337
3 271 337 336
3 272 273 338
3 272 338 337
3 273 274 339
3 273 339 338
3 274 275 340
3 274 340 339
3 275 276 341
3 275 341 340
3 276 277 342
3 276 342 341
3 277 278 343
3 277 343 342
3 278 279 344
3 278 344 343
3 279 280 345
3 279 345 344
3 280 281 346
3 280 346 345
3 281 282 347
3 281 347 346
3 282 283 348
3 282 348 347
3 283 284 349
3 283 349 348
3 284 285 350
3 284 350 349
3 285 286 351
3 285 351 350
3 286 287 352
3 286 352 351
3 287 288 353
3 287 353 352
3 288 289 354
3 288 354 353
3 289 290 355
3 289 355 354
3 290 291 356
3 290 356 355
3 291 292 357
3 291 357 356
3 292 293 358
3 292 358 357
3 293 294 359
3 293 359 358
3 294 295 360
3 294 360 359
3 295 296 361
3 295 361 360
3 296 297 362
3 296 362 361
3 297 298 363
3 297 363 362
3 298 299 364
3 298 364 363
3 299 300 365
3 299 365 364
3 300 301 366
3 300 366 365
3 301 302 367
3 301 367 366
3 302 303 368
3 302 368 367
3 303 304 369
3 303 369 368
3 304 305 370
3 304 370 369
3 305 306 371
3 305 371 370
3 306 307 372
3 306 372 371
3 307 308 373
3 307 373 372
3 308 309 374
3 308 374 373
3 309 310 375
3 309 375 374
3 310 311 376
3 310 376 375
3 311 312 377
3 311 377 376
3 312 313 378
3 312 378 377
3 313 314 379
3 313 379 378
3 314 315 380
3 314 380 379
3 315 316 381
3 315 381 380
3 316 317 382
3 316 382 381
3 317 318 383
3 317 383 382
3 318 319 384
3 318 384 383
3 319 320 385
3 319 385 384
3 320 321 386
3 320 386 385
3 321 322 387
3 321 387 386
3 322 323 388
3 322 388 387
3 323 324 389
3 323 389 388
3 325 326 391
3 325 391 390
3 326 327 392
3 326 392 391
3 327 328 393
3 327 393 392
3 328 329 394
3 328 394 393
3 329 330 395
3 329 395 394
3 330 331 396
3 330 396 395
3 331 332 397
3 331 397 396
3 332 333 398
3 332 398 397
3 333 334 399
3 333 399 398
3 334 335 400
3 334 400 399
3 335 336 401
3 335 401 400
3 336 337 402
3 336 402 401
3 337 338 403
3 337 403 402
3 338 339 404
3 338 404 403
3 339 340 405
3 339 405 404
3 340 341 406
3 340 406 405
3 341 342 407
3 341 407 406
3 342 343 408
3 342 408 407
3 343 344 409
3 343 409 408
3 344 345 410
3 344 410 409
3 345 346 411
3 345 411 410
3 346 347 412
3 346 412 411
3 347 348 413
3 347 413 412
3 348 349 414
3 348 414 413
3 349 350 415
3 349 415 414
3 350 351 416
3 350 416 415
3 351 352 417
3 351 417 416
3 352 353 418
3 352 418 417
3 353 354 419
3 353 419 418
3 354 355 420
3 354 420 419
3 355 356 421
3 355 421 420
3 356 357 422
3 356 422 421
3 357 358 423
3 357 423 422
3 358 359 424
3 358 424 423
3 359 360 425
3 359 425 424
3 360 361 426
3 360 426 425
3 361 362 427
3 361 427 426
3 362 363 428
3 362 428 427
3 363 364 429
3 363 429 428
3 364 365 430
3 364 430 429
3 365 366 431
3 365 431 430
3 366 367 432
3 366 432 431
3 367 368 433
3 367 433 432
3 368 369 434
3 368 434 433
3 369 370 435
3 369 435 434
3 370 371 436
3 370 436 435
3 371 372 437
3 371 437 436
3 372 373 438
3 372 438 437
3 373 374 439
3 373 439 438
3 374 375 440
3 374 440 439
3 375 376 441
3 375 441 440
3 376 377 442
3 376 442 441
3 377 378 443
3 377 443 442
3 378 379 444
3 378 444 443
3 379 380 445
3 379 445 444
3 380 381 446
3 380 446 445
3 381 382 447
3 381 447 446
3 382 383 448
3 382 448 447
3 383 384 449
3 383 449 448
3 384 385 450
3 384 450 449
3 385 386 451
3 385 451 450
3 386 387 452
3 386 452 451
3 387 388 453
3 387 453 452
3 388 389 454
3 388 454 453
3 390 391 456
3 390 456 455
3 391 392 457
3 391 457 456
3 392 393 458
3 392 458 457
3 393 394 459
3 393 459 458
3 394 395 460
3 394 460 459
3 395 396 461
3 395 461 460
3 396 397 462
3 396 462 461
3 397 398 463
3 397 463 462
3 398 399 464
3 398 464 463
3 399 400 465
3 399 465 464
3 400 401 466
3 400 466 465
3 401 402 467
3 401 467 466
3 402 403 468
3 402 468 467
3 403 404 469
3 403 469 468
3 404 405 470
3 404 470 469
3 405 406 471
3 405 471 470
3 406 407 472
3 406 472 471
3 407 408 473
3 407 473 472
3 408 409 474
3 408 474 473
3 409 410 475
3 409 475 474
3 410 411 476
3 410 476 475
3 411 412 477
3 411 477 476
3 412 413 478
3 412 478 477
3 413 414 479
3 413 479 478
3 414 415 480
3 414 480 479
3 415 416 481
3 415 481 480
3 416 417 482
3 416 482 481
3 417 418 483
3 417 483 482
3 418 419 484
3 418 484 483
3 419 420 485
3 419 485 484
3 420 421 486
3 420 486 485
3 421 422 487
3 421 487 486
3 422 423 488
3 422 488 487
3 423 424 489
3 423 489 488
3 424 425 490
3 424 490 489
3 425 426 491
3 425 491 490
3 426 427 492
3 426 492 491
3 427 428 493
3 427 493 492
3 428 429 494
3 428 494 493
3 429 430 495
3 429 495 494
3 430 431 496
3 430 496 495
3 431 432 497
3 431 497 496
3 432 433 498
3 432 498 497
3 433 434 499
3 433 499 498
3 434 435 500
3 434 500 499
3 435 436 501
3 435 501 500
3 436 437 502
3 436 502 501
3 437 438 503
3 437 503 502
3 438 439 504
3 438 504 503
3 439 440 505
3 439 505 504
3 440 441 506
3 440 506 505
3 441 442 507
3 441 507 506
3 442 443 508
3 442 508 507
3 443 444 509
3 443 509 508
3 444 445 510
3 444 510 509
3 445 446 511
3 445 511 510
3 446 447 512
3 446 512 511
3 447 448 513
3 447 513 512
3 448 449 514
3 448 514 513
3 449 450 515
3 449 515 514
3 450 451 516
3 450 516 515
3 451 452 517
3 451 517 516
3 452 453 518
3 452 518 517
3 453 454 519
3 453 519 518
3 455 456 521
3 455 521 520
3 456 457 522
3 456 522 521
3 457 458 523
3 457 523 522
3 458 459 524
3 458 524 523
3 459 460 525
3 459 525 524
3 460 461 526
3 460 526 525
3 461 462 527
3 461 527 526
3 462 463 528
3 462 528 527
3 463 464 529
3 463 529 528
3 464 465 530
3 464 530 529
3 465 466 531
3 465 531 530
3 466 467 532
3 466 532 531
3 467 468 533
3 467 533 532
3 468 469 534
3 468 534 533
3 469 470 535
3 469 535 534
3 470 471 536
3 470 536 535
3 471 472 537
3 471 537 536
3 472 473 538
3 472 538 537
3 473 474 539
3 473 539 538
3 474 475 540
3 474 540 539
3 475 476 541
3 475 541 540
3 476 477 542
3 476 542 541
3 477 478 543
3 477 543 542
3 478 479 544
3 478 544 543
3 479 480 545
3 479 545 544
3 480 481 546
3 480 546 545
3 481 482 547
3 481 547 546
3 482 483 548
3 482 548 547
3 483 484 549
3 483 549 548
3 484 485 550
3 484 550 549
3 485 486 551
3 485 551 550
3 486 487 552
3 486 552 551
3 487 488 553
3 487 553 552
3 488 489 554
3 488 554 553
3 489 490 555
3 489 555 554
3 490 491 556
3 490 556 555
3 491 492 557
3 491 557 556
3 492 493 558
3 492 558 557
3 493 494 559
3 493 559 558
3 494 495 560
3 494 560 559
3 495 496 561
3 495 561 560
3 496 497 562
3 496 562 561
3 497 498 563
3 497 563 562
3 498 499 564
3 498 564 563
3 499 500 565
3 499 565 564
3 500 501 566
3 500 566 565
3 501 502 567
3 501 567 566
3 502 503 568
3 502 568 567
3 503 504 569
3 503 569 568
3 504 505 570
3 504 570 569
3 505 506 571
3 505 571 570
3 506 507 572
3 506 572 571
3 507 508 573
3 507 573 572
3 508 509 574
3 508 574 573
3 509 510 575
3 509 575 574
3 510 511 576
3 510 576 575
3 511 512 577
3 511 577 576
3 512 513 578
3 512 578 577
3 513 514 579
3 513 579 578
3 514 515 580
3 514 580 579
3 515 516 581
3 515 581 580
3 516 517 582
3 516 582 581
3 517 518 583
3 517 583 582
3 518 519 584
3 518 584 583
3 520 521 586
3 520 586 585
3 521 522 587
3 521 587 586
3 522 523 588
3 522 588 587
3 523 524 589
3 523 589 588
3 524 525 590
3 524 590 589
3 525 526 591
3 525 591 590
3 526 527 592
3 526 592 591
3 527 528 593
3 527 593 592
3 528 529 594
3 528 594 593
3 529 530 595
3 529 595 594
3 530 531 596
3 530 596 595
3 531 532 597
3 531 597 596
3 532 533 598
3 532 598 597
3 533 534 599
3 533 599 598
3 534 535 600
3 534 600 599
3 535 536 601
3 535 601 600
3 536 537 602
3 536 602 601
3 537 538 603
3 537 603 602
3 538 539 604
3 538 604 603
3 539 540 605
3 539 605 604
3 540 541 606
3 540 606 605
3 541 542 607
3 541 607 606
3 542 543 608
3 542 608 607
3 543 544 609
3 543 609 608
3 544 545 610
3 544 610 609
3 545 546 611
3 545 611 610
3 546 547 612
3 546 612 611
3 547 548 613
3 547 613 612
3 548 549 614
3 548 614 613
3 549 550 615
3 549 615 614
3 550 551 616
3 550 616 615
3 551 552 617
3 551 617 616
3 552 553 618
3 552 618 617
3 553 554 619
3 553 619 618
3 554 555 620
3 554 620 619
3 555 556 621
3 555 621 620
3 556 557 622
3 556 622 621
3 557 558 623
3 557 623 622
3 558 559 624
3 558 624 623
3 559 560 625
3 559 625 624
3 560 561 626
3 560 626 625
3 561 562 627
3 561 627 626
3 562 563 628
3 562 628 627
3 563 564 629
3 563 629 628
3 564 565 630
3 564 630 629
3 565 566 631
3 565 631 630
3 566 567 632
3 566 632 631
3 567 568 633
3 567 633 632
3 568 569 634
3 568 634 633
3 569 570 635
3 569 635 634
3 570 571 636
3 570 636 635
3 571 572 637
3 571 637 636
3 572 573 638
3 572 638 637
3 573 574 639
3 573 639 638
3 574 575 640
3 574 640 639
3 575 576 641
3 575 641 640
3 576 577 642
3 576 642 641
3 577 578 643
3 577 643 642
3 578 579 644
3 578 644 643
3 579 580 645
3 579 645 644
3 580 581 646
3 580 646 645
3 581 582 647
3 581 647 646
3 582 583 648
3 582 648 647
3 583 584 649
3 583 649 648
3 585 586 651
3 585 651 650
3 586 587 652
3 586 652 651
3 587 588 653
3 587 653 652
3 588 589 654
3 588 654 653
3 589 590 655
3 589 655 654
3 590 591 656
3 590 656 655
3 591 592 657
3 591 657 656
3 592 593 658
3 592 658 657
3 593 594 659
3 593 659 658
3 594 595 660
3 594 660 659
3 595 596 661
3 595 661 660
3 596 597 662
3 596 662 661
3 597 598 663
3 597 663 662
3 598 599 664
3 598 664 663
3 599 600 665
3 599 665 664
3 600 601 666
3 600 666 665
3 601 602 667
3 601 667 666
3 602 603 668
3 602 668 667
3 603 604 669
3 603 669 668
3 604 605 670
3 604 670 669
3 605 606 671
3 605 671 670
3 606 607 672
3 606 672 671
3 607 608 673
3 607 673 672
3 608 609 674
3 608 674 673
3 609 610 675
3 609 675 674
3 610 611 676
3 610 676 675
3 611 612 677
3 611 677 676
3 612 613 678
3 612 678 677
3 613 614 679
3 613 679 678
3 614 615 680
3 614 680 679
3 615 616 681
3 615 681 680
3 616 617 682
3 616 682 681
3 617 618 683
3 617 683 682
3 618 619 684
3 618 684 683
3 619 620 685
3 619 685 684
3 620 621 686
3 620 686 685
3 621 622 687
3 621 687 686
3 622 623 688
3 622 688 687
3 623 624 689
3 623 689 688
3 624 625 690
3 624 690 689
3 625 626 691
3 625 691 690
3 626 627 692
3 626 692 691
3 627 628 693
3 627 693 692
3 628 629 694
3 628 694 693
3 629 630 695
3 629 695 694
3 630 631 696
3 630 696 695
3 631 632 697
3 631 697 696
3 632 633 698
3 632 698 697
3 633 634 699
3 633 699 698
3 634 635 700
3 634 700 699
3 635 636 701
3 635 701 700
3 636 637 702
3 636 702 701
3 637 638 703
3 637 703 702
3 638 639 704
3 638 704 703
3 639 640 705
3 639 705 704
3 640 641 706
3 640 706 705
3 641 642 707
3 641 707 706
3 642 643 708
3 642 708 707
3 643 644 709
3 643 709 708
3 644 645 710
3 644 710 709
3 645 646 711
3 645 711 710
3 646 647 712
3 646 712 711
3 647 648 713
3 647 713 712
3 648 649 714
3 648 714 713
3 650 651 716
3 650 716 715
3 651 652 717
3 651 717 716
3 652 653 718
3 652 718 717
3 653 654 719
3 653 719 718
3 654 655 720
3 654 720 719
3 655 656 721
3 655 721 720
3 656 657 722
3 656 722 721
3 657 658 723
3 657 723 722
3 658 659 724
3 658 724 723
3 659 660 725
3 659 725 724
3 660 661 726
3 660 726 725
3 661 662 727
3 661 727 726
3 662 663 728
3 662 728 727
3 663 664 729
3 663 729 728
3 664 665 730
3 664 730 729
3 665 666 731
3 665 731 730
3 666 667 732
3 666 732 731
3 667 668 733
3 667 733 732
3 668 669 734
3 668 734 733
3 669 670 735
3 669 735 734
3 670 671 736
3 670 736 735
3 671 672 737
3 671 737 736
3 672 673 738
3 672 738 737
3 673 674 739
3 673 739 738
3 674 675 740
3 674 740 739
3 675 676 741
3 675 741 740
3 676 677 742
3 676 742 741
3 677 678 743
3 677 743 742
3 678 679 744
3 678 744 743
3 679 680 745
3 679 745 744
3 680 681 746
3 680 746 745
3 681 682 747
3 681 747 746
3 682 683 748
3 682 748 747
3 683 684 749
3 683 749 748
3 684 685 750
3 684 750 749
3 685 686 751
3 685 751 750
3 686 687 752
3 686 752 751
3 687 688 753
3 687 753 752
3 688 689 754
3 688 754 753
3 689 690 755
3 689 755 754
3 690 691 756
3 690 756 755
3 691 692 757
3 691 757 756
3 692 693 758
3 692 758 757
3 693 694 759
3 693 759 758
3 694 695 760
3 694 760 759
3 695 696 761
3 695 761 760
3 696 697 762
3 696 762 761
3 697 698 763
3 697 763 762
3 698 699 764
3 698 764 763
3 699 700 765
3 699 765 764
3 700 701 766
3 700 766 765
3 701 702 767
3 701 767 766
3 702 703 768
3 702 768 767
3 703 704 769
3 703 769 768
3 704 705 770
3 704 770 769
3 705 706 771
3 705 771 770
3 706 707 772
3 706 772 771
3 707 708 773
3 707 773 772
3 708 709 774
3 708 774 773
3 709 710 775
3 709 775 774
3 710 711 776
3 710 776 775
3 711 712 777
3 711 777 776
3 712 713 778
3 712 778 777
3 713 714 779
3 713 779 778
3 715 716 781
3 715 781 780
3 716 717 782
3 716 782 781
3 717 718 783
3 717 783 782
3 718 719 784
3 718 784 783
3 719 720 785
3 719 785 784
3 720 721 786
3 720 786 785
3 721 722 787
3 721 787 786
3 722 723 788
3 722 788 787
3 723 724 789
3 723 789 788
3 724 725 790
3 724 790 789
3 725 726 791
3 725 791 790
3 726 727 792
3 726 792 791
3 727 728 793
3 727 793 792
3 728 729 794
3 728 794 793
3 729 730 795
3 729 795 794
3 730 731 796
3 730 796 795
3 731 732 797
3 731 797 796
3 732 733 798
3 732 798 797
3 733 734 799
3 733 799 798
3 734 735 800
3 734 800 799
3 735 736 801
3 735 801 800
3 736 737 802
3 736 802 801
3 737 738 803
3 737 803 802
3 738 739 804
3 738 804 803
3 739 740 805
3 739 805 804
3 740 741 806
3 740 806 805
3 741 742 807
3 741 807 806
3 742 743 808
3 742 808 807
3 743 744 809
3 743 809 808
3 744 745 810
3 744 810 809
3 745 746 811
3 745 811 810
3 746 747 812
3 746 812 811
3 747 748 813
3 747 813 812
3 748 749 814
3 748 814 813
3 749 750 815
3 749 815 814
3 750 751 816
3 750 816 815
3 751 752 817
3 751 817 816
3 752 753 818
3 752 818 817
3 753 754 819
3 753 819 818
3 754 755 820
3 754 820 819
3 755 756 821
3 755 821 820
3 756 757 822
3 756 822 821
3 757 758 823
3 757 823 822
3 758 759 824
3 758 824 823
3 759 760 825
3 759 825 824
3 760 761 826
3 760 826 825
3 761 762 827
3 761 827 826
3 762 763 828
3 762 828 827
3 763 764 829
3 763 829 828
3 764 765 830
3 764 830 829
3 765 766 831
3 765 831 830
3 766 767 832
3 766 832 831
3 767 768 833
3 767 833 832
3 768 769 834
3 768 834 833
3 769 770 835
3 769 835 834
3 770 771 836
3 770 836 835
3 771 772 837
3 771 837 836
3 772 773 838
3 772 838 837
3 773 774 839
3 773 839 838
3 774 775 840
3 774 840 839
3 775 776 841
3 775 841 840
3 776 777 842
3 776 842 841
3 777 778 843
3 777 843 842
3 778 779 844
3 778 844 843
3 780 781 846
3 780 846 845
3 781 782 847
3 781 847 846
3 782 783 848
3 782 848 847
3 783 784 849
3 783 849 848
3 784 785 850
3 784 850 849
3 785 786 851
3 785 851 850
3 786 787 852
3 786 852 851
3 787 788 853
3 787 853 852
3 788 789 854
3 788 854 853
3 789 790 855
3 789 855 854
3 790 791 856
3 790 856 855
3 791 792 857
3 791 857 856
3 792 793 858
3 792 858 857
3 793 794 859
3 793 859 858
3 794 795 860
3 794 860 859
3 795 796 861
3 795 861 860
3 796 797 862
3 796 862 861
3 797 798 863
3 797 863 862
3 798 799 864
3 798 864 863
3 799 800 865
3 799 865 864
3 800 801 866
3 800 866 865
3 801 802 867
3 801 867 866
3 802 803 868
3 802 868 867
3 803 804 869
3 803 869 868
3 804 805 870
3 804 870 869
3 805 806 871
3 805 871 870
3 806 807 872
3 806 872 871
3 807 808 873
3 807 873 872
3 808 809 874
3 808 874 873
3 809 810 875
3 809 875 874
3 810 811 876
3 810 876 875
3 811 812 877
3 811 877 876
3 812 813 878
3 812 878 877
3 813 814 879
3 813 879 878
3 814 815 880
3 814 880 879
3 815 816 881
3 815 881 880
3 816 817 882
3 816 882 881
3 817 818 883
3 817 883 882
3 818 819 884
3 818 884 883
3 819 820 885
3 819 885 884
3 820 821 886
3 820 886 885
3 821 822 887
3 821 887 886
3 822 823 888
3 822 888 887
3 823 824 889
3 823 889 888
3 824 825 890
3 824 890 889
3 825 826 891
3 825 891 890
3 826 827 892
3 826 892 891
3 827 828 893
3 827 893 892
3 828 829 894
3 828 894 893
3 829 830 895
3 829 895 894
3 830 831 896
3 830 896 895
3 831 832 897
3 831 897 896
3 832 833 898
3 832 898 897
3 833 834 899
3 833 899 898
3 834 835 900
3 834 900 899
3 835 836 901
3 835 901 900
3 836 837 902
3 836 902 901
3 837 838 903
3 837 903 902
3 838 839 904
3 838 904 903
3 839 840 905
3 839 905 904
3 840 841 906
3 840 906 905
3 841 842 907
3 841 907 906
3 842 843 908
3 842 908 907
3 843 844 909
3 843 909 908
3 845 846 911
3 845 911 910
3 846 847 912
3 846 912 911
3 847 848 913
3 847 913 912
3 848 849 914
3 848 914 913
3 849 850 915
3 849 915 914
3 850 851 916
3 850 916 915
3 851 852 917
3 851 917 916
3 852 853 918
3 852 918 917
3 853 854 919
3 853 919 918
3 854 855 920
3 854 920 919
3 855 856 921
3 855 921 920
3 856 857 922
3 856 922 921
3 857 858 923
3 857 923 922
3 858 859 924
3 858 924 923
3 859 860 925
3 859 925 924
3 860 861 926
3 860 926 925
3 861 862 927
3 861 927 926
3 862 863 928
3 862 928 927
3 863 864 929
3 863 929 928
3 864 865 930
3 864 930 929
3 865 866 931
3 865 931 930
3 866 867 932
3 866 932 931
3 867 868 933
3 867 933 932
3 868 869 934
3 868 934 933
3 869 870 935
3 869 935 934
3 870 871 936
3 870 936 935
3 871 872 937
3 871 937 936
3 872 873 938
3 872 938 937
3 873 874 939
3 873 939 938
3 874 875 940
3 874 940 939
3 875 876 941
3 875 941 940
3 876 877 942
3 876 942 941
3 877 878 943
3 877 943 942
3 878 879 944
3 878 944 943
3 879 880 945
3 879 945 944
3 880 881 946
3 880 946 945
3 881 882 947
3 881 947 946
3 882 883 948
3 882 948 947
3 883 884 949
3 883 949 948
3 884 885 950
3 884 950 949
3 885 886 951
3 885 951 950
3 886 887 952
3 886 952 951
3 887 888 953
3 887 953 952
3 888 889 954
3 888 954 953
3 889 890 955
3 889 955 954
3 890 891 956
3 890 956 955
3 891 892 957
3 891 957 956
3 892 893 958
3 892 958 957
3 893 894 959
3 893 959 958
3 894 895 960
3 894 960 959
3 895 896 961
3 895 961 960
3 896 897 962
3 896 962 961
3 897 898 963
3 897 963 962
3 898 899 964
3 898 964 963
3 899 900 965
3 899 965 964
3 900 901 966
3 900 966 965
3 901 902 967
3 901 967 966
3 902 903 968
3 902 968 967
3 903 904 969
3 903 969 968
3 904 905 970
3 904 970 969
3 905 906 971
3 905 971 970
3 906 907 972
3 906 972 971
3 907 908 973
3 907 973 972
3 908 909 974
3 908 974 973
3 910 911 976
3 910 976 975
3 911 912 977
3 911 977 976
3 912 913 978
3 912 978 977
3 913 914 979
3 913 979 978
3 914 915 980
3 914 980 979
3 915 916 981
3 915 981 980
3 916 917 982
3 916 982 981
3 917 918 983
3 917 983 982
3 918 919 984
3 918 984 983
3 919 920 985
3 919 985 984
3 920 921 986
3 920 986 985
3 921 922 987
3 921 987 986
3 922 923 988
3 922 988 987
3 923 924 989
3 923 989 988
3 924 925 990
3 924 990 989
3 925 926 991
3 925 991 990
3 926 927 992
3 926 992 991
3 927 928 993
3 927 993 992
3 928 929 994
3 928 994 993
3 929 930 995
3 929 995 994
3 930 931 996
3 930 996 995
3 931 932 997
3 931 997 996
3 932 933 998
3 932 998 997
3 933 934 999
3 933 999 998
3 934 935 1000
3 934 1000 999
3 935 936 1001
3 935 1001 1000
3 936 937 1002
3 936 1002 1001
3 937 938 1003
3 937 1003 1002
3 938 939 1004
3 938 1004 1003
3 939 940 1005
3 939 1005 1004
3 940 941 1006
3 940 1006 1005
3 941 942 1007
3 941 1007 1006
3 942 943 1008
3 942 1008 1007
3 943 944 1009
3 943 1009 1008
3 944 945 1010
3 944 1010 1009
3 945 946 1011
3 945 1011 1010
3 946 947 1012
3 946 1012 1011
3 947 948 1013
3 947 1013 1012
3 948 949 1014
3 948 1014 1013
3 949 950 1015
3 949 1015 1014
3 950 951 1016
3 950 1016 1015
3 951 952 1017
3 951 1017 1016
3 952 953 1018
3 952 1018 1017
3 953 954 1019
3 953 1019 1018
3 954 955 1020
3 954 1020 1019
3 955 956 1021
3 955 1021 1020
3 956 957 1022
3 956 1022 1021
3 957 958 1023
3 957 1023 1022
3 958 959 1024
3 958 1024 1023
3 959 960 1025
3 959 1025 1024
3 960 961 1026
3 960 1026 1025
3 961 962 1027
3 961 1027 1026
3 962 963 1028
3 962 1028 1027
3 963 964 1029
3 963 1029 1028
3 964 965 1030
3 964 1030 1029
3 965 966 1031
3 965 1031 1030
3 966 967 1032
3 966 1032 1031
3 967 968 1033
3 967 1033 1032
3 968 969 1034
3 968 1034 1033
3 969 970 1035
3 969 1035 1034
3 970 971 1036
3 970 1036 1035
3 971 972 1037
3 971 1037 1036
3 972 973 1038
3 972 1038 1037
3 973 974 1039
3 973 1039 1038
3 975 976 1041
3 975 1041 1040
3 976 977 1042
3 976 1042 1041
3 977 978 1043
3 977 1043 1042
3 978 979 1044
3 978 1044 1043
3 979 980 1045
3 979 1045 1044
3 980 981 1046
3 980 1046 1045
3 981 982 1047
3 981 1047 1046
3 982 983 1048
3 982 1048 1047
3 983 984 1049
3 983 1049 1048
3 984 985 1050
3 984 1050 1049
3 985 986 1051
3 985 1051 1050
3 986 987 1052
3 986 1052 1051
3 987 988 1053
3 987 1053 1052
3 988 989 1054
3 988 1054 1053
3 989 990 1055
3 989 1055 1054
3 990 991 1056
3 990 1056 1055
3 991 992 1057
3 991 1057 1056
3 992 993 1058
3 992 1058 1057
3 993 994 1059
3 993 1059 1058
3 994 995 1060
3 994 1060 1059
3 995 996 1061
3 995 1061 1060
3 996 997 1062
3 996 1062 1061
3 997 998 1063
3 997 1063 1062
3 998 999 1064
3 998 1064 1063
3 999 1000 1065
3 999 1065 1064
3 1000 1001 1066
3 1000 1066 1065
3 1001 1002 1067
3 1001 1067 1066
3 1002 1003 1068
3 1002 1068 1067
3 1003 1004 1069
3 1003 1069 1068
3 1004 1005 1070
3 1004 1070 1069
3 1005 1006 1071
3 1005 1071 1070
3 1006 1007 1072
3 1006 1072 1071
3 1007 1008 1073
3 1007 1073 1072
3 1008 1009 1074
3 1008 1074 1073
3 1009 1010 1075
3 1009 1075 1074
3 1010 1011 1076
3 1010 1076 1075
3 1011 1012 1077
3 1011 1077 1076
3 1012 1013 1078
3 1012 1078 1077
3 1013 1014 1079
3 1013 1079 1078
3 1014 1015 1080
3 1014 1080 1079
3 1015 1016 1081
3 1015 1081 1080
3 1016 1017 1082
3 1016 1082 1081
3 1017 1018 1083
3 1017 1083 1082
3 1018 1019 1084
3 1018 1084 1083
3 1019 1020 1085
3 1019 1085 1084
3 1020 1021 1086
3 1020 1086 1085
3 1021 1022 1087
3 1021 1087 1086
3 1022 1023 1088
3 1022 1088 1087
3 1023 1024 1089
3 1023 1089 1088
3 1024 1025 1090
3 1024 1090 1089
3 1025 1026 1091
3 1025 1091 1090
3 1026 1027 1092
3 1026 1092 1091
3 1027 1028 1093
3 1027 1093 1092
3 1028 1029 1094
3 1028 1094 1093
3 1029 1030 1095
3 1029 1095 1094
3 1030 1031 1096
3 1030 1096 1095
3 1031 1032 1097
3 1031 1097 1096
3 1032 1033 1098
3 1032 1098 1097
3 1033 1034 1099
3 1033 1099 1098
3 1034 1035 1100
3 1034 1100 1099
3 1035 1036 1101
3 1035 1101 1100
3 1036 1037 1102
3 1036 1102 1101
3 1037 1038 1103
3 1037 1103 1102
3 1038 1039 1104
3 1038 1104 1103
3 1040 1041 1106
3 1040 1106 1105
3 1041 1042 1107
3 1041 1107 1106
3 1042 1043 1108
3 1042 1108 1107
3 1043 1044 1109
3 1043 1109 1108
3 1044 1045 1110
3 1044 1110 1109
3 1045 1046 1111
3 1045 1111 1110
3 1046 1047 1112
3 1046 1112 1111
3 1047 1048 1113
3 1047 1113 1112
3 1048 1049 1114
3 1048 1114 1113
3 1049 1050 1115
3 1049 1115 1114
3 1050 1051 1116
3 1050 1116 1115
3 1051 1052 1117
3 1051 1117 1116
3 1052 1053 1118
3 1052 1118 1117
3 1053 1054 1119
3 1053 1119 1118
3 1054 1055 1120
3 1054 1120 1119
3 1055 1056 1121
3 1055 1121 1120
3 1056 1057 1122
3 1056 1122 1121
3 1057 1058 1123
3 1057 1123 1122
3 1058 1059 1124
3 1058 1124 1123
3 1059 1060 1125
3 1059 1125 1124
3 1060 1061 1126
3 1060 1126 1125
3 1061 1062 1127
3 1061 1127 1126
3 1062 1063 1128
3 1062 1128 1127
3 1063 1064 1129
3 1063 1129 1128
3 1064 1065 1130
3 1064 1130 1129
3 1065 1066 1131
3 1065 1131 1130
3 1066 1067 1132
3 1066 1132 1131
3 1067 1068 1133
3 1067 1133 1132
3 1068 1069 1134
3 1068 1134 1133
3 1069 1070 1135
3 1069 1135 1134
3 1070 1071 1136
3 1070 1136 1135
3 1071 1072 1137
3 1071 1137 1136
3 1072 1073 1138
3 1072 1138 1137
3 1073 1074 1139
3 1073 1139 1138
3 1074 1075 1140
3 1074 1140 1139
3 1075 1076 1141
3 1075 1141 1140
3 1076 1077 1142
3 1076 1142 1141
3 1077 1078 1143
3 1077 1143 1142
3 1078 1079 1144
3 1078 1144 1143
3 1079 1080 1145
3 1079 1145 1144
3 1080 1081 1146
3 1080 1146 1145
3 1081 1082 1147
3 1081 1147 1146
3 1082 1083 1148
3 1082 1148 1147
3 1083 1084 1149
3 1083 1149 1148
3 1084 1085 1150
3 1084 1150 1149
3 1085 1086 1151
3 1085 1151 1150
3 1086 1087 1152
3 1086 1152 1151
3 1087 1088 1153
3 1087 1153 1152
3 1088 1089 1154
3 1088 1154 1153
3 1089 1090 1155
3 1089 1155 1154
3 1090 1091 1156
3 1090 1156 1155
3 1091 1092 1157
3 1091 1157 1156
3 1092 1093 1158
3 1092 1158 1157
3 1093 1094 1159
3 1093 1159 1158
3 1094 1095 1160
3 1094 1160 1159
3 1095 1096 1161
3 1095 1161 1160
3 1096 1097 1162
3 1096 1162 1161
3 1097 1098 1163
3 1097 1163 1162
3 1098 1099 1164
3 1098 1164 1163
3 1099 1100 1165
3 1099 1165 1164
3 1100 1101 1166
3 1100 1166 1165
3 1101 1102 1167
3 1101 1167 1166
3 1102 1103 1168
3 1102 1168 1167
3 1103 1104 1169
3 1103 1169 1168
3 1105 1106 1171
3 1105 1171 1170
3 1106 1107 1172
3 1106 1172 1171
3 1107 1108 1173
3 1107 1173 1172
3 1108 1109 1174
3 1108 1174 1173
3 1109 1110 1175
3 1109 1175 1174
3 1110 1111 1176
3 1110 1176 1175
3 1111 1112 1177
3 1111 1177 1176
3 1112 1113 1178
3 1112 1178 1177
3 1113 1114 1179
3 1113 1179 1178
3 1114 1115 1180
3 1114 1180 1179
3 1115 1116 1181
3 1115 1181 1180
3 1116 1117 1182
3 1116 1182 1181
3 1117 1118 1183
3 1117 1183 1182
3 1118 1119 1184
3 1118 1184 1183
3 1119 1120 1185
3 1119 1185 1184
3 1120 1121 1186
3 1120 1186 1185
3 1121 1122 1187
3 1121 1187 1186
3 1122 1123 1188
3 1122 1188 1187
3 1123 1124 1189
3 1123 1189 1188
3 1124 1125 1190
3 1124 1190 1189
3 1125 1126 1191
3 1125 1191 1190
3 1126 1127 1192
3 1126 1192 1191
3 1127 1128 1193
3 1127 1193 1192
3 1128 1129 1194
3 1128 1194 1193
3 1129 1130 1195
3 1129 1195 1194
3 1130 1131 1196
3 1130 1196 1195
3 1131 1132 1197
3 1131 1197 1196
3 1132 1133 1198
3 1132 1198 1197
3 1133 1134 1199
3 1133 1199 1198
3 1134 1135 1200
3 1134 1200 1199
3 1135 1136 1201
3 1135 1201 1200
3 1136 1137 1202
3 1136 1202 1201
3 1137 1138 1203
3 1137 1203 1202
3 1138 1139 1204
3 1138 1204 1203
3 1139 1140 1205
3 1139 1205 1204
3 1140 1141 1206
3 1140 1206 1205
3 1141 1142 1207
3 1141 1207 1206
3 1142 1143 1208
3 1142 1208 1207
3 1143 1144 1209
3 1143 1209 1208
3 1144 1145 1210
3 1144 1210 1209
3 1145 1146 1211
3 1145 1211 1210
3 1146 1147 1212
3 1146 1212 1211
3 1147 1148 1213
3 1147 1213 1212
3 1148 1149 1214
3 1148 1214 1213
3 1149 1150 1215
3 1149 1215 1214
3 1150 1151 1216
3 1150 1216 1215
3 1151 1152 1217
3 1151 1217 1216
3 1152 1153 1218
3 1152 1218 1217
3 1153 1154 1219
3 1153 1219 1218
3 1154 1155 1220
3 1154 1220 1219
3 1155 1156 1221
3 1155 1221 1220
3 1156 1157 1222
3 1156 1222 1221
3 1157 1158 1223
3 1157 1223 1222
3 1158 1159 1224
3 1158 1224 1223
3 1159 1160 1225
3 1159 1225 1224
3 1160 1161 1226
3 1160 1226 1225
3 1161 1162 1227
3 1161 1227 1226
3 1162 1163 1228
3 1162 1228 1227
3 1163 1164 1229
3 1163 1229 1228
3 1164 1165 1230
3 1164 1230 1229
3 1165 1166 1231
3 1165 1231 1230
3 1166 1167 1232
3 1166 1232 1231
3 1167 1168 1233
3 1167 1233 1232
3 1168 1169 1234
3 1168 1234 1233
3 1170 1171 1236
3 1170 1236 1235
3 1171 1172 1237
3 1171 1237 1236
3 1172 1173 1238
3 1172 1238 1237
3 1173 1174 1239
3 1173 1239 1238
3 1174 1175 1240
3 1174 1240 1239
3 1175 1176 1241
3 1175 1241 1240
3 1176 1177 1242
3 1176 1242 1241
3 1177 1178 1243
3 1177 1243 1242
3 1178 1179 1244
3 1178 1244 1243
3 1179 1180 1245
3 1179 1245 1244
3 1180 1181 1246
3 1180 1246 1245
3 1181 1182 1247
3 1181 1247 1246
3 1182 1183 1248
3 1182 1248 1247
3 1183 1184 1249
3 1183 1249 1248
3 1184 1185 1250
3 1184 1250 1249
3 1185 1186 1251
3 1185 1251 1250
3 1186 1187 1252
3 1186 1252 1251
3 1187 1188 1253
3 1187 1253 1252
3 1188 1189 1254
3 1188 1254 1253
3 1189 1190 1255
3 1189 1255 1254
3 1190 1191 1256
3 1190 1256 1255
3 1191 1192 1257
3 1191 1257 1256
3 1192 1193 1258
3 1192 1258 1257
3 1193 1194 1259
3 1193 1259 1258
3 1194 1195 1260
3 1194 1260 1259
3 1195 1196 1261
3 1195 1261 1260
3 1196 1197 1262
3 1196 1262 1261
3 1197 1198 1263
3 1197 1263 1262
3 1198 1199 1264
3 1198 1264 1263
3 1199 1200 1265
3 1199 1265 1264
3 1200 1201 1266
3 1200 1266 1265
3 1201 1202 1267
3 1201 1267 1266
3 1202 1203 1268
3 1202 1268 1267
3 1203 1204 1269
3 1203 1269 1268
3 1204 1205 1270
3 1204 1270 1269
3 1205 1206 1271
3 1205 1271 1270
3 1206 1207 1272
3 1206 1272 1271
3 1207 1208 1273
3 1207 1273 1272
3 1208 1209 1274
3 1208 1274 1273
3 1209 1210 1275
3 1209 1275 1274
3 1210 1211 1276
3 1210 1276 1275
3 1211 1212 1277
3 1211 1277 1276
3 1212 1213 1278
3 1212 1278 1277
3 1213 1214 1279
3 1213 1279 1278
3 1214 1215 1280
3 1214 1280 1279
3 1215 1216 1281
3 1215 1281 1280
3 1216 1217 1282
3 1216 1282 1281
3 1217 1218 1283
3 1217 1283 1282
3 1218 1219 1284
3 1218 1284 1283
3 1219 1220 1285
3 1219 1285 1284
3 1220 1221 1286
3 1220 1286 1285
3 1221 1222 1287
3 1221 1287 1286
3 1222 1223 1288
3 1222 1288 1287
3 1223 1224 1289
3 1223 1289 1288
3 1224 1225 1290
3 1224 1290 1289
3 1225 1226 1291
3 1225 1291 1290
3 1226 1227 1292
3 1226 1292 1291
3 1227 1228 1293
3 1227 1293 1292
3 1228 1229 1294
3 1228 1294 1293
3 1229 1230 1295
3 1229 1295 1294
3 1230 1231 1296
3 1230 1296 1295
3 1231 1232 1297
3 1231 1297 1296
3 1232 1233 1298
3 1232 1298 1297
3 1233 1234 1299
3 1233 1299 1298
3 1235 1236 1301
3 1235 1301 1300
3 1236 1237 1302
3 1236 1302 1301
3 1237 1238 1303
3 1237 1303 1302
3 1238 1239 1304
3 1238 1304 1303
3 1239 1240 1305
3 1239 1305 1304
3 1240 1241 1306
3 1240 1306 1305
3 1241 1242 1307
3 1241 1307 1306
3 1242 1243 1308
3 1242 1308 1307
3 1243 1244 1309
3 1243 1309 1308
3 1244 1245 1310
3 1244 1310 1309
3 1245 1246 1311
3 1245 1311 1310
3 1246 1247 1312
3 1246 1312 1311
3 1247 1248 1313
3 1247 1313 1312
3 1248 1249 1314
3 1248 1314 1313
3 1249 1250 1315
3 1249 1315 1314
3 1250 1251 1316
3 1250 1316 1315
3 1251 1252 1317
3 1251 1317 1316
3 1252 1253 1318
3 1252 1318 1317
3 1253 1254 1319
3 1253 1319 1318
3 1254 1255 1320
3 1254 1320 1319
3 1255 1256 1321
3 1255 1321 1320
3 1256 1257 1322
3 1256 1322 1321
3 1257 1258 1323
3 1257 1323 1322
3 1258 1259 1324
3 1258 1324 1323
3 1259 1260 1325
3 1259 1325 1324
3 1260 1261 1326
3 1260 1326 1325
3 1261 1262 1327
3 1261 1327 1326
3 1262 1263 1328
3 1262 1328 1327
3 1263 1264 1329
3 1263 1329 1328
3 1264 1265 1330
3 1264 1330 1329
3 1265 1266 1331
3 1265 1331 1330
3 1266 1267 1332
3 1266 1332 1331
3 1267 1268 1333
3 1267 1333 1332
3 1268 1269 1334
3 1268 1334 1333
3 1269 1270 1335
3 1269 1335 1334
3 1270 1271 1336
3 1270 1336 1335
3 1271 1272 1337
3 1271 1337 1336
3 1272 1273 1338
3 1272 1338 1337
3 1273 1274 1339
3 1273 1339 1338
3 1274 1275 1340
3 1274 1340 1339
3 1275 1276 1341
3 1275 1341 1340
3 1276 1277 1342
3 1276 1342 1341
3 1277 1278 1343
3 1277 1343 1342
3 1278 1279 1344
3 1278 1344 1343
3 1279 1280 1345
3 1279 1345 1344
3 1280 1281 1346
3 1280 1346 1345
3 1281 1282 1347
3 1281 1347 1346
3 1282 1283 1348
3 1282 1348 1347
3 1283 1284 1349
3 1283 1349 1348
3 1284 1285 1350
3 1284 1350 1349
3 1285 1286 1351
3 1285 1351 1350
3 1286 1287 1352
3 1286 1352 1351
3 1287 1288 1353
3 1287 1353 1352
3 1288 1289 1354
3 1288 1354 1353
3 1289 1290 1355
3 1289 1355 1354
3 1290 1291 1356
3 1290 1356 1355
3 1291 1292 1357
3 1291 1357 1356
3 1292 1293 1358
3 1292 1358 1357
3 1293 1294 1359
3 1293 1359 1358
3 1294 1295 1360
3 1294 1360 1359
3 1295 1296 1361
3 1295 1361 1360
3 1296 1297 1362
3 1296 1362 1361
3 1297 1298 1363
3 1297 1363 1362
3 1298 1299 1364
3 1298 1364 1363
3 1300 1301 1366
3 1300 1366 1365
3 1301 1302 1367
3 1301 1367 1366
3 1302 1303 1368
3 1302 1368 1367
3 1303 1304 1369
3 1303 1369 1368
3 1304 1305 1370
3 1304 1370 1369
3 1305 1306 1371
3 1305 1371 1370
3 1306 1307 1372
3 1306 1372 1371
3 1307 1308 1373
3 1307 1373 1372
3 1308 1309 1374
3 1308 1374 1373
3 1309 1310 1375
3 1309 1375 1374
3 1310 1311 1376
3 1310 1376 1375
3 1311 1312 1377
3 1311 1377 1376
3 1312 1313 1378
3 1312 1378 1377
3 1313 1314 1379
3 1313 1379 1378
3 1314 1315 1380
3 1314 1380 1379
3 1315 1316 1381
3 1315 1381 1380
3 1316 1317 1382
3 1316 1382 1381
3 1317 1318 1383
3 1317 1383 1382
3 1318 1319 1384
3 1318 1384 1383
3 1319 1320 1385
3 1319 1385 1384
3 1320 1321 1386
3 1320 1386 1385
3 1321 1322 1387
3 1321 1387 1386
3 1322 1323 1388
3 1322 1388 1387
3 1323 1324 1389
3 1323 1389 1388
3 1324 1325 1390
3 1324 1390 1389
3 1325 1326 1391
3 1325 1391 1390
3 1326 1327 1392
3 1326 1392 1391
3 1327 1328 1393
3 1327 1393 1392
3 1328 1329 1394
3 1328 1394 1393
3 1329 1330 1395
3 1329 1395 1394
3 1330 1331 1396
3 1330 1396 1395
3 1331 1332 1397
3 1331 1397 1396
3 1332 1333 1398
3 1332 1398 1397
3 1333 1334 1399
3 1333 1399 1398
3 1334 1335 1400
3 1334 1400 1399
3 1335 1336 1401
3 1335 1401 1400
3 1336 1337 1402
3 1336 1402 1401
3 1337 1338 1403
3 1337 1403 1402
3 1338 1339 1404
3 1338 1404 1403
3 1339 1340 1405
3 1339 1405 1404
3 1340 1341 1406
3 1340 1406 1405
3 1341 1342 1407
3 1341 1407 1406
3 1342 1343 1408
3 1342 1408 1407
3 1343 1344 1409
3 1343 1409 1408
3 1344 1345 1410
3 1344 1410 1409
3 1345 1346 1411
3 1345 1411 1410
3 1346 1347 1412
3 1346 1412 1411
3 1347 1348 1413
3 1347 1413 1412
3 1348 1349 1414
3 1348 1414 1413
3 1349 1350 1415
3 1349 1415 1414
3 1350 1351 1416
3 1350 1416 1415
3 1351 1352 1417
3 1351 1417 1416
3 1352 1353 1418
3 1352 1418 1417
3 1353 1354 1419
3 1353 1419 1418
3 1354 1355 1420
3 1354 1420 1419
3 1355 1356 1421
3 1355 1421 1420
3 1356 1357 1422
3 1356 1422 1421
3 1357 1358 1423
3 1357 1423 1422
3 1358 1359 1424
3 1358 1424 1423
3 1359 1360 1425
3 1359 1425 1424
3 1360 1361 1426
3 1360 1426 1425
3 1361 1362 1427
3 1361 1427 1426
3 1362 1363 1428
3 1362 1428 1427
3 1363 1364 1429
3 1363 1429 1428
3 1365 1366 1431
3 1365 1431 1430
3 1366 1367 1432
3 1366 1432 1431
3 1367 1368 1433
3 1367 1433 1432
3 1368 1369 1434
3 1368 1434 1433
3 1369 1370 1435
3 1369 1435 1434
3 1370 1371 1436
3 1370 1436 1435
3 1371 1372 1437
3 1371 1437 1436
3 1372 1373 1438
3 1372 1438 1437
3 1373 1374 1439
3 1373 1439 1438
3 1374 1375 1440
3 1374 1440 1439
3 1375 1376 1441
3 1375 1441 1440
3 1376 1377 1442
3 1376 1442 1441
3 1377 1378 1443
3 1377 1443 1442
3 1378 1379 1444
3 1378 1444 1443
3 1379 1380 1445
3 1379 1445 1444
3 1380 1381 1446
3 1380 1446 1445
3 1381 1382 1447
3 1381 1447 1446
3 1382 1383 1448
3 1382 1448 1447
3 1383 1384 1449
3 1383 1449 1448
3 1384 1385 1450
3 1384 1450 1449
3 1385 1386 1451
3 1385 1451 1450
3 1386 1387 1452
3 1386 1452 1451
3 1387 1388 1453
3 1387 1453 1452
3 1388 1389 1454
3 1388 1454 1453
3 1389 1390 1455
3 1389 1455 1454
3 1390 1391 1456
3 1390 1456 1455
3 1391 1392 1457
3 1391 1457 1456
3 1392 1393 1458
3 1392 1458 1457
3 1393 1394 1459
3 1393 1459 1458
3 1394 1395 1460
3 1394 1460 1459
3 1395 1396 1461
3 1395 1461 1460
3 1396 1397 1462
3 1396 1462 1461
3 1397 1398 1463
3 1397 1463 1462
3 1398 1399 1464
3 1398 1464 1463
3 1399 1400 1465
3 1399 1465 1464
3 1400 1401 1466
3 1400 1466 1465
3 1401 1402 1467
3 1401 1467 1466
3 1402 1403 1468
3 1402 1468 1467
3 1403 1404 1469
3 1403 1469 1468
3 1404 1405 1470
3 1404 1470 1469
3 1405 1406 1471
3 1405 1471 1470
3 1406 1407 1472
3 1406 1472 1471
3 1407 1408 1473
3 1407 1473 1472
3 1408 1409 1474
3 1408 1474 1473
3 1409 1410 1475
3 1409 1475 1474
3 1410 1411 1476
3 1410 1476 1475
3 1411 1412 1477
3 1411 1477 1476
3 1412 1413 1478
3 1412 1478 1477
3 1413 1414 1479
3 1413 1479 1478
3 1414 1415 1480
3 1414 1480 1479
3 1415 1416 1481
3 1415 1481 1480
3 1416 1417 1482
3 1416 1482 1481
3 1417 1418 1483
3 1417 1483 1482
3 1418 1419 1484
3 1418 1484 1483
3 1419 1420 1485
3 1419 1485 1484
3 1420 1421 1486
3 1420 1486 1485
3 1421 1422 1487
3 1421 1487 1486
3 1422 1423 1488
3 1422 1488 1487
3 1423 1424 1489
3 1423 1489 1488
3 1424 1425 1490
3 1424 1490 1489
3 1425 1426 1491
3 1425 1491 1490
3 1426 1427 1492
3 1426 1492 1491
3 1427 1428 1493
3 1427 1493 1492
3 1428 1429 1494
3 1428 1494 1493
3 1430 1431 1496
3 1430 1496 1495
3 1431 1432 1497
3 1431 1497 1496
3 1432 1433 1498
3 1432 1498 1497
3 1433 1434 1499
3 1433 1499 1498
3 1434 1435 1500
3 1434 1500 1499
3 1435 1436 1501
3 1435 1501 1500
3 1436 1437 1502
3 1436 1502 1501
3 1437 1438 1503
3 1437 1503 1502
3 1438 1439 1504
3 1438 1504 1503
3 1439 1440 1505
3 1439 1505 1504
3 1440 1441 1506
3 1440 1506 1505
3 1441 1442 1507
3 1441 1507 1506
3 1442 1443 1508
3 1442 1508 1507
3 1443 1444 1509
3 1443 1509 1508
3 1444 1445 1510
3 1444 1510 1509
3 1445 1446 1511
3 1445 1511 1510
3 1446 1447 1512
3 1446 1512 1511
3 1447 1448 1513
3 1447 1513 1512
3 1448 1449 1514
3 1448 1514 1513
3 1449 1450 1515
3 1449 1515 1514
3 1450 1451 1516
3 1450 1516 1515
3 1451 1452 1517
3 1451 1517 1516
3 1452 1453 1518
3 1452 1518 1517
3 1453 1454 1519
3 1453 1519 1518
3 1454 1455 1520
3 1454 1520 1519
3 1455 1456 1521
3 1455 1521 1520
3 1456 1457 1522
3 1456 1522 1521
3 1457 1458 1523
3 1457 1523 1522
3 1458 1459 1524
3 1458 1524 1523
3 1459 1460 1525
3 1459 1525 1524
3 1460 1461 1526
3 1460 1526 1525
3 1461 1462 1527
3 1461 1527 1526
3 1462 1463 1528
3 1462 1528 1527
3 1463 1464 1529
3 1463 1529 1528
3 1464 1465 1530
3 1464 1530 1529
3 1465 1466 1531
3 1465 1531 1530
3 1466 1467 1532
3 1466 1532 1531
3 1467 1468 1533
3 1467 1533 1532
3 1468 1469 1534
3 1468 1534 1533
3 1469 1470 1535
3 1469 1535 1534
3 1470 1471 1536
3 1470 1536 1535
3 1471 1472 1537
3 1471 1537 1536
3 1472 1473 1538
3 1472 1538 1537
3 1473 1474 1539
3 1473 1539 1538
3 1474 1475 1540
3 1474 1540 1539
3 1475 1476 1541
3 1475 1541 1540
3 1476 1477 1542
3 1476 1542 1541
3 1477 1478 1543
3 1477 1543 1542
3 1478 1479 1544
3 1478 1544 1543
3 1479 1480 1545
3 1479 1545 1544
3 1480 1481 1546
3 1480 1546 1545
3 1481 1482 1547
3 1481 1547 1546
3 1482 1483 1548
3 1482 1548 1547
3 1483 1484 1549
3 1483 1549 1548
3 1484 1485 1550
3 1484 1550 1549
3 1485 1486 1551
3 1485 1551 1550
3 1486 1487 1552
3 1486 1552 1551
3 1487 1488 1553
3 1487 1553 1552
3 1488 1489 1554
3 1488 1554 1553
3 1489 1490 1555
3 1489 1555 1554
3 1490 1491 1556
3 1490 1556 1555
3 1491 1492 1557
3 1491 1557 1556
3 1492 1493 1558
3 1492 1558 1557
3 1493 1494 1559
3 1493 1559 1558
3 1495 1496 1561
3 1495 1561 1560
3 1496 1497 1562
3 1496 1562 1561
3 1497 1498 1563
3 1497 1563 1562
3 1498 1499 1564
3 1498 1564 1563
3 1499 1500 1565
3 1499 1565 1564
3 1500 1501 1566
3 1500 1566 1565
3 1501 1502 1567
3 1501 1567 1566
3 1502 1503 1568
3 1502 1568 1567
3 1503 1504 1569
3 1503 1569 1568
3 1504 1505 1570
3 1504 1570 1569
3 1505 1506 1571
3 1505 1571 1570
3 1506 1507 1572
3 1506 1572 1571
3 1507 1508 1573
3 1507 1573 1572
3 1508 1509 1574
3 1508 1574 1573
3 1509 1510 1575
3 1509 1575 1574
3 1510 1511 1576
3 1510 1576 1575
3 1511 1512 1577
3 1511 1577 1576
3 1512 1513 1578
3 1512 1578 1577
3 1513 1514 1579
3 1513 1579 1578
3 1514 1515 1580
3 1514 1580 1579
3 1515 1516 1581
3 1515 1581 1580
3 1516 1517 1582
3 1516 1582 1581
3 1517 1518 1583
3 1517 1583 1582
3 1518 1519 1584
3 1518 1584 1583
3 1519 1520 1585
3 1519 1585 1584
3 1520 1521 1586
3 1520 1586 1585
3 1521 1522 1587
3 1521 1587 1586
3 1522 1523 1588
3 1522 1588 1587
3 1523 1524 1589
3 1523 1589 1588
3 1524 1525 1590
3 1524 1590 1589
3 1525 1526 1591
3 1525 1591 1590
3 1526 1527 1592
3 1526 1592 1591
3 1527 1528 1593
3 1527 1593 1592
3 1528 1529 1594
3 1528 1594 1593
3 1529 1530 1595
3 1529 1595 1594
3 1530 1531 1596
3 1530 1596 1595
3 1531 1532 1597
3 1531 1597 1596
3 1532 1533 1598
3 1532 1598 1597
3 1533 1534 1599
3 1533 1599 1598
3 1534 1535 1600
3 1534 1600 1599
3 1535 1536 1601
3 1535 1601 1600
3 1536 1537 1602
3 1536 1602 1601
3 1537 1538 1603
3 1537 1603 1602
3 1538 1539 1604
3 1538 1604 1603
3 1539 1540 1605
3 1539 1605 1604
3 1540 1541 1606
3 1540 1606 1605
3 1541 1542 1607
3 1541 1607 1606
3 1542 1543 1608
3 1542 1608 1607
3 1543 1544 1609
3 1543 1609 1608
3 1544 1545 1610
3 1544 1610 1609
3 1545 1546 1611
3 1545 1611 1610
3 1546 1547 1612
3 1546 1612 1611
3 1547 1548 1613
3 1547 1613 1612
3 1548 1549 1614
3 1548 1614 1613
3 1549 1550 1615
3 1549 1615 1614
3 1550 1551 1616
3 1550 1616 1615
3 1551 1552 1617
3 1551 1617 1616
3 1552 1553 1618
3 1552 1618 1617
3 1553 1554 1619
3 1553 1619 1618
3 1554 1555 1620
3 1554 1620 1619
3 1555 1556 1621
3 1555 1621 1620
3 1556 1557 1622
3 1556 1622 1621
3 1557 1558 1623
3 1557 1623 1622
3 1558 1559 1624
3 1558 1624 1623
3 1560 1561 1626
3 1560 1626 1625
3 1561 1562 1627
3 1561 1627 1626
3 1562 1563 1628
3 1562 1628 1627
3 1563 1564 1629
3 1563 1629 1628
3 1564 1565 1630
3 1564 1630 1629
3 1565 1566 1631
3 1565 1631 1630
3 1566 1567 1632
3 1566 1632 1631
3 1567 1568 1633
3 1567 1633 1632
3 1568 1569 1634
3 1568 1634 1633
3 1569 1570 1635
3 1569 1635 1634
3 1570 1571 1636
3 1570 1636 1635
3 1571 1572 1637
3 1571 1637 1636
3 1572 1573 1638
3 1572 1638 1637
3 1573 1574 1639
3 1573 1639 1638
3 1574 1575 1640
3 1574 1640 1639
3 1575 1576 1641
3 1575 1641 1640
3 1576 1577 1642
3 1576 1642 1641
3 1577 1578 1643
3 1577 1643 1642
3 1578 1579 1644
3 1578 1644 1643
3 1579 1580 1645
3 1579 1645 1644
3 1580 1581 1646
3 1580 1646 1645
3 1581 1582 1647
3 1581 1647 1646
3 1582 1583 1648
3 1582 1648 1647
3 1583 1584 1649
3 1583 1649 1648
3 1584 1585 1650
3 1584 1650 1649
3 1585 1586 1651
3 1585 1651 1650
3 1586 1587 1652
3 1586 1652 1651
3 1587 1588 1653
3 1587 1653 1652
3 1588 1589 1654
3 1588 1654 1653
3 1589 1590 1655
3 1589 1655 1654
3 1590 1591 1656
3 1590 1656 1655
3 1591 1592 1657
3 1591 1657 1656
3 1592 1593 1658
3 1592 1658 1657
3 1593 1594 1659
3 1593 1659 1658
3 1594 1595 1660
3 1594 1660 1659
3 1595 1596 1661
3 1595 1661 1660
3 1596 1597 1662
3 1596 1662 1661
3 1597 1598 1663
3 1597 1663 1662
3 1598 1599 1664
3 1598 1664 1663
3 1599 1600 1665
3 1599 1665 1664
3 1600 1601 1666
3 1600 1666 1665
3 1601 1602 1667
3 1601 1667 1666
3 1602 1603 1668
3 1602 1668 1667
3 1603 1604 1669
3 1603 1669 1668
3 1604 1605 1670
3 1604 1670 1669
3 1605 1606 1671
3 1605 1671 1670
3 1606 1607 1672
3 1606 1672 1671
3 1607 1608 1673
3 1607 1673 1672
3 1608 1609 1674
3 1608 1674 1673
3 1609 1610 1675
3 1609 1675 1674
3 1610 1611 1676
3 1610 1676 1675
3 1611 1612 1677
3 1611 1677 1676
3 1612 1613 1678
3 1612 1678 1677
3 1613 1614 1679
3 1613 1679 1678
3 1614 1615 1680
3 1614 1680 1679
3 1615 1616 1681
3 1615 1681 1680
3 1616 1617 1682
3 1616 1682 1681
3 1617 1618 1683
3 1617 1683 1682
3 1618 1619 1684
3 1618 1684 1683
3 1619 1620 1685
3 1619 1685 1684
3 1620 1621 1686
3 1620 1686 1685
3 1621 1622 1687
3 1621 1687 1686
3 1622 1623 1688
3 1622 1688 1687
3 1623 1624 1689
3 1623 1689 1688
3 1625 1626 1691
3 1625 1691 1690
3 1626 1627 1692
3 1626 1692 1691
3 1627 1628 1693
3 1627 1693 1692
3 1628 1629 1694
3 1628 1694 1693
3 1629 1630 1695
3 1629 1695 1694
3 1630 1631 1696
3 1630 1696 1695
3 1631 1632 1697
3 1631 1697 1696
3 1632 1633 1698
3 1632 1698 1697
3 1633 1634 1699
3 1633 1699 1698
3 1634 1635 1700
3 1634 1700 1699
3 1635 1636 1701
3 1635 1701 1700
3 1636 1637 1702
3 1636 1702 1701
3 1637 1638 1703
3 1637 1703 1702
3 1638 1639 1704
3 1638 1704 1703
3 1639 1640 1705
3 1639 1705 1704
3 1640 1641 1706
3 1640 1706 1705
3 1641 1642 1707
3 1641 1707 1706
3 1642 1643 1708
3 1642 1708 1707
3 1643 1644 1709
3 1643 1709 1708
3 1644 1645 1710
3 1644 1710 1709
3 1645 1646 1711
3 1645 1711 1710
3 1646 1647 1712
3 1646 1712 1711
3 1647 1648 1713
3 1647 1713 1712
3 1648 1649 1714
3 1648 1714 1713
3 1649 1650 1715
3 1649 1715 1714
3 1650 1651 1716
3 1650 1716 1715
3 1651 1652 1717
3 1651 1717 1716
3 1652 1653 1718
3 1652 1718 1717
3 1653 1654 1719
3 1653 1719 1718
3 1654 1655 1720
3 1654 1720 1719
3 1655 1656 1721
3 1655 1721 1720
3 1656 1657 1722
3 1656 1722 1721
3 1657 1658 1723
3 1657 1723 1722
3 1658 1659 1724
3 1658 1724 1723
3 1659 1660 1725
3 1659 1725 1724
3 1660 1661 1726
3 1660 1726 1725
3 1661 1662 1727
3 1661 1727 1726
3 1662 1663 1728
3 1662 1728 1727
3 1663 1664 1729
3 1663 1729 1728
3 1664 1665 1730
3 1664 1730 1729
3 1665 1666 1731
3 1665 1731 1730
3 1666 1667 1732
3 1666 1732 1731
3 1667 1668 1733
3 1667 1733 1732
3 1668 1669 1734
3 1668 1734 1733
3 1669 1670 1735
3 1669 1735 1734
3 1670 1671 1736
3 1670 1736 1735
3 1671 1672 1737
3 1671 1737 1736
3 1672 1673 1738
3 1672 1738 1737
3 1673 1674 1739
3 1673 1739 1738
3 1674 1675 1740
3 1674 1740 1739
3 1675 1676 1741
3 1675 1741 1740
3 1676 1677 1742
3 1676 1742 1741
3 1677 1678 1743
3 1677 1743 1742
3 1678 1679 1744
3 1678 1744 1743
3 1679 1680 1745
3 1679 1745 1744
3 1680 1681 1746
3 1680 1746 1745
3 1681 1682 1747
3 1681 1747 1746
3 1682 1683 1748
3 1682 1748 1747
3 1683 1684 1749
3 1683 1749 1748
3 1684 1685 1750
3 1684 1750 1749
3 1685 1686 1751
3 1685 1751 1750
3 1686 1687 1752
3 1686 1752 1751
3 1687 1688 1753
3 1687 1753 1752
3 1688 1689 1754
3 1688 1754 1753
3 1690 1691 1756
3 1690 1756 1755
3 1691 1692 1757
3 1691 1757 1756
3 1692 1693 1758
3 1692 1758 1757
3 1693 1694 1759
3 1693 1759 1758
3 1694 1695 1760
3 1694 1760 1759
3 1695 1696 1761
3 1695 1761 1760
3 1696 1697 1762
3 1696 1762 1761
3 1697 1698 1763
3 1697 1763 1762
3 1698 1699 1764
3 1698 1764 1763
3 1699 1700 1765
3 1699 1765 1764
3 1700 1701 1766
3 1700 1766 1765
3 1701 1702 1767
3 1701 1767 1766
3 1702 1703 1768
3 1702 1768 1767
3 1703 1704 1769
3 1703 1769 1768
3 1704 1705 1770
3 1704 1770 1769
3 1705 1706 1771
3 1705 1771 1770
3 1706 1707 1772
3 1706 1772 1771
3 1707 1708 1773
3 1707 1773 1772
3 1708 1709 1774
3 1708 1774 1773
3 1709 1710 1775
3 1709 1775 1774
3 1710 1711 1776
3 1710 1776 1775
3 1711 1712 1777
3 1711 1777 1776
3 1712 1713 1778
3 1712 1778 1777
3 1713 1714 1779
3 1713 1779 1778
3 1714 1715 1780
3 1714 1780 1779
3 1715 1716 1781
3 1715 1781 1780
3 1716 1717 1782
3 1716 1782 1781
3 1717 1718 1783
3 1717 1783 1782
3 1718 1719 1784
3 1718 1784 1783
3 1719 1720 1785
3 1719 1785 1784
3 1720 1721 1786
3 1720 1786 1785
3 1721 1722 1787
3 1721 1787 1786
3 1722 1723 1788
3 1722 1788 1787
3 1723 1724 1789
3 1723 1789 1788
3 1724 1725 1790
3 1724 1790 1789
3 1725 1726 1791
3 1725 1791 1790
3 1726 1727 1792
3 1726 1792 1791
3 1727 1728 1793
3 1727 1793 1792
3 1728 1729 1794
3 1728 1794 1793
3 1729 1730 1795
3 1729 1795 1794
3 1730 1731 1796
3 1730 1796 1795
3 1731 1732 1797
3 1731 1797 1796
3 1732 1733 1798
3 1732 1798 1797
3 1733 1734 1799
3 1733 1799 1798
3 1734 1735 1800
3 1734 1800 1799
3 1735 1736 1801
3 1735 1801 1800
3 1736 1737 1802
3 1736 1802 1801
3 1737 1738 1803
3 1737 1803 1802
3 1738 1739 1804
3 1738 1804 1803
3 1739 1740 1805
3 1739 1805 1804
3 1740 1741 1806
3 1740 1806 1805
3 1741 1742 1807
3 1741 1807 1806
3 1742 1743 1808
3 1742 1808 1807
3 1743 1744 1809
3 1743 1809 1808
3 1744 1745 1810
3 1744 1810 1809
3 1745 1746 1811
3 1745 1811 1810
3 1746 1747 1812
3 1746 1812 1811
3 1747 1748 1813
3 1747 1813 1812
3 1748 1749 1814
3 1748 1814 1813
3 1749 1750 1815
3 1749 1815 1814
3 1750 1751 1816
3 1750 1816 1815
3 1751 1752 1817
3 1751 1817 1816
3 1752 1753 1818
3 1752 1818 1817
3 1753 1754 1819
3 1753 1819 1818
3 1755 1756 1821
3 1755 1821 1820
3 1756 1757 1822
3 1756 1822 1821
3 1757 1758 1823
3 1757 1823 1822
3 1758 1759 1824
3 1758 1824 1823
3 1759 1760 1825
3 1759 1825 1824
3 1760 1761 1826
3 1760 1826 1825
3 1761 1762 1827
3 1761 1827 1826
3 1762 1763 1828
3 1762 1828 1827
3 1763 1764 1829
3 1763 1829 1828
3 1764 1765 1830
3 1764 1830 1829
3 1765 1766 1831
3 1765 1831 1830
3 1766 1767 1832
3 1766 1832 1831
3 1767 1768 1833
3 1767 1833 1832
3 1768 1769 1834
3 1768 1834 1833
3 1769 1770 1835
3 1769 1835 1834
3 1770 1771 1836
3 1770 1836 1835
3 1771 1772 1837
3 1771 1837 1836
3 1772 1773 1838
3 1772 1838 1837
3 1773 1774 1839
3 1773 1839 1838
3 1774 1775 1840
3 1774 1840 1839
3 1775 1776 1841
3 1775 1841 1840
3 1776 1777 1842
3 1776 1842 1841
3 1777 1778 1843
3 1777 1843 1842
3 1778 1779 1844
3 1778 1844 1843
3 1779 1780 1845
3 1779 1845 1844
3 1780 1781 1846
3 1780 1846 1845
3 1781 1782 1847
3 1781 1847 1846
3 1782 1783 1848
3 1782 1848 1847
3 1783 1784 1849
3 1783 1849 1848
3 1784 1785 1850
3 1784 1850 1849
3 1785 1786 1851
3 1785 1851 1850
3 1786 1787 1852
3 1786 1852 1851
3 1787 1788 1853
3 1787 1853 1852
3 1788 1789 1854
3 1788 1854 1853
3 1789 1790 1855
3 1789 1855 1854
3 1790 1791 1856
3 1790 1856 1855
3 1791 1792 1857
3 1791 1857 1856
3 1792 1793 1858
3 1792 1858 1857
3 1793 1794 1859
3 1793 1859 1858
3 1794 1795 1860
3 1794 1860 1859
3 1795 1796 1861
3 1795 1861 1860
3 1796 1797 1862
3 1796 1862 1861
3 1797 1798 1863
3 1797 1863 1862
3 1798 1799 1864
3 1798 1864 1863
3 1799 1800 1865
3 1799 1865 1864
3 1800 1801 1866
3 1800 1866 1865
3 1801 1802 1867
3 1801 1867 1866
3 1802 1803 1868
3 1802 1868 1867
3 1803 1804 1869
3 1803 1869 1868
3 1804 1805 1870
3 1804 1870 1869
3 1805 1806 1871
3 1805 1871 1870
3 1806 1807 1872
3 1806 1872 1871
3 1807 1808 1873
3 1807 1873 1872
3 1808 1809 1874
3 1808 1874 1873
3 1809 1810 1875
3 1809 1875 1874
3 1810 1811 1876
3 1810 1876 1875
3 1811 1812 1877
3 1811 1877 1876
3 1812 1813 1878
3 1812 1878 1877
3 1813 1814 1879
3 1813 1879 1878
3 1814 1815 1880
3 1814 1880 1879
3 1815 1816 1881
3 1815 1881 1880
3 1816 1817 1882
3 1816 1882 1881
3 1817 1818 1883
3 1817 1883 1882
3 1818 1819 1884
3 1818 1884 1883
3 1820 1821 1886
3 1820 1886 1885
3 1821 1822 1887
3 1821 1887 1886
3 1822 1823 1888
3 1822 1888 1887
3 1823 1824 1889
3 1823 1889 1888
3 1824 1825 1890
3 1824 1890 1889
3 1825 1826 1891
3 1825 1891 1890
3 1826 1827 1892
3 1826 1892 1891
3 1827 1828 1893
3 1827 1893 1892
3 1828 1829 1894
3 1828 1894 1893
3 1829 1830 1895
3 1829 1895 1894
3 1830 1831 1896
3 1830 1896 1895
3 1831 1832 1897
3 1831 1897 1896
3 1832 1833 1898
3 1832 1898 1897
3 1833 1834 1899
3 1833 1899 1898
3 1834 1835 1900
3 1834 1900 1899
3 1835 1836 1901
3 1835 1901 1900
3 1836 1837 1902
3 1836 1902 1901
3 1837 1838 1903
3 1837 1903 1902
3 1838 1839 1904
3 1838 1904 1903
3 1839 1840 1905
3 1839 1905 1904
3 1840 1841 1906
3 1840 1906 1905
3 1841 1842 1907
3 1841 1907 1906
3 1842 1843 1908
3 1842 1908 1907
3 1843 1844 1909
3 1843 1909 1908
3 1844 1845 1910
3 1844 1910 1909
3 1845 1846 1911
3 1845 1911 1910
3 1846 1847 1912
3 1846 1912 1911
3 1847 1848 1913
3 1847 1913 1912
3 1848 1849 1914
3 1848 1914 1913
3 1849 1850 1915
3 1849 1915 1914
3 1850 1851 1916
3 1850 1916 1915
3 1851 1852 1917
3 1851 1917 1916
3 1852 1853 1918
3 1852 1918 1917
3 1853 1854 1919
3 1853 1919 1918
3 1854 1855 1920
3 1854 1920 1919
3 1855 1856 1921
3 1855 1921 1920
3 1856 1857 1922
3 1856 1922 1921
3 1857 1858 1923
3 1857 1923 1922
3 1858 1859 1924
3 1858 1924 1923
3 1859 1860 1925
3 1859 1925 1924
3 1860 1861 1926
3 1860 1926 1925
3 1861 1862 1927
3 1861 1927 1926
3 1862 1863 1928
3 1862 1928 1927
3 1863 1864 1929
3 1863 1929 1928
3 1864 1865 1930
3 1864 1930 1929
3 1865 1866 1931
3 1865 1931 1930
3 1866 1867 1932
3 1866 1932 1931
3 1867 1868 1933
3 1867 1933 1932
3 1868 1869 1934
3 1868 1934 1933
3 1869 1870 1935
3 1869 1935 1934
3 1870 1871 1936
3 1870 1936 1935
3 1871 1872 1937
3 1871 1937 1936
3 1872 1873 1938
3 1872 1938 1937
3 1873 1874 1939
3 1873 1939 1938
3 1874 1875 1940
3 1874 1940 1939
3 1875 1876 1941
3 1875 1941 1940
3 1876 1877 1942
3 1876 1942 1941
3 1877 1878 1943
3 1877 1943 1942
3 1878 1879 1944
3 1878 1944 1943
3 1879 1880 1945
3 1879 1945 1944
3 1880 1881 1946
3 1880 1946 1945
3 1881 1882 1947
3 1881 1947 1946
3 1882 1883 1948
3 1882 1948 1947
3 1883 1884 1949
3 1883 1949 1948
3 1885 1886 1951
3 1885 1951 1950
3 1886 1887 1952
3 1886 1952 1951
3 1887 1888 1953
3 1887 1953 1952
3 1888 1889 1954
3 1888 1954 1953
3 1889 1890 1955
3 1889 1955 1954
3 1890 1891 1956
3 1890 1956 1955
3 1891 1892 1957
3 1891 1957 1956
3 1892 1893 1958
3 1892 1958 1957
3 1893 1894 1959
3 1893 1959 1958
3 1894 1895 1960
3 1894 1960 1959
3 1895 1896 1961
3 1895 1961 1960
3 1896 1897 1962
3 1896 1962 1961
3 1897 1898 1963
3 1897 1963 1962
3 1898 1899 1964
3 1898 1964 1963
3 1899 1900 1965
3 1899 1965 1964
3 1900 1901 1966
3 1900 1966 1965
3 1901 1902 1967
3 1901 1967 1966
3 1902 1903 1968
3 1902 1968 1967
3 1903 1904 1969
3 1903 1969 1968
3 1904 1905 1970
3 1904 1970 1969
3 1905 1906 1971
3 1905 1971 1970
3 1906 1907 1972
3 1906 1972 1971
3 1907 1908 1973
3 1907 1973 1972
3 1908 1909 1974
3 1908 1974 1973
3 1909 1910 1975
3 1909 1975 1974
3 1910 1911 1976
3 1910 1976 1975
3 1911 1912 1977
3 1911 1977 1976
3 1912 1913 1978
3 1912 1978 1977
3 1913 1914 1979
3 1913 1979 1978
3 1914 1915 1980
3 1914 1980 1979
3 1915 1916 1981
3 1915 1981 1980
3 1916 1917 1982
3 1916 1982 1981
3 1917 1918 1983
3 1917 1983 1982
3 1918 1919 1984
3 1918 1984 1983
3 1919 1920 1985
3 1919 1985 1984
3 1920 1921 1986
3 1920 1986 1985
3 1921 1922 1987
3 1921 1987 1986
3 1922 1923 1988
3 1922 1988 1987
3 1923 1924 1989
3 1923 1989 1988
3 1924 1925 1990
3 1924 1990 1989
3 1925 1926 1991
3 1925 1991 1990
3 1926 1927 1992
3 1926 1992 1991
3 1927 1928 1993
3 1927 1993 1992
3 1928 1929 1994
3 1928 1994 1993
3 1929 1930 1995
3 1929 1995 1994
3 1930 1931 1996
3 1930 1996 1995
3 1931 1932 1997
3 1931 1997 1996
3 1932 1933 1998
3 1932 1998 1997
3 1933 1934 1999
3 1933 1999 1998
3 1934 1935 2000
3 1934 2000 1999
3 1935 1936 2001
3 1935 2001 2000
3 1936 1937 2002
3 1936 2002 2001
3 1937 1938 2003
3 1937 2003 2002
3 1938 1939 2004
3 1938 2004 2003
3 1939 1940 2005
3 1939 2005 2004
3 1940 1941 2006
3 1940 2006 2005
3 1941 1942 2007
3 1941 2007 2006
3 1942 1943 2008
3 1942 2008 2007
3 1943 1944 2009
3 1943 2009 2008
3 1944 1945 2010
3 1944 2010 2009
3 1945 1946 2011
3 1945 2011 2010
3 1946 1947 2012
3 1946 2012 2011
3 1947 1948 2013
3 1947 2013 2012
3 1948 1949 2014
3 1948 2014 2013
3 1950 1951 2016
3 1950 2016 2015
3 1951 1952 2017
3 1951 2017 2016
3 1952 1953 2018
3 1952 2018 2017
3 1953 1954 2019
3 1953 2019 2018
3 1954 1955 2020
3 1954 2020 2019
3 1955 1956 2021
3 1955 2021 2020
3 1956 1957 2022
3 1956 2022 2021
3 1957 1958 2023
3 1957 2023 2022
3 1958 1959 2024
3 1958 2024 2023
3 1959 1960 2025
3 1959 2025 2024
3 1960 1961 2026
3 1960 2026 2025
3 1961 1962 2027
3 1961 2027 2026
3 1962 1963 2028
3 1962 2028 2027
3 1963 1964 2029
3 1963 2029 2028
3 1964 1965 2030
3 1964 2030 2029
3 1965 1966 2031
3 1965 2031 2030
3 1966 1967 2032
3 1966 2032 2031
3 1967 1968 2033
3 1967 2033 2032
3 1968 1969 2034
3 1968 2034 2033
3 1969 1970 2035
3 1969 2035 2034
3 1970 1971 2036
3 1970 2036 2035
3 1971 1972 2037
3 1971 2037 2036
3 1972 1973 2038
3 1972 2038 2037
3 1973 1974 2039
3 1973 2039 2038
3 1974 1975 2040
3 1974 2040 2039
3 1975 1976 2041
3 1975 2041 2040
3 1976 1977 2042
3 1976 2042 2041
3 1977 1978 2043
3 1977 2043 2042
3 1978 1979 2044
3 1978 2044 2043
3 1979 1980 2045
3 1979 2045 2044
3 1980 1981 2046
3 1980 2046 2045
3 1981 1982 2047
3 1981 2047 2046
3 1982 1983 2048
3 1982 2048 2047
3 1983 1984 2049
3 1983 2049 2048
3 1984 1985 2050
3 1984 2050 2049
3 1985 1986 2051
3 1985 2051 2050
3 1986 1987 2052
3 1986 2052 2051
3 1987 1988 2053
3 1987 2053 2052
3 1988 1989 2054
3 1988 2054 2053
3 1989 1990 2055
3 1989 2055 2054
3 1990 1991 2056
3 1990 2056 2055
3 1991 1992 2057
3 1991 2057 2056
3 1992 1993 2058
3 1992 2058 2057
3 1993 1994 2059
3 1993 2059 2058
3 1994 1995 2060
3 1994 2060 2059
3 1995 1996 2061
3 1995 2061 2060
3 1996 1997 2062
3 1996 2062 2061
3 1997 1998 2063
3 1997 2063 2062
3 1998 1999 2064
3 1998 2064 2063
3 1999 2000 2065
3 1999 2065 2064
3 2000 2001 2066
3 2000 2066 2065
3 2001 2002 2067
3 2001 2067 2066
3 2002 2003 2068
3 2002 2068 2067
3 2003 2004 2069
3 2003 2069 2068
3 2004 2005 2070
3 2004 2070 2069
3 2005 2006 2071
3 2005 2071 2070
3 2006 2007 2072
3 2006 2072 2071
3 2007 2008 2073
3 2007 2073 2072
3 2008 2009 2074
3 2008 2074 2073
3 2009 2010 2075
3 2009 2075 2074
3 2010 2011 2076
3 2010 2076 2075
3 2011 2012 2077
3 2011 2077 2076
3 2012 2013 2078
3 2012 2078 2077
3 2013 2014 2079
3 2013 2079 2078
3 2015 2016 2081
3 2015 2081 2080
3 2016 2017 2082
3 2016 2082 2081
3 2017 2018 2083
3 2017 2083 2082
3 2018 2019 2084
3 2018 2084 2083
3 2019 2020 2085
3 2019 2085 2084
3 2020 2021 2086
3 2020 2086 2085
3 2021 2022 2087
3 2021 2087 2086
3 2022 2023 2088
3 2022 2088 2087
3 2023 2024 2089
3 2023 2089 2088
3 2024 2025 2090
3 2024 2090 2089
3 2025 2026 2091
3 2025 2091 2090
3 2026 2027 2092
3 2026 2092 2091
3 2027 2028 2093
3 2027 2093 2092
3 2028 2029 2094
3 2028 2094 2093
3 2029 2030 2095
3 2029 2095 2094
3 2030 2031 2096
3 2030 2096 2095
3 2031 2032 2097
3 2031 2097 2096
3 2032 2033 2098
3 2032 2098 2097
3 2033 2034 2099
3 2033 2099 2098
3 2034 2035 2100
3 2034 2100 2099
3 2035 2036 2101
3 2035 2101 2100
3 2036 2037 2102
3 2036 2102 2101
3 2037 2038 2103
3 2037 2103 2102
3 2038 2039 2104
3 2038 2104 2103
3 2039 2040 2105
3 2039 2105 2104
3 2040 2041 2106
3 2040 2106 2105
3 2041 2042 2107
3 2041 2107 2106
3 2042 2043 2108
3 2042 2108 2107
3 2043 2044 2109
3 2043 2109 2108
3 2044 2045 2110
3 2044 2110 2109
3 2045 2046 2111
3 2045 2111 2110
3 2046 2047 2112
3 2046 2112 2111
3 2047 2048 2113
3 2047 2113 2112
3 2048 2049 2114
3 2048 2114 2113
3 2049 2050 2115
3 2049 2115 2114
3 2050 2051 2116
3 2050 2116 2115
3 2051 2052 2117
3 2051 2117 2116
3 2052 2053 2118
3 2052 2118 2117
3 2053 2054 2119
3 2053 2119 2118
3 2054 2055 2120
3 2054 2120 2119
3 2055 2056 2121
3 2055 2121 2120
3 2056 2057 2122
3 2056 2122 2121
3 2057 2058 2123
3 2057 2123 2122
3 2058 2059 2124
3 2058 2124 2123
3 2059 2060 2125
3 2059 2125 2124
3 2060 2061 2126
3 2060 2126 2125
3 2061 2062 2127
3 2061 2127 2126
3 2062 2063 2128
3 2062 2128 2127
3 2063 2064 2129
3 2063 2129 2128
3 2064 2065 2130
3 2064 2130 2129
3 2065 2066 2131
3 2065 2131 2130
3 2066 2067 2132
3 2066 2132 2131
3 2067 2068 2133
3 2067 2133 2132
3 2068 2069 2134
3 2068 2134 2133
3 2069 2070 2135
3 2069 2135 2134
3 2070 2071 2136
3 2070 2136 2135
3 2071 2072 2137
3 2071 2137 2136
3 2072 2073 2138
3 2072 2138 2137
3 2073 2074 2139
3 2073 2139 2138
3 2074 2075 2140
3 2074 2140 2139
3 2075 2076 2141
3 2075 2141 2140
3 2076 2077 2142
3 2076 2142 2141
3 2077 2078 2143
3 2077 2143 2142
3 2078 2079 2144
3 2078 2144 2143
